smiles,new_descriptors_added
CCC(=O)C(=O)O,"['empyreumatic', 'cooked', 'dairy', 'cooked sugar']"
O=C(O)CCc1ccccc1,"['animal', 'musky', 'spicy', 'chemical', 'phenolic', 'bush flower', 'woody', 'medicinal']"
OCc1ccc(O)cc1,"['bitter almond', 'oleaginous', 'lactone', 'dried fruit', 'vegetal', 'coumarin', 'balsamic', 'chemical', 'dry vegetal', 'fatty', 'fresh', 'tropical fruit', 'woody']"
O=Cc1ccc(O)cc1,"['oleaginous', 'fruity', 'dried fruit', 'vegetal', 'mineral', 'honeyed', 'bitter almond', 'fatty', 'metal', 'dry vegetal']"
O=C(O)c1ccc(O)cc1,"['fatty', 'fruity', 'dried fruit', 'oleaginous']"
CC=O,"['fermented', 'dried fruit', 'vegetal', 'chemical', 'phenolic', 'solvent', 'green vegetal', 'fatty', 'oleaginous', 'medicinal']"
CC(C)=O,"['fruity', 'chemical', 'fresh', 'fruit with pip']"
O=Cc1ccccc1,"['dried fruit', 'red berry', 'floral', 'bitter almond', 'fatty', 'oleaginous']"
O=C(O)c1ccccc1,"['empyreumatic', 'woody', 'sweet']"
OCc1ccccc1,"['nutty', 'dried fruit', 'bitter almond', 'fatty', 'bush flower', 'woody', 'oleaginous']"
CCCC=O,"['fermented', 'empyreumatic', 'dairy', 'vegetal', 'roasted', 'green vegetal', 'fresh', 'malt', 'milky', 'sweet']"
CCCCO,"['floral', 'fermented drink', 'chemical', 'phenolic', 'alcoholic beverages', 'fatty', 'fresh', 'woody', 'medicinal']"
CCCC(=O)O,"['fatty', 'fermented']"
CC(C)c1ccc(CO)cc1,"['animal', 'phenolic', 'fatty']"
CC(C)c1ccc(C=O)cc1,"['green vegetal', 'fresh', 'vegetal']"
C=Cc1ccc(O)c(OC)c1,"['empyreumatic', 'floral', 'chemical', 'smoked', 'medicinal']"
Cc1ccccc1O,"['animal', 'chemical', 'fermented']"
Cc1cccc(O)c1,"['animal', 'chemical']"
CCCCCCCC(=O)O,"['fermented', 'dairy', 'vegetal']"
CCCCCCCC=O,"['green vegetal', 'vegetal']"
COc1ccccc1O,"['empyreumatic', 'balsamic', 'chemical', 'smoked']"
CCC=O,"['roasted', 'solvent', 'green vegetal', 'oleaginous', 'fermented', 'fruity', 'empyreumatic', 'floral', 'vegetal', 'dried fruit', 'fermented drink', 'chemical', 'balsamic', 'fruit with pip', 'fresh', 'alcoholic beverages', 'phenolic', 'fatty', 'barrel aged alcohol', 'malt', 'woody', 'sweet', 'medicinal']"
CSCCC(=O)O,"['fermented', 'empyreumatic', 'dairy', 'vegetal', 'green vegetal', 'fresh', 'malt']"
CC(O)C(=O)O,"['dairy', 'fatty']"
CC(=O)C(C)=O,"['empyreumatic', 'cooked', 'dairy', 'fatty', 'cooked sugar']"
O=C1CCc2ccccc2O1,"['dairy', 'oleaginous', 'lactone', 'fruity', 'dried fruit', 'vegetal', 'chemical', 'dry vegetal', 'fresh', 'phenolic', 'fatty', 'tropical fruit', 'woody', 'medicinal']"
O=C(CO)CO,"['vegetal', 'green vegetal', 'fresh', 'aromatic plant']"
CCO,"['chemical', 'phenolic', 'solvent', 'fresh']"
c1ccc2[nH]ccc2c1,"['fermented', 'dairy']"
O=C(O)C(O)C(O)C(=O)O,"['sweet', 'empyreumatic', 'cooked', 'cooked sugar']"
CS,"['cruciferous', 'dairy', 'vegetal', 'fatty', 'sulphur']"
CC(=O)C=O,"['empyreumatic', 'cooked', 'chemical', 'balsamic', 'solvent', 'fresh', 'alcoholic beverages', 'barrel aged alcohol', 'woody', 'cooked sugar']"
c1ccc2ccccc2c1,"['vegetal', 'mint', 'chemical', 'phenolic', 'green vegetal', 'fresh', 'medicinal']"
CCCCCCCCO,"['green vegetal', 'bush flower', 'earthy', 'oleaginous', 'lactone', 'fermented', 'fruity', 'musty', 'dried fruit', 'vegetal', 'coumarin', 'balsamic', 'dry vegetal', 'fresh', 'tropical fruit', 'woody']"
O=C(O)C(=O)CO,"['vegetable', 'root', 'empyreumatic', 'cruciferous', 'dairy', 'vegetal', 'fatty', 'sulphur', 'earthy']"
CCCCCCCCCCCCCCCC(=O)O,['dairy']
NC(Cc1ccccc1)C(=O)O,"['empyreumatic', 'dairy', 'roasted', 'malt', 'milky', 'sweet']"
Oc1ccccc1,['chemical']
O=C(O)C(=O)Cc1ccccc1,"['oleaginous', 'empyreumatic', 'fruity', 'cooked', 'nutty', 'vegetal', 'dried fruit', 'honeyed', 'bitter almond', 'green vegetal', 'fresh', 'fatty', 'cooked sugar']"
O=CCc1ccccc1,"['empyreumatic', 'dairy', 'vegetal', 'roasted', 'honeyed', 'green vegetal', 'fresh', 'bush flower', 'garden flower', 'malt', 'milky']"
O=C(O)Cc1ccccc1,"['empyreumatic', 'dairy', 'vegetal', 'cocoa', 'roasted', 'honeyed', 'dry vegetal', 'bush flower', 'malt', 'milky']"
CCCO,"['chemical', 'phenolic', 'fruit with pip', 'solvent', 'fresh', 'medicinal']"
CCC(=O)O,['fermented']
c1ccncc1,['empyreumatic']
CC(=O)C(=O)O,"['sweet', 'empyreumatic', 'cooked', 'cooked sugar']"
CSC,"['root', 'empyreumatic', 'cruciferous', 'dairy', 'vegetal', 'alliaceous', 'green vegetal', 'fresh', 'sulphur', 'earthy']"
C1CCSC1,"['vegetable', 'empyreumatic', 'cruciferous', 'vegetal', 'sulphur']"
Cc1ncsc1CCO,"['empyreumatic', 'fruity', 'dried fruit', 'oleaginous']"
CN(C)C,"['animal', 'fatty']"
COc1cc(C=O)ccc1O,"['empyreumatic', 'dairy', 'cocoa', 'roasted', 'balsamic', 'malt', 'milky', 'woody']"
CC1CCC(C(C)C)C(O)C1,"['wood', 'fermented', 'vegetal', 'chemical', 'phenolic', 'green vegetal', 'fresh', 'aromatic plant', 'dry vegetal', 'resinous', 'medicinal']"
COc1cc(C(C)=O)ccc1O,"['balsamic', 'woody']"
O=C(OCc1ccccc1)c1ccccc1,"['fatty', 'woody']"
S=C=NCc1ccccc1,"['sulphur', 'cruciferous', 'vegetal', 'chemical', 'phenolic', 'fatty', 'root', 'earthy']"
CC12CCC(CC1=O)C2(C)C,"['vegetal', 'chemical', 'green vegetal', 'aromatic plant']"
CCCCCCCCCCCCCCCCO,['fatty']
CC12CCC(CC1)C(C)(C)O2,"['vegetal', 'mint', 'chemical', 'phenolic', 'green vegetal']"
Cc1ccc(O)cc1,"['chemical', 'empyreumatic', 'smoked']"
CCCCCCCCCC(=O)O,"['fermented', 'fruity']"
CCCCCCCCC(=O)NCc1ccc(O)c(OC)c1,['empyreumatic']
O=C(c1ccccc1)c1ccccc1,"['floral', 'mineral', 'metal', 'bush flower', 'garden flower', 'woody', 'sweet']"
C=CCc1ccc(O)c(OC)c1,"['empyreumatic', 'chemical', 'smoked', 'medicinal']"
O=CCCCC=O,"['vegetal', 'chemical', 'phenolic', 'green vegetal', 'fresh', 'fruit with pip']"
CC(C)O,"['chemical', 'phenolic', 'solvent', 'fresh', 'fermented', 'medicinal']"
CCCCCCCCCCCC(=O)O,"['oleaginous', 'fruity', 'dried fruit', 'vegetal', 'coumarin', 'balsamic', 'dry vegetal', 'tropical fruit', 'woody', 'sweet', 'lactone']"
COC(=O)c1ccccc1O,"['vegetal', 'chemical', 'green vegetal', 'fresh', 'aromatic plant', 'medicinal']"
C=CCc1cc(OC)c2c(c1)OCO2,['sweet']
Oc1cccc(O)c1,"['oleaginous', 'fermented', 'fruity', 'floral', 'dairy', 'dried fruit', 'balsamic', 'bush flower', 'fatty', 'woody', 'sweet']"
C=CCc1ccc2c(c1)OCO2,['fresh']
CC(=O)OCC(COC(C)=O)OC(C)=O,"['chemical', 'solvent', 'fresh', 'dairy']"
NCCc1ccc(O)cc1,"['fermented', 'empyreumatic', 'dairy', 'smoked']"
NC(=O)CCC(N)C(=O)O,"['fatty', 'empyreumatic', 'malt', 'dairy', 'roasted']"
CCCC(=O)OCC(COC(=O)CCC)OC(=O)CCC,"['fermented', 'dairy']"
OCCc1ccccc1,"['honeyed', 'bush flower']"
CCCCCC=O,"['animal', 'fresh aldehydic', 'vegetal', 'green vegetal']"
CCCCCO,"['empyreumatic', 'floral', 'fermented drink', 'chemical', 'phenolic', 'alcoholic beverages', 'fatty', 'fresh', 'woody', 'medicinal']"
CCN,"['dairy', 'fermented']"
CCS,"['empyreumatic', 'vegetal', 'alliaceous', 'sulphur']"
CC(C)N,"['dairy', 'fermented']"
CC(C)S,"['vegetable', 'vegetal', 'sulphur']"
CC(C)(C)O,"['animal', 'vegetal', 'mint', 'chemical', 'phenolic', 'solvent', 'fresh', 'green vegetal', 'medicinal']"
CC(C)(C)S,['empyreumatic']
CCC(C)(C)O,"['animal', 'vegetal', 'mint', 'chemical', 'phenolic', 'fresh', 'green vegetal', 'medicinal']"
CC(C)(O)C(C)(C)O,"['vegetal', 'chemical', 'solvent', 'fresh', 'green vegetal', 'aromatic plant']"
CC(=O)OC1CC2CCC1(C)C2(C)C,"['wood', 'vegetal', 'mint', 'chemical', 'phenolic', 'green vegetal', 'resinous', 'medicinal']"
CC(=O)OC1(C)CCC23CC1C(C)(C)C2CCC3C,"['animal', 'wood', 'floral', 'vegetal', 'phenolic', 'green vegetal', 'resinous']"
CCC(C)(O)CC,"['vegetal', 'mint', 'chemical', 'phenolic', 'green vegetal', 'fresh', 'medicinal']"
CCOC(=O)C1OC1(C)c1ccccc1,"['honeyed', 'red berry']"
CCCCOC(=O)CC(CC(=O)OCCCC)(OC(C)=O)C(=O)OCCCC,"['chemical', 'alcoholic beverages', 'fermented', 'floral', 'fermented drink']"
CCOC(=O)CC(O)(CC(=O)OCC)C(=O)OCC,"['fermented', 'floral', 'fermented drink', 'chemical', 'alcoholic beverages', 'stone fruit']"
C=CC(C)(CCC=C(C)C)OC(=O)C(C)C,"['lemony', 'fresh', 'bush flower']"
CC1=CC(=O)CC(C)(C)C1,"['wood', 'animal', 'honeyed', 'green vegetal', 'aromatic plant', 'resinous', 'fermented', 'vegetal', 'chemical', 'phenolic', 'dry vegetal', 'fresh', 'medicinal']"
CCC(C)(O)CCCC(C)C,"['fruity', 'garden flower', 'lemony']"
C=CC(C)(O)CCC=C(C)C,"['fruity', 'vegetal', 'green vegetal', 'bush flower']"
CC(C)CN,"['dairy', 'fermented']"
CC(C)CO,"['animal', 'floral', 'fermented drink', 'chemical', 'solvent', 'fresh', 'alcoholic beverages']"
CC(C)C=O,"['fermented', 'empyreumatic', 'dairy', 'vegetal', 'cocoa', 'roasted', 'green vegetal', 'fatty', 'tropical fruit', 'malt', 'milky', 'sweet']"
CCC(C)O,"['floral', 'fermented drink', 'chemical', 'phenolic', 'alcoholic beverages', 'fatty', 'fresh', 'stone fruit', 'medicinal', 'lactone']"
CCC(C)=O,"['vegetal', 'mint', 'chemical', 'phenolic', 'fresh', 'green vegetal', 'medicinal']"
C=CC(C)=O,"['chemical', 'solvent', 'fresh', 'sulphur']"
COC(C)=O,"['fermented', 'floral', 'fermented drink', 'chemical', 'balsamic', 'fresh', 'alcoholic beverages', 'barrel aged alcohol', 'woody']"
CC(C)C(=O)O,"['fatty', 'fermented']"
C=C1C2CCC(C2)C1(C)C,"['wood', 'fruity', 'vegetal', 'chemical', 'phenolic', 'green vegetal', 'fatty', 'aromatic plant', 'resinous', 'medicinal']"
CC(=O)OC(C)(C)C1CCC(C)CC1,"['wood', 'lemony', 'vegetal', 'phenolic', 'resinous']"
CC1=CCC2CC1C2(C)C,"['wood', 'vegetal', 'chemical', 'phenolic', 'green vegetal', 'aromatic plant', 'resinous', 'medicinal']"
C=C(C)C(=O)OC,['fruit with pip']
COc1c(C(C)(C)C)cc([N+](=O)[O-])c(C)c1[N+](=O)[O-],"['animal', 'musky', 'fermented']"
CNc1ccccc1C(=O)OC,"['fermented', 'fermented drink', 'chemical', 'citrus', 'alcoholic beverages']"
CC(C)COC(=O)c1ccccc1O,"['green vegetal', 'fresh', 'vegetal']"
CC(C)CCOC(=O)c1ccccc1O,"['vegetal', 'spicy', 'chemical', 'phenolic', 'green vegetal', 'fresh', 'metal', 'mineral', 'medicinal']"
CCOC(=O)c1ccccc1N,"['citrus', 'fruit with pip', 'green vegetal', 'fresh', 'vegetal']"
O=C1OCc2ccccc21,"['bitter almond', 'oleaginous', 'fruity', 'nutty', 'dried fruit', 'vegetal', 'floral', 'balsamic', 'dry vegetal', 'fresh', 'fatty', 'tropical fruit', 'woody']"
CCC(CC)C(=O)O,"['fermented', 'dried fruit', 'fatty', 'oleaginous']"
Cc1ccc(C(C)(C)C)c(O)c1,"['phenolic', 'empyreumatic', 'smoked']"
CC(C)c1ccccc1O,"['empyreumatic', 'chemical', 'fresh', 'smoked']"
CC(C)=C1CCC(C)C2=C(C1)C(C)CC2,['floral']
CC(=O)c1ccc(C)cc1C,"['vegetal', 'balsamic', 'dry vegetal', 'fresh', 'green vegetal', 'aromatic plant', 'lactone']"
CC1=CC(=O)C(C(C)C)CC1,"['vegetal', 'chemical', 'phenolic', 'green vegetal', 'aromatic plant']"
Cc1ccc(C(C)C)c(O)c1,"['vegetal', 'mint', 'chemical', 'green vegetal', 'fresh']"
O=Cc1ccccc1O,"['fruity', 'nutty', 'dried fruit', 'sweet', 'chemical', 'bitter almond', 'fatty', 'woody', 'oleaginous']"
Cc1cccc2ccccc12,"['fermented', 'vegetal', 'mint', 'chemical', 'phenolic', 'green vegetal', 'fresh']"
COc1cccc(OC)c1O,"['empyreumatic', 'floral', 'chemical', 'smoked']"
COc1ccccc1OC,"['oleaginous', 'fermented', 'fruity', 'dairy', 'dried fruit', 'balsamic', 'fatty', 'woody']"
c1ccc2ncccc2c1,"['fermented', 'vegetal', 'chemical', 'phenolic', 'dry vegetal']"
Cc1ccc2ccccc2c1,['fatty']
Sc1ccc2ccccc2c1,"['fermented', 'empyreumatic', 'musty', 'dairy', 'earthy', 'fatty']"
Cc1ccc2ncccc2c1,"['phenolic', 'dry vegetal', 'vegetal']"
Cc1ccc2oc(=O)ccc2c1,"['dairy', 'spicy', 'oleaginous', 'lactone', 'fruity', 'dried fruit', 'vegetal', 'balsamic', 'chemical', 'dry vegetal', 'fresh', 'phenolic', 'fatty', 'tropical fruit', 'woody', 'medicinal']"
c1ccc(-c2ccccc2)cc1,"['floral', 'vegetal', 'mineral', 'metal', 'green vegetal', 'fresh', 'bush flower', 'garden flower']"
COc1ccc2ccccc2c1,"['citrus', 'fruity']"
CC(=O)c1ccc2ccccc2c1,"['honeyed', 'citrus', 'fruity']"
C=CCc1ccc(OC)c(OC)c1,"['fermented', 'vegetal', 'chemical', 'dry vegetal', 'woody', 'medicinal']"
CCOc1ccc2ccccc2c1,"['citrus', 'fruit with pip']"
CC(C)Cc1ccc2ccccc2n1,"['phenolic', 'dry vegetal', 'vegetal']"
C=CCc1ccc(OC(C)=O)c(OC)c1,"['chemical', 'phenolic', 'medicinal']"
COc1cc(C)ccc1O,"['animal', 'empyreumatic', 'chemical', 'balsamic', 'smoked']"
CC(C=O)c1ccccc1,"['vegetal', 'honeyed', 'green vegetal', 'garden flower', 'sweet']"
CCC(O)c1ccccc1,"['bush flower', 'woody']"
CCC(=O)c1ccccc1,"['dry vegetal', 'bush flower', 'vegetal', 'red berry']"
COC(=O)c1ccccc1,"['nutty', 'dried fruit', 'bitter almond', 'fatty', 'oleaginous']"
COC(=O)c1cccnc1,"['vegetal', 'dry vegetal']"
CCOC(=O)c1ccccc1,"['fermented', 'red berry', 'vegetal', 'chemical', 'phenolic', 'fruit with pip', 'green vegetal', 'fresh', 'aromatic plant']"
CC(=O)CC(=O)c1ccccc1,"['bush flower', 'floral']"
O=C(Oc1ccccc1)c1ccccc1,"['vegetal', 'mineral', 'metal', 'green vegetal', 'fresh', 'woody', 'sweet']"
CCOC(=O)CC(=O)c1ccccc1,"['oleaginous', 'nutty', 'floral', 'red berry', 'dried fruit', 'bitter almond', 'bush flower', 'fatty']"
CCCOC(=O)c1ccc(O)cc1,"['phenolic', 'bush flower', 'empyreumatic', 'floral', 'smoked']"
CC(C)CCOC(=O)c1ccccc1,"['green vegetal', 'fresh', 'vegetal', 'woody']"
O=C(OCCc1ccccc1)c1ccccc1,"['honeyed', 'bush flower', 'woody', 'sweet']"
c1ccc2scnc2c1,"['empyreumatic', 'fruity', 'dried fruit', 'vegetal', 'fatty', 'oleaginous']"
Cc1nc2ccccc2o1,"['empyreumatic', 'vegetal', 'balsamic', 'dry vegetal', 'woody']"
Cc1ccc(C)c(O)c1,"['empyreumatic', 'smoked']"
CCC(C)C=O,"['dairy', 'roasted', 'green vegetal', 'solvent', 'oleaginous', 'empyreumatic', 'dried fruit', 'vegetal', 'chemical', 'malt', 'milky', 'sweet', 'medicinal']"
CCC(=O)CC,"['fermented', 'empyreumatic', 'cooked', 'dairy', 'sweet', 'chemical', 'solvent', 'fresh', 'cooked sugar']"
O=C1CCCO1,"['oleaginous', 'empyreumatic', 'fruity', 'cooked', 'dairy', 'dried fruit', 'cooked sugar', 'sweet']"
Cn1cccc1,"['phenolic', 'empyreumatic', 'smoked']"
C=C(C)C1CC=C(C)C(OC(C)=O)C1,"['vegetal', 'balsamic', 'chemical', 'fruit with pip', 'green vegetal', 'fresh', 'aromatic plant', 'alcoholic beverages', 'barrel aged alcohol', 'woody']"
CCOC(=O)C(C)C,"['chemical', 'balsamic', 'solvent', 'fresh', 'fruit with pip', 'alcoholic beverages', 'phenolic', 'barrel aged alcohol', 'woody', 'medicinal']"
CCOC(=O)C(C)O,"['dairy', 'chemical', 'balsamic', 'solvent', 'fresh', 'fatty', 'alcoholic beverages', 'barrel aged alcohol', 'woody']"
CC(C)COC(=O)C(C)C,"['fermented', 'floral', 'fermented drink', 'chemical', 'solvent', 'fresh', 'alcoholic beverages', 'fruit with pip', 'tropical fruit']"
CCCCOC(=O)C(C)C,"['fermented', 'dairy', 'vegetal', 'green vegetal', 'fresh', 'fruit with pip', 'tropical fruit', 'peponide']"
CCC(CC)CO,"['chemical', 'phenolic', 'fatty', 'fresh', 'medicinal']"
CCC(C=O)CC,"['empyreumatic', 'cooked', 'vegetal', 'roasted', 'chemical', 'solvent', 'green vegetal', 'malt', 'cooked sugar']"
OCC1CCCO1,"['empyreumatic', 'cooked', 'vegetal', 'chemical', 'fatty', 'fresh', 'cooked sugar', 'sweet']"
O=Cc1ccco1,"['oleaginous', 'empyreumatic', 'fruity', 'nutty', 'cooked', 'dried fruit', 'bitter almond', 'fatty', 'cooked sugar']"
SCc1ccco1,"['vegetable', 'empyreumatic', 'cooked', 'vegetal', 'phenolic', 'sulphur', 'smoked', 'cooked sugar', 'sweet']"
O=Cc1cccs1,"['oleaginous', 'lactone', 'fruity', 'dried fruit', 'vegetal', 'coumarin', 'balsamic', 'dry vegetal', 'fresh', 'fatty', 'tropical fruit', 'woody', 'sweet']"
CC(C)(C)C1CCC(O)CC1,"['animal', 'fermented', 'vegetal', 'chemical', 'phenolic', 'green vegetal', 'fresh', 'aromatic plant', 'medicinal']"
CC(C)(C)C1CCC(=O)CC1,"['animal', 'musky', 'vegetal', 'chemical', 'phenolic', 'green vegetal', 'fresh', 'aromatic plant', 'medicinal']"
CC(C)(C)c1ccc(O)cc1,"['animal', 'empyreumatic', 'smoked']"
CC(O)c1ccccc1,"['honeyed', 'bitter almond', 'green vegetal', 'bush flower', 'oleaginous', 'fruity', 'nutty', 'red berry', 'vegetal', 'mint', 'dried fruit', 'chemical', 'phenolic', 'fatty', 'garden flower']"
CC(=O)c1ccccc1,"['bitter almond', 'bush flower', 'oleaginous', 'lactone', 'fruity', 'vegetal', 'red berry', 'dried fruit', 'balsamic', 'dry vegetal', 'fresh', 'fatty', 'woody']"
O=C(O)C1CCCCC1,"['metal', 'fermented', 'dairy', 'mineral']"
C=C(C)C1CC=C(C)C(O)C1,"['vegetal', 'chemical', 'green vegetal', 'fresh', 'aromatic plant']"
COC(=O)c1ccc(C)cc1,['fresh']
CC1=CCC(C(C)C)C=C1,"['fruity', 'vegetal', 'chemical', 'phenolic', 'green vegetal', 'aromatic plant']"
CC1=CCC(C(C)C)=CC1,"['fruity', 'lemony', 'fatty']"
CC1=CC=C(C(C)C)CC1,"['fruity', 'lemony', 'vegetal', 'mint', 'chemical', 'phenolic', 'green vegetal']"
Cc1ccc(C(C)C)cc1,['fruity']
CC(C)c1ccc(O)cc1,['chemical']
CC(=O)c1ccc(O)cc1,"['dry vegetal', 'bush flower', 'vegetal']"
COc1ccc(C(C)=O)cc1,"['fruity', 'red berry', 'vegetal', 'dry vegetal', 'bush flower', 'fresh', 'woody']"
COc1ccc(C(=O)O)cc1,"['fruity', 'red berry', 'balsamic', 'chemical', 'woody']"
C=Cc1ccccc1,"['sulphur', 'woody']"
SCc1ccccc1,"['sulphur', 'empyreumatic', 'cruciferous', 'vegetal', 'green vegetal', 'fresh', 'aromatic plant', 'root', 'earthy']"
COc1ccccc1,"['chemical', 'solvent', 'fresh']"
CSc1ccccc1,"['chemical', 'fresh', 'empyreumatic']"
CCc1ccccn1,"['empyreumatic', 'fresh aldehydic', 'vegetal', 'aldehydic', 'phenolic', 'green vegetal', 'fresh', 'fatty', 'smoked']"
COc1cccc(C)c1,"['fatty', 'fruity', 'dried fruit', 'oleaginous']"
CC(C)(O)Cc1ccccc1,"['vegetal', 'green vegetal', 'fatty', 'garden flower', 'bush flower']"
COC(=O)Cc1ccccc1,"['oleaginous', 'nutty', 'dried fruit', 'honeyed', 'bitter almond', 'fatty']"
c1ccc(CC2OCCO2)cc1,"['floral', 'vegetal', 'honeyed', 'green vegetal', 'fresh', 'garden flower']"
c1ccc(Cc2ccccc2)cc1,"['fruity', 'floral', 'vegetal', 'citrus', 'metal', 'mineral', 'green vegetal', 'fresh', 'bush flower', 'garden flower']"
c1ccc(Oc2ccccc2)cc1,"['vegetal', 'mineral', 'metal', 'green vegetal', 'fresh', 'garden flower']"
CCOC(=O)Cc1ccccc1,"['empyreumatic', 'dairy', 'roasted', 'honeyed', 'bush flower', 'fresh', 'malt', 'milky', 'woody']"
O=C(Cc1ccccc1)Cc1ccccc1,"['oleaginous', 'nutty', 'red berry', 'dried fruit', 'honeyed', 'bitter almond', 'bush flower', 'fatty']"
COc1ccc(COC(=O)Cc2ccccc2)cc1,"['honeyed', 'bush flower', 'fresh', 'floral', 'sweet']"
CC(C)CCOC(=O)Cc1ccccc1,"['empyreumatic', 'dairy', 'roasted', 'honeyed', 'bush flower', 'malt', 'milky', 'woody']"
O=C(Cc1ccccc1)OCCc1ccccc1,"['vegetal', 'spicy', 'honeyed', 'chemical', 'phenolic', 'bush flower', 'green vegetal', 'fresh', 'woody', 'medicinal']"
CCCN(CCC)CCC,"['dairy', 'fermented']"
CC(C)(O)CCc1ccccc1,"['vegetal', 'green vegetal', 'bush flower', 'garden flower']"
CC(=O)OC(C)(C)CCc1ccccc1,"['vegetal', 'green vegetal', 'bush flower', 'woody']"
CCCCC(CC)COC(C)=O,['red berry']
COC(=O)CCc1ccccc1,"['fermented', 'fermented drink', 'honeyed', 'chemical', 'phenolic', 'alcoholic beverages', 'woody', 'medicinal']"
CC(C)C(=O)OCc1ccccc1,"['fatty', 'bush flower']"
CCCC(=O)OCc1ccccc1,"['fruit with pip', 'tropical fruit', 'stone fruit', 'lactone']"
CC(C)CC(=O)OCc1ccccc1,"['fermented', 'floral', 'vegetal', 'dairy', 'dry vegetal', 'fruit with pip', 'tropical fruit']"
CC(=O)OCCc1ccccc1,"['empyreumatic', 'roasted', 'honeyed', 'bush flower', 'malt', 'woody']"
CC(C)C(=O)OCCc1ccccc1,"['vegetal', 'honeyed', 'dry vegetal', 'bush flower', 'stone fruit', 'sweet', 'lactone']"
c1ccc(COCc2ccccc2)cc1,"['fermented', 'musty', 'nutty', 'floral', 'red berry', 'dried fruit', 'bitter almond', 'bush flower', 'fatty', 'woody', 'oleaginous']"
CCCC(=O)OCCc1ccccc1,"['fermented', 'vegetal', 'red berry', 'green vegetal', 'fresh', 'bush flower']"
CC(C)C(=O)OCCCc1ccccc1,"['honeyed', 'stone fruit', 'woody', 'lactone']"
Cc1ccc(OC(=O)C(C)C)cc1,"['green vegetal', 'fresh', 'garden flower', 'vegetal']"
COc1ccc(COC(C)=O)cc1,"['vegetal', 'red berry', 'dry vegetal', 'fresh', 'stone fruit', 'woody', 'lactone']"
CCCc1ccc(OC)cc1,['fresh']
CCCCC1CCC(=O)O1,"['bitter almond', 'green vegetal', 'oleaginous', 'lactone', 'fruity', 'nutty', 'dried fruit', 'vegetal', 'balsamic', 'dry vegetal', 'fresh', 'tropical fruit', 'woody']"
O=CCCc1ccccc1,"['fruity', 'vegetal', 'green vegetal', 'fatty', 'garden flower', 'woody', 'peponide', 'sweet']"
O=COCc1ccccc1,"['nutty', 'dried fruit', 'red berry', 'vegetal', 'sweet', 'bitter almond', 'dry vegetal', 'fatty', 'oleaginous']"
O=COCCc1ccccc1,"['vegetal', 'green vegetal', 'fresh', 'bush flower', 'garden flower']"
CCCCC(CC)CO,"['fatty', 'bush flower', 'fruity']"
Cc1ccc(C=O)cc1,"['nutty', 'dried fruit', 'red berry', 'bitter almond', 'fatty', 'oleaginous']"
CCc1ccc(C)nc1,"['vegetable', 'empyreumatic', 'fruity', 'dried fruit', 'vegetal', 'green vegetal', 'fresh', 'oleaginous']"
COc1ccc(C)cc1,"['animal', 'fruity', 'vegetal', 'dried fruit', 'green vegetal', 'fresh', 'fatty', 'oleaginous']"
CC(C)COC(=O)CCc1ccco1,"['fermented', 'fermented drink', 'chemical', 'balsamic', 'alcoholic beverages', 'tropical fruit', 'barrel aged alcohol', 'sweet']"
COc1ccc(CO)cc1,"['vegetal', 'red berry', 'dairy', 'dry vegetal', 'fresh', 'bush flower', 'garden flower', 'woody']"
CCCC1CCC(=O)O1,"['cooked', 'dairy', 'cooked sugar', 'oleaginous', 'empyreumatic', 'floral', 'vegetal', 'dried fruit', 'balsamic', 'dry vegetal', 'fresh', 'tropical fruit', 'woody']"
CCOC(=O)CC,"['floral', 'fermented drink', 'chemical', 'balsamic', 'solvent', 'fresh', 'alcoholic beverages', 'fruit with pip', 'tropical fruit', 'barrel aged alcohol', 'woody']"
CCC(C)CC(=O)O,"['green vegetal', 'fresh', 'fermented', 'dairy', 'vegetal']"
COC(=O)CC(C)=O,"['fermented', 'floral', 'vegetal', 'fermented drink', 'chemical', 'green vegetal', 'alcoholic beverages', 'fruit with pip', 'sweet']"
CCC(C)OC(C)=O,"['chemical', 'fresh', 'fruit with pip', 'tropical fruit']"
CCOC(=O)CC(=O)OCC,"['fruit with pip', 'green vegetal', 'fresh', 'vegetal']"
CCCC(=O)OCC,"['dairy', 'chemical', 'balsamic', 'solvent', 'fresh', 'alcoholic beverages', 'fatty', 'tropical fruit', 'barrel aged alcohol', 'woody', 'sweet']"
CCOC(C)OCC,"['dried fruit', 'vegetal', 'chemical', 'phenolic', 'solvent', 'fresh', 'green vegetal', 'fatty', 'oleaginous', 'medicinal']"
CCCOC(=O)CCC,"['animal', 'chemical', 'solvent', 'fresh', 'tropical fruit', 'stone fruit', 'lactone']"
Cc1ccc(O)c(C)c1,"['empyreumatic', 'smoked']"
CCC(=O)OCCC(C)C,"['vegetal', 'green vegetal', 'fruit with pip', 'tropical fruit', 'stone fruit', 'lactone']"
CCCCCC(=O)OCC(C)C,"['fermented', 'floral', 'vegetal', 'fermented drink', 'chemical', 'green vegetal', 'alcoholic beverages', 'fresh', 'fruit with pip', 'tropical fruit', 'stone fruit', 'lactone']"
CC(C)=CCCC(C)CCOC=O,"['vegetable', 'fresh aldehydic', 'vegetal', 'lemony', 'aldehydic', 'green vegetal', 'fresh', 'fatty', 'bush flower', 'cucurbitacea', 'stone fruit', 'lactone']"
C=C(C)CCCC(C)CCOC(=O)CC,"['bush flower', 'garden flower']"
CCCOC(=O)CCCCC(=O)OCCC,"['chemical', 'phenolic', 'fresh', 'medicinal']"
CC(C)CCCC(C)CCO,"['animal', 'fermented', 'fruity', 'vegetal', 'phenolic', 'green vegetal', 'fatty', 'fresh', 'bush flower']"
CC(C)=CCCC(C)CCO,"['lemony', 'vegetal', 'green vegetal', 'garden flower', 'bush flower']"
CCCC(=O)OCCC(C)C,"['vegetal', 'fruit with pip', 'green vegetal', 'fresh', 'tropical fruit', 'stone fruit', 'lactone']"
CCCCCCC(=O)OCC,"['green vegetal', 'fermented', 'floral', 'vegetal', 'fermented drink', 'chemical', 'balsamic', 'alcoholic beverages', 'fresh', 'tropical fruit', 'barrel aged alcohol', 'woody']"
CCCCCCCC(=O)OCC,"['fermented', 'floral', 'fermented drink', 'chemical', 'fruit with pip', 'alcoholic beverages', 'tropical fruit', 'stone fruit', 'lactone']"
CCCCCCCCCCCC(=O)OCC,"['green vegetal', 'vegetal', 'aldehydic']"
CCCCC(=O)CC,"['fermented', 'dairy', 'vegetal', 'green vegetal', 'fresh', 'tropical fruit']"
CCCOC(=O)CC,"['fermented', 'floral', 'fermented drink', 'chemical', 'balsamic', 'solvent', 'fresh', 'alcoholic beverages', 'tropical fruit', 'barrel aged alcohol', 'woody']"
COC(=O)CCC(=O)OC,"['fermented', 'vegetal', 'fermented drink', 'chemical', 'balsamic', 'solvent', 'fresh', 'alcoholic beverages', 'green vegetal', 'barrel aged alcohol', 'woody']"
CCCCCC(=O)OC,"['red berry', 'chemical', 'solvent', 'fresh', 'fruit with pip', 'tropical fruit', 'stone fruit', 'lactone']"
CCCCCCC(=O)OC,"['vegetal', 'green vegetal', 'fresh', 'fruit with pip', 'garden flower']"
C=CC=O,"['vegetable', 'nutty', 'dried fruit', 'red berry', 'vegetal', 'sweet', 'bitter almond', 'fatty', 'sulphur', 'oleaginous']"
CCCS,"['vegetable', 'cruciferous', 'vegetal', 'sulphur']"
C=CCO,"['vegetable', 'vegetal', 'sulphur']"
O=CC=O,"['sweet', 'empyreumatic', 'cooked', 'cooked sugar']"
COC=O,"['fermented', 'floral', 'fermented drink', 'chemical', 'balsamic', 'solvent', 'alcoholic beverages', 'barrel aged alcohol', 'stone fruit', 'woody', 'sweet']"
CC(CC=O)CCCC(C)(C)O,"['fruity', 'vegetal', 'green vegetal', 'fresh', 'garden flower', 'peponide']"
CCCC(C)=O,"['floral', 'fermented drink', 'chemical', 'balsamic', 'solvent', 'fresh', 'alcoholic beverages', 'tropical fruit', 'barrel aged alcohol']"
CC(=O)CC(C)C,"['vegetal', 'chemical', 'fresh', 'green vegetal']"
CC(C)CC(C)O,"['floral', 'vegetal', 'fermented drink', 'chemical', 'phenolic', 'green vegetal', 'alcoholic beverages', 'fatty', 'fresh', 'medicinal']"
CC(=O)OC(C)C,"['chemical', 'solvent', 'fresh', 'tropical fruit']"
C=C(C)OC(C)=O,"['chemical', 'balsamic', 'solvent', 'fresh', 'fruit with pip', 'alcoholic beverages', 'barrel aged alcohol', 'woody']"
CC1CCC(=O)O1,"['roasted', 'oleaginous', 'lactone', 'empyreumatic', 'fruity', 'dried fruit', 'vegetal', 'balsamic', 'dry vegetal', 'fresh', 'fatty', 'tropical fruit', 'malt']"
Cc1ccnc(C)c1,"['empyreumatic', 'vegetal', 'green vegetal', 'fresh', 'aromatic plant', 'smoked']"
Cc1cccc(C)n1,"['fermented', 'empyreumatic', 'fruity', 'dried fruit', 'vegetal', 'roasted', 'green vegetal', 'fatty', 'fresh', 'malt', 'oleaginous']"
Cc1cncc(C)n1,"['vegetable', 'oleaginous', 'empyreumatic', 'fruity', 'dairy', 'vegetal', 'dried fruit', 'chemical', 'solvent', 'fresh', 'fatty', 'malt', 'milky', 'sweet']"
COC(=O)CC(=O)OC,"['vegetal', 'chemical', 'solvent', 'fresh', 'fruit with pip', 'green vegetal']"
CCOC(=O)CC(C)C,"['fermented', 'floral', 'dairy', 'vegetal', 'fermented drink', 'chemical', 'citrus', 'green vegetal', 'alcoholic beverages', 'fatty', 'fresh', 'fruit with pip', 'tropical fruit']"
CC(C)CC(O)CC(C)C,"['floral', 'vegetal', 'fermented drink', 'chemical', 'solvent', 'alcoholic beverages', 'green vegetal']"
CC(C)CC(=O)CC(C)C,"['vegetal', 'mineral', 'chemical', 'metal', 'solvent', 'fresh', 'green vegetal', 'tropical fruit']"
CC(=O)OC(C)CC(C)C,"['fruit with pip', 'tropical fruit']"
OC1CCCCC1,"['vegetal', 'chemical', 'green vegetal', 'fresh', 'aromatic plant', 'medicinal']"
O=C1CCCCC1,"['vegetal', 'chemical', 'phenolic', 'green vegetal', 'fresh', 'aromatic plant', 'medicinal']"
Sc1ccccc1,"['vegetable', 'empyreumatic', 'vegetal', 'sulphur']"
CC1CCCCN1,"['fermented', 'empyreumatic', 'fruity', 'dairy', 'dried fruit', 'fatty', 'pyrazic', 'oleaginous']"
Cc1ccccn1,"['animal', 'empyreumatic', 'fruity', 'nutty', 'dried fruit', 'sweet', 'balsamic', 'chemical', 'fatty', 'alcoholic beverages', 'pyrazic', 'barrel aged alcohol', 'woody', 'oleaginous']"
Cc1cnccn1,"['vegetable', 'oleaginous', 'fermented', 'empyreumatic', 'fruity', 'dairy', 'vegetal', 'dried fruit', 'green vegetal', 'fresh', 'fatty', 'malt', 'milky', 'sweet']"
CCCCOC(=O)CC(C)C,"['vegetal', 'chemical', 'solvent', 'fresh', 'fruit with pip', 'green vegetal', 'tropical fruit', 'stone fruit', 'lactone']"
CCCCOC(=O)CCC,"['vegetal', 'red berry', 'fruit with pip', 'green vegetal', 'tropical fruit']"
O=C1CCCCCCCCCCCCCCCO1,"['musky', 'floral', 'woody']"
CCCCOC(=O)CCCCCCCCC(=O)OCCCC,['fatty']
C=CCCC(C)=O,"['empyreumatic', 'chemical', 'solvent', 'fresh', 'sulphur']"
CCCCC(=O)O,"['animal', 'dry vegetal', 'fermented', 'dairy', 'vegetal']"
CCCOC(C)=O,"['red berry', 'vegetal', 'chemical', 'phenolic', 'fresh', 'fruit with pip', 'aromatic plant', 'green vegetal', 'medicinal']"
CCCCN,"['dairy', 'fermented']"
CCCCS,"['vegetable', 'fermented', 'empyreumatic', 'dairy', 'vegetal', 'alliaceous', 'sulphur']"
SCCCS,"['vegetable', 'vegetal', 'alliaceous', 'sulphur']"
CCNCC,"['dairy', 'fermented']"
CCOC=O,"['solvent', 'green vegetal', 'bush flower', 'floral', 'vegetal', 'fermented drink', 'chemical', 'balsamic', 'phenolic', 'fresh', 'alcoholic beverages', 'barrel aged alcohol', 'woody', 'sweet', 'medicinal']"
CCON=O,"['chemical', 'balsamic', 'solvent', 'fresh', 'alcoholic beverages', 'barrel aged alcohol', 'woody']"
c1cc[nH]c1,"['empyreumatic', 'fruity', 'dried fruit', 'chemical', 'solvent', 'fresh', 'fatty', 'oleaginous']"
c1ccoc1,"['empyreumatic', 'chemical', 'phenolic', 'solvent', 'fresh', 'smoked']"
c1ccsc1,"['vegetable', 'vegetal', 'chemical', 'fresh', 'sulphur']"
CC(=O)OCC(C)C,"['chemical', 'solvent', 'fresh', 'fruit with pip', 'tropical fruit']"
CCCCCCCCCC(=O)OCC,"['oleaginous', 'fermented', 'floral', 'dried fruit', 'fermented drink', 'chemical', 'balsamic', 'fruit with pip', 'alcoholic beverages', 'barrel aged alcohol', 'woody']"
CCOC(=O)CCCCCCCCC(=O)OCC,"['fermented', 'floral', 'fermented drink', 'chemical', 'alcoholic beverages', 'peponide']"
CCCCCCCCCC(=O)OC,"['fermented drink', 'chemical', 'balsamic', 'alcoholic beverages', 'barrel aged alcohol', 'woody', 'sweet']"
CCCCCC(C)=O,"['dairy', 'green vegetal', 'oleaginous', 'lactone', 'fermented', 'dried fruit', 'vegetal', 'coumarin', 'chemical', 'phenolic', 'balsamic', 'dry vegetal', 'fresh', 'fatty', 'tropical fruit', 'medicinal']"
CC(C)CCOC=O,"['fermented', 'floral', 'vegetal', 'berry', 'fermented drink', 'chemical', 'solvent', 'fresh', 'alcoholic beverages', 'green vegetal', 'fruit with pip', 'stone fruit', 'black fruit']"
CCCCCN,['dairy']
CCCCC=O,"['oleaginous', 'empyreumatic', 'dairy', 'dried fruit', 'roasted', 'cocoa', 'fatty', 'malt', 'milky', 'sweet']"
CCCCCS,"['empyreumatic', 'cruciferous', 'vegetal', 'green vegetal', 'fresh', 'sulphur']"
CCCOC=O,"['vegetal', 'chemical', 'balsamic', 'solvent', 'fresh', 'green vegetal', 'alcoholic beverages', 'barrel aged alcohol', 'woody']"
CCSSCC,"['vegetal', 'sulphur']"
CCCCCCCC(=O)OC,"['fermented', 'floral', 'vegetal', 'fermented drink', 'chemical', 'citrus', 'green vegetal', 'alcoholic beverages', 'fatty', 'fresh']"
CCCCCC#CC(=O)OC,"['fresh aldehydic', 'aldehydic', 'green vegetal', 'cucurbitacea', 'fermented', 'vegetal', 'fermented drink', 'chemical', 'alcoholic beverages', 'fresh', 'garden flower', 'peponide']"
CCCCCCC(C)=O,"['fermented', 'vegetal', 'green vegetal', 'fresh', 'fruit with pip']"
CCCCCCC(=O)O,"['animal', 'tropical fruit', 'dairy']"
CCCCCCN,"['fermented', 'dairy']"
CCCCCCO,"['fermented', 'floral', 'vegetal', 'fermented drink', 'chemical', 'phenolic', 'solvent', 'fresh', 'alcoholic beverages', 'green vegetal', 'medicinal']"
CCCCCCS,"['vegetable', 'empyreumatic', 'fruity', 'dried fruit', 'vegetal', 'sulphur', 'oleaginous']"
C=CCOCCO,"['fermented', 'musty', 'earthy', 'chemical', 'fresh', 'woody']"
CCCSCCC,"['vegetable', 'vegetal', 'green vegetal', 'fresh', 'sulphur']"
CC(=O)OCCOC(C)=O,"['fermented', 'vegetal', 'fermented drink', 'chemical', 'phenolic', 'solvent', 'alcoholic beverages', 'fatty', 'fresh', 'green vegetal', 'medicinal']"
CCCCCCCO,"['fermented', 'floral', 'vegetal', 'green vegetal', 'fruit with pip', 'garden flower', 'tropical fruit']"
CCCCCCC=O,"['oleaginous', 'fruity', 'dried fruit', 'vegetal', 'balsamic', 'chemical', 'green vegetal', 'alcoholic beverages', 'barrel aged alcohol', 'woody']"
CCCCCCC#CC(=O)OC,"['vegetable', 'fruity', 'fresh aldehydic', 'vegetal', 'aldehydic', 'green vegetal', 'fresh', 'fatty', 'garden flower', 'cucurbitacea', 'peponide']"
C=CCCCCCCCCC(=O)OC,"['fermented', 'fermented drink', 'chemical', 'alcoholic beverages', 'bush flower']"
CCCCCCCCS,"['vegetal', 'empyreumatic']"
CCCCCCCCC(=O)O,"['fermented', 'fruity', 'dried fruit', 'oleaginous']"
CCCCCCCOC(C)=O,"['green vegetal', 'lactone', 'fermented', 'vegetal', 'fermented drink', 'chemical', 'balsamic', 'fruit with pip', 'alcoholic beverages', 'barrel aged alcohol', 'stone fruit', 'sweet']"
CCCCCCCCCC(C)=O,"['dairy', 'citrus', 'bush flower', 'garden flower', 'tropical fruit']"
CCCCCCCCOC(C)=O,"['fermented', 'musty', 'vegetal', 'green vegetal', 'fresh', 'stone fruit', 'woody', 'lactone']"
CCCCCCCCCCOC(C)=O,"['floral', 'vegetal', 'dairy', 'aldehydic', 'green vegetal', 'bush flower', 'tropical fruit']"
CCCCCCCOC=O,"['fresh aldehydic', 'vegetal', 'aldehydic', 'green vegetal', 'fresh', 'fruit with pip', 'cucurbitacea', 'stone fruit']"
CCCCCCCCCCO,"['citrus', 'fruity']"
CCCCCCCCCC=O,"['green vegetal', 'fatty', 'vegetal']"
CCCCCCCCOC=O,"['vegetable', 'fresh aldehydic', 'floral', 'vegetal', 'aldehydic', 'green vegetal', 'fresh', 'fatty', 'bush flower', 'cucurbitacea', 'garden flower']"
CCCCCCCCCCC(=O)O,"['oleaginous', 'fermented', 'fruity', 'dried fruit', 'vegetal', 'coumarin', 'dairy', 'balsamic', 'dry vegetal', 'fresh', 'tropical fruit', 'woody', 'sweet', 'lactone']"
CCCCCCCCCCCCCCCC(=O)OC,"['garden flower', 'floral']"
C=CCCCCCCCCCO,"['fruity', 'vegetal', 'chemical', 'green vegetal', 'bush flower']"
CCCCCCCCCCC=O,"['fruity', 'vegetal', 'green vegetal', 'fresh', 'tropical fruit']"
C=CCCCCCCCCC=O,"['fruity', 'floral', 'vegetal', 'green vegetal', 'bush flower']"
CCCCCCCCCCCCO,"['aldehydic', 'honeyed', 'green vegetal', 'oleaginous', 'lactone', 'fruity', 'dried fruit', 'vegetal', 'coumarin', 'balsamic', 'dry vegetal', 'fresh', 'tropical fruit', 'woody', 'sweet']"
CCCCCCCCCCCC=O,"['fruity', 'vegetal', 'green vegetal', 'fatty', 'fresh']"
CCCCCCCCCCCCS,['empyreumatic']
CCCCCCCCCCCCCCCCCC(=O)OC,['fatty']
CCCCCCCCCCCCOC(C)=O,"['bush flower', 'floral']"
CCCCCCCCCCCCCO,['fermented']
CCCCCCCCCCCCCCO,"['oleaginous', 'dried fruit', 'vegetal', 'coumarin', 'floral', 'balsamic', 'dry vegetal', 'fresh', 'garden flower', 'tropical fruit', 'woody', 'sweet', 'lactone']"
C=CC(C)(C)O,"['chemical', 'solvent', 'fresh', 'fatty']"
C=CC(C)(CCC=C(C)C)OC(C)=O,"['lemony', 'vegetal', 'fruit with pip', 'green vegetal', 'fresh', 'bush flower']"
CC1CC(O)CC(C)(C)C1,"['fermented', 'vegetal', 'chemical', 'phenolic', 'green vegetal', 'fresh', 'aromatic plant', 'medicinal']"
CC(=O)CO,"['fermented', 'empyreumatic', 'cooked', 'floral', 'vegetal', 'fermented drink', 'chemical', 'solvent', 'fresh', 'alcoholic beverages', 'green vegetal', 'cooked sugar']"
CCC(C)C(=O)O,"['animal', 'dairy']"
CC(=O)OC1C=C(C)C2CC(=C(C)C)CC2C(C)C1,"['wood', 'green vegetal', 'floral', 'vegetal']"
O=C(Oc1ccccc1)c1ccccc1O,['honeyed']
O=C(OCc1ccccc1)c1ccccc1O,"['fatty', 'woody']"
CCOC(=O)c1ccccc1O,"['vegetal', 'green vegetal', 'fresh', 'aromatic plant', 'woody']"
Cc1occc(=O)c1O,"['empyreumatic', 'cooked', 'red berry', 'cooked sugar']"
CC(=O)c1ccccc1O,"['spicy', 'honeyed', 'bitter almond', 'bush flower', 'oleaginous', 'peponide', 'lactone', 'fruity', 'nutty', 'floral', 'vegetal', 'red berry', 'dried fruit', 'balsamic', 'chemical', 'dry vegetal', 'fresh', 'fatty', 'woody', 'medicinal']"
O=C(c1ccccc1)C(O)c1ccccc1,"['vegetal', 'mint', 'chemical', 'phenolic', 'green vegetal', 'fresh', 'woody']"
c1ccc2cnccc2c1,"['fruity', 'nutty', 'dried fruit', 'bitter almond', 'fatty', 'fresh', 'woody', 'oleaginous']"
COc1ccc(C=O)cc1OC,"['balsamic', 'floral', 'dairy']"
O=Cc1ccc2c(c1)OCO2,"['oleaginous', 'fruity', 'nutty', 'dried fruit', 'red berry', 'dairy', 'chemical', 'phenolic', 'balsamic', 'fatty', 'bitter almond', 'woody', 'medicinal']"
O=C1CCCC1,"['fermented', 'fruity', 'dried fruit', 'vegetal', 'green vegetal', 'fresh', 'aromatic plant', 'fatty', 'oleaginous']"
CCOc1cc(C=O)ccc1O,"['empyreumatic', 'cooked', 'dairy', 'balsamic', 'woody', 'cooked sugar']"
COc1cc(C(=O)O)ccc1O,"['floral', 'woody']"
CCN(CC)CC,"['dairy', 'fermented']"
COC(=O)c1ccc(OC)cc1,"['balsamic', 'fresh', 'woody']"
CC(=O)c1ccc(C)cc1,"['vegetal', 'red berry', 'balsamic', 'dry vegetal', 'fresh', 'bush flower', 'woody', 'lactone']"
COC(=O)c1ccccc1N,"['fruit with pip', 'fermented']"
COc1cc(C=O)cc(OC)c1O,"['empyreumatic', 'dairy', 'vegetal', 'cocoa', 'roasted', 'phenolic', 'green vegetal', 'fresh', 'malt', 'smoked', 'milky']"
COc1ccccc1C=O,"['oleaginous', 'fruity', 'nutty', 'floral', 'dried fruit', 'chemical', 'phenolic', 'balsamic', 'bush flower', 'fatty', 'bitter almond', 'fresh', 'woody', 'medicinal']"
CCCCOC(=O)c1ccccc1,['sweet']
Cc1ccccc1S,"['vegetable', 'fermented', 'empyreumatic', 'vegetal', 'alliaceous', 'sulphur', 'smoked']"
CCC(C)CO,"['animal', 'empyreumatic', 'floral', 'roasted', 'fermented drink', 'chemical', 'phenolic', 'alcoholic beverages', 'malt', 'medicinal']"
CCCCOC(=O)C(C)O,"['cooked', 'aldehydic', 'green vegetal', 'cooked sugar', 'peponide', 'musty', 'empyreumatic', 'floral', 'vegetal', 'fermented drink', 'chemical', 'balsamic', 'fruit with pip', 'fatty', 'alcoholic beverages', 'fresh', 'woody']"
C=C(C)C1CCC(C)(O)CC1,"['floral', 'garden flower']"
CC(C)=CCCC(C)CCOC(=O)Cc1ccccc1,"['honeyed', 'bush flower']"
O=Cc1ccc(O)c(O)c1,"['empyreumatic', 'fruity', 'nutty', 'dried fruit', 'sweet', 'chemical', 'bitter almond', 'phenolic', 'fatty', 'oleaginous']"
CCCCCCCCCCCC(=O)OCc1ccccc1,"['green vegetal', 'vegetal', 'aldehydic']"
CC(C)CC(=O)OCCc1ccccc1,"['fruit with pip', 'bush flower', 'tropical fruit', 'stone fruit', 'woody', 'lactone']"
C=CCc1ccc(OC)cc1,"['vegetal', 'green vegetal', 'fresh', 'aromatic plant']"
C=C(C)CCCC(C)CCOC(C)=O,"['vegetal', 'green vegetal', 'bush flower', 'garden flower']"
CCC(=O)OCCC(C)CCC=C(C)C,"['green vegetal', 'fresh', 'bush flower', 'vegetal']"
CCCC(=O)OCCC(C)CCC=C(C)C,"['vegetal', 'green vegetal', 'fresh', 'bush flower', 'garden flower', 'fruit with pip', 'stone fruit']"
CCOC(C)=O,"['solvent', 'green vegetal', 'fermented', 'floral', 'vegetal', 'fermented drink', 'chemical', 'balsamic', 'fruit with pip', 'fresh', 'alcoholic beverages', 'barrel aged alcohol', 'woody']"
CC(=O)C=C(C)C,"['dairy', 'roasted', 'honeyed', 'green vegetal', 'aromatic plant', 'oleaginous', 'fermented', 'empyreumatic', 'fruity', 'dried fruit', 'vegetal', 'cocoa', 'fresh', 'fatty', 'malt', 'milky', 'sweet']"
COC(CC(C)CCCC(C)(C)O)OC,"['fruity', 'vegetal', 'green vegetal', 'bush flower', 'garden flower', 'peponide']"
CCOC(=O)CC(C)=O,"['vegetal', 'chemical', 'balsamic', 'solvent', 'green vegetal', 'fruit with pip', 'alcoholic beverages', 'barrel aged alcohol', 'woody', 'sweet']"
C=CCOC(=O)CCCCCC,"['balsamic', 'chemical', 'fruit with pip', 'alcoholic beverages', 'tropical fruit', 'barrel aged alcohol', 'woody']"
CCCCCC(=O)O,"['animal', 'fermented', 'dairy']"
CCCCCCOC(C)=O,"['vegetal', 'fruit with pip', 'green vegetal', 'tropical fruit']"
CCCCOCCCC,"['chemical', 'solvent', 'fresh']"
CCCCCCCCCO,"['citrus', 'bush flower', 'fruity']"
CCCCCCCCCOC(C)=O,"['fermented', 'musty', 'vegetal', 'earthy', 'green vegetal', 'fresh', 'woody']"
COc1cccc(O)c1,['chemical']
c1ccc(CSSCc2ccccc2)cc1,"['empyreumatic', 'cooked', 'vegetal', 'phenolic', 'green vegetal', 'fresh', 'smoked', 'cooked sugar', 'sweet']"
COc1ccc(O)cc1,['fresh']
COc1ccc(OC)cc1,"['fruity', 'dried fruit', 'vegetal', 'green vegetal', 'fresh', 'dry vegetal', 'fatty', 'oleaginous']"
CC(=O)OCCC(C)CCC=C(C)C,"['lemony', 'vegetal', 'green vegetal', 'fatty', 'bush flower']"
CC(=O)OC(C)(C)Cc1ccccc1,"['vegetal', 'fruit with pip', 'green vegetal', 'bush flower']"
COc1cccc(OC)c1,"['dried fruit', 'chemical', 'phenolic', 'fatty', 'oleaginous']"
CCC(C)CCC(C)(O)CC,['bush flower']
c1cscn1,"['fatty', 'fruity', 'dried fruit', 'oleaginous']"
c1cnccn1,"['fermented', 'empyreumatic', 'fruity', 'dried fruit', 'fatty', 'oleaginous']"
CC(=O)OCc1ccc2c(c1)OCO2,"['fruity', 'red berry', 'vegetal', 'aldehydic', 'mineral', 'metal', 'green vegetal', 'fatty', 'bush flower']"
CC(=O)c1cccnc1,"['empyreumatic', 'fruity', 'floral', 'vegetal', 'dried fruit', 'dry vegetal', 'bush flower', 'fatty', 'pyrazic', 'oleaginous']"
CCSCC,"['vegetable', 'vegetal', 'chemical', 'alliaceous', 'solvent', 'fresh', 'sulphur']"
CC(=O)CCC=C(C)C,"['fermented', 'fresh aldehydic', 'dairy', 'lemony', 'vegetal', 'aldehydic', 'green vegetal', 'fresh', 'fatty', 'fruit with pip', 'tropical fruit']"
CC1=C(C=O)C(C)(C)CCC1,"['fresh aldehydic', 'vegetal', 'aldehydic', 'green vegetal', 'fresh', 'fatty', 'bush flower', 'aromatic plant', 'dry vegetal']"
CC(C)C12CCC(C)(CC1)O2,"['wood', 'vegetal', 'chemical', 'phenolic', 'green vegetal', 'aromatic plant', 'resinous', 'woody', 'medicinal']"
CC1=CC2C(=C(C)CCC2C(C)C)CC1,['empyreumatic']
CC1=CC(O)C(C(C)C)CC1,"['fermented', 'vegetal', 'green vegetal', 'fresh', 'aromatic plant']"
Cc1ccnc2ccccc12,"['green vegetal', 'fatty', 'fermented', 'empyreumatic', 'fresh', 'vegetal']"
CCCC(=O)c1ccccc1,"['dairy', 'green vegetal', 'oleaginous', 'dried fruit', 'vegetal', 'red berry', 'mint', 'balsamic', 'chemical', 'phenolic', 'fatty', 'fresh', 'woody', 'medicinal']"
OCc1ccc2c(c1)OCO2,"['balsamic', 'floral', 'woody']"
O=C1C=CCO1,"['fermented', 'empyreumatic', 'floral', 'dairy', 'fermented drink', 'chemical', 'alcoholic beverages', 'fatty']"
CC1CCC(C(C)(C)O)CC1,"['wood', 'fruity', 'lemony', 'vegetal', 'phenolic', 'fresh', 'garden flower', 'resinous', 'woody']"
CC1CCC(C(C)C)CC1=O,"['vegetal', 'green vegetal', 'fresh', 'aromatic plant']"
Cc1ccc(C(C)C)cc1O,"['empyreumatic', 'vegetal', 'mint', 'chemical', 'green vegetal', 'fresh', 'smoked']"
OCCc1ccc(O)cc1,['bush flower']
CC(C)=CCCC(C)CC(=O)O,"['fruity', 'empyreumatic', 'fresh aldehydic', 'vegetal', 'aldehydic', 'phenolic', 'green vegetal', 'fresh', 'dry vegetal', 'smoked']"
CC(=O)CCCC(C)CCCC(C)CCCC(C)C,"['green vegetal', 'fatty', 'aromatic plant', 'vegetal']"
CC(C)CC(=O)O,"['animal', 'fermented']"
CSCCCO,"['fermented', 'empyreumatic', 'musty', 'vegetal', 'earthy', 'alliaceous', 'sulphur', 'woody']"
C1CSCCS1,"['vegetable', 'musty', 'vegetal', 'earthy', 'alliaceous', 'chemical', 'fresh', 'sulphur', 'woody']"
C=CC(C)(O)CCCC(C)CCCC(C)CCCC(C)C,"['green vegetal', 'fresh', 'dry vegetal', 'vegetal']"
CCCC=CC=O,"['fresh aldehydic', 'dairy', 'bitter almond', 'green vegetal', 'oleaginous', 'fermented', 'nutty', 'dried fruit', 'vegetal', 'fruit with pip', 'tropical fruit', 'stone fruit']"
CC(=O)S,['empyreumatic']
CC(C)CS,"['empyreumatic', 'vegetal', 'alliaceous', 'sulphur']"
CCC(C)S,"['alliaceous', 'vegetable', 'sulphur', 'vegetal']"
CC1(C)C2CC=C(CO)C1C2,"['wood', 'vegetal', 'chemical', 'phenolic', 'green vegetal', 'fresh', 'aromatic plant', 'resinous']"
Cc1cccc(O)c1C,['fermented']
Cc1cc(C)c(O)c(C)c1,"['animal', 'empyreumatic', 'vegetal', 'chemical', 'dry vegetal', 'smoked']"
Cc1ccccc1C=O,"['fruity', 'nutty', 'dried fruit', 'red berry', 'bitter almond', 'fatty', 'oleaginous']"
CC(=O)Oc1ccccc1C,"['chemical', 'phenolic']"
COC(C)OC,"['vegetal', 'chemical', 'phenolic', 'solvent', 'fresh', 'green vegetal', 'dry vegetal', 'medicinal']"
Cc1ccco1,"['dairy', 'roasted', 'mineral', 'metal', 'sulphur', 'oleaginous', 'fermented', 'empyreumatic', 'fruity', 'dried fruit', 'cocoa', 'chemical', 'fresh', 'fatty', 'malt', 'milky']"
Cc1ccc(C(C)O)cc1,"['bitter almond', 'green vegetal', 'bush flower', 'aromatic plant', 'oleaginous', 'fruity', 'red berry', 'dried fruit', 'vegetal', 'dry vegetal', 'fatty', 'fresh']"
C=C(C)C1CC=C(CO)CC1,"['fruity', 'vegetal', 'green vegetal', 'fresh', 'garden flower']"
CCc1cccnc1,"['animal', 'empyreumatic', 'fruity', 'dried fruit', 'vegetal', 'phenolic', 'dry vegetal', 'fatty', 'smoked', 'oleaginous']"
COCc1ccccc1,"['vegetal', 'mineral', 'chemical', 'metal', 'solvent', 'fresh', 'green vegetal', 'garden flower', 'bush flower']"
CCOCc1ccccc1,['tropical fruit']
CCCCC(=O)OCC,"['vegetal', 'green vegetal', 'fresh', 'fruit with pip', 'tropical fruit']"
CCOC(=O)CCC(C)=O,"['empyreumatic', 'cooked', 'vegetal', 'cooked sugar', 'green vegetal', 'fresh', 'fruit with pip', 'tropical fruit', 'peponide']"
CCCC(=O)OCC(C)C,"['red berry', 'balsamic', 'chemical', 'fruit with pip', 'alcoholic beverages', 'tropical fruit', 'barrel aged alcohol', 'woody']"
CCCCCOC(=O)CCCCC,"['vegetal', 'balsamic', 'chemical', 'fruit with pip', 'alcoholic beverages', 'green vegetal', 'fresh', 'tropical fruit', 'barrel aged alcohol', 'woody']"
CCC(=O)OCC(C)C,"['vegetal', 'chemical', 'balsamic', 'solvent', 'fresh', 'green vegetal', 'alcoholic beverages', 'tropical fruit', 'barrel aged alcohol', 'woody']"
SCCS,"['vegetable', 'vegetal', 'alliaceous', 'sulphur']"
CC(C)CCS,"['vegetal', 'alliaceous', 'sulphur']"
CC(C)=CC(=O)O,"['fermented', 'empyreumatic', 'cooked', 'vegetal', 'green vegetal', 'fresh', 'cooked sugar', 'sweet']"
Cc1csc(C)n1,"['dry vegetal', 'empyreumatic', 'malt', 'vegetal']"
CC1CCCCCCCCCCCCC(=O)C1,"['musky', 'vegetal', 'aldehydic', 'green vegetal']"
CC(C)COC=O,"['chemical', 'balsamic', 'solvent', 'fresh', 'alcoholic beverages', 'barrel aged alcohol', 'woody']"
CCN=C=S,"['vegetable', 'sulphur', 'cruciferous', 'vegetal', 'alliaceous', 'root', 'earthy']"
C=CC(=C)CCCC(C)(C)O,"['bush flower', 'fruity', 'lemony']"
CCCCCC(C)O,"['fermented', 'musty', 'fresh aldehydic', 'dairy', 'lemony', 'vegetal', 'aldehydic', 'earthy', 'green vegetal', 'woody']"
CCCCSCCCC,"['fresh aldehydic', 'aldehydic', 'green vegetal', 'bush flower', 'root', 'sulphur', 'earthy', 'cruciferous', 'vegetal', 'fresh', 'fatty', 'garden flower']"
CCCCCCCCCCCCCC(=O)O,"['oleaginous', 'fruity', 'dried fruit', 'vegetal', 'coumarin', 'aldehydic', 'balsamic', 'green vegetal', 'dry vegetal', 'fresh', 'tropical fruit', 'woody', 'sweet', 'lactone']"
CC1C(=O)CC2CC1C2(C)C,"['wood', 'vegetal', 'mint', 'chemical', 'phenolic', 'green vegetal', 'resinous', 'woody', 'medicinal']"
COC(=O)C(C)C,"['chemical', 'balsamic', 'solvent', 'fresh', 'fruit with pip', 'alcoholic beverages', 'tropical fruit', 'barrel aged alcohol', 'stone fruit', 'woody', 'lactone']"
CC(=O)c1ccccc1N,"['fruit with pip', 'fruity']"
CCC(=O)OC,"['red berry', 'chemical', 'balsamic', 'solvent', 'fruit with pip', 'alcoholic beverages', 'barrel aged alcohol', 'woody', 'sweet']"
Cc1cccs1,"['vegetable', 'empyreumatic', 'vegetal', 'green vegetal', 'fresh', 'sulphur']"
COC(=O)CC(C)C,"['chemical', 'solvent', 'fresh', 'fruit with pip', 'tropical fruit']"
CN=C=S,"['vegetable', 'sulphur', 'cruciferous', 'vegetal', 'root', 'earthy']"
CC(C)=CCO,"['floral', 'vegetal', 'chemical', 'phenolic', 'green vegetal', 'fresh', 'solvent', 'bush flower', 'medicinal']"
CCCOC(=O)CC(C)C,['fruit with pip']
CC1=CCC(O)(C(C)C)CC1,"['green vegetal', 'fresh', 'fermented', 'fruity', 'vegetal']"
CC(=O)C(C)C,"['vegetal', 'mint', 'chemical', 'phenolic', 'solvent', 'fresh', 'green vegetal', 'medicinal']"
CCC(=O)C(C)C,"['vegetal', 'chemical', 'solvent', 'fresh', 'green vegetal', 'aromatic plant']"
Cc1cccc(C)c1O,"['chemical', 'empyreumatic', 'smoked']"
CC(=O)c1ccccc1C,"['honeyed', 'bitter almond', 'bush flower', 'oleaginous', 'lactone', 'empyreumatic', 'fruity', 'vegetal', 'dried fruit', 'balsamic', 'dry vegetal', 'fresh', 'fatty', 'woody']"
CC(=O)C(=O)c1ccccc1,"['honeyed', 'fatty']"
C=CCOC(=O)c1ccccc1,['red berry']
CCCCOC(=O)c1ccco1,"['sweet', 'empyreumatic', 'cooked', 'cooked sugar']"
CC1CCCCC1=O,"['fruity', 'nutty', 'dried fruit', 'vegetal', 'sweet', 'bitter almond', 'green vegetal', 'fatty', 'fresh', 'aromatic plant', 'oleaginous']"
CCC(O)CC,"['dried fruit', 'chemical', 'solvent', 'fresh', 'fatty', 'oleaginous']"
CCCCCC(=O)C(C)=O,"['green vegetal', 'fermented', 'dairy', 'vegetal']"
CC1=CCC(=C(C)C)CC1,"['wood', 'fruity', 'lemony', 'vegetal', 'phenolic', 'resinous']"
CC(C)C1=CCC(C)(O)CC1,"['wood', 'fermented', 'vegetal', 'phenolic', 'fresh', 'resinous']"
Cc1ccc(CO)cc1,"['vegetal', 'green vegetal', 'bush flower', 'fresh', 'woody']"
CCC(C)CCO,"['empyreumatic', 'floral', 'vegetal', 'roasted', 'fermented drink', 'chemical', 'balsamic', 'green vegetal', 'alcoholic beverages', 'fresh', 'barrel aged alcohol', 'malt', 'woody', 'sweet']"
CCCC(=O)CC,"['fermented', 'floral', 'fermented drink', 'chemical', 'balsamic', 'solvent', 'fresh', 'alcoholic beverages', 'fruit with pip', 'barrel aged alcohol', 'woody']"
CCCC(O)CCC,"['vegetal', 'chemical', 'phenolic', 'solvent', 'fresh', 'green vegetal', 'medicinal']"
CC(C)COC(=O)CC(C)C,"['vegetal', 'red berry', 'green vegetal', 'fresh', 'fruit with pip', 'tropical fruit']"
CCCCCCCC(=O)OCCCC,"['dairy', 'vegetal', 'chemical', 'solvent', 'fresh', 'fatty', 'green vegetal']"
CCCCC(O)CC,"['floral', 'vegetal', 'chemical', 'phenolic', 'green vegetal', 'fresh', 'bush flower']"
CC1CCC(=O)CC1,"['fermented', 'vegetal', 'chemical', 'green vegetal', 'fresh', 'aromatic plant']"
CCCCCC(O)CC,"['green vegetal', 'aromatic plant', 'oleaginous', 'peponide', 'fruity', 'dried fruit', 'vegetal', 'fatty', 'fresh']"
CCCCOC(=O)CC,"['floral', 'red berry', 'chemical', 'balsamic', 'solvent', 'fresh', 'bush flower', 'alcoholic beverages', 'tropical fruit', 'barrel aged alcohol', 'stone fruit', 'woody', 'lactone']"
CCCC(C)(C)O,"['vegetal', 'chemical', 'phenolic', 'green vegetal', 'fresh', 'aromatic plant', 'medicinal']"
CC(C)CC=O,"['milky', 'dairy', 'roasted', 'solvent', 'green vegetal', 'lactone', 'fermented', 'empyreumatic', 'vegetal', 'chemical', 'fresh', 'malt', 'stone fruit', 'sweet']"
CC1=CCC(=O)O1,"['oleaginous', 'lactone', 'fruity', 'dried fruit', 'vegetal', 'balsamic', 'chemical', 'dry vegetal', 'fatty', 'fresh', 'tropical fruit', 'woody']"
CC1CCCC(=O)C1,"['vegetal', 'chemical', 'phenolic', 'green vegetal', 'aromatic plant']"
COc1cccc(C=O)c1,"['chemical', 'phenolic', 'fresh', 'woody', 'medicinal']"
CCCCOC(=O)CC(C)=O,"['chemical', 'alcoholic beverages', 'floral', 'fermented drink']"
CC(=O)CCC(=O)O,"['empyreumatic', 'cooked', 'dairy', 'balsamic', 'fatty', 'woody', 'cooked sugar']"
CCCCC(C)=O,"['fatty', 'fermented']"
CC(=O)COC(C)=O,"['oleaginous', 'empyreumatic', 'cooked', 'dried fruit', 'fatty', 'cooked sugar', 'sweet']"
CCCCN=C=S,"['sulphur', 'cruciferous', 'vegetal', 'green vegetal', 'fresh', 'root', 'earthy']"
CCCCOC=O,"['chemical', 'balsamic', 'solvent', 'fresh', 'alcoholic beverages', 'barrel aged alcohol', 'stone fruit', 'woody', 'sweet']"
C=CCSCC=C,"['vegetable', 'sulphur', 'cruciferous', 'vegetal', 'mineral', 'alliaceous', 'metal', 'root', 'earthy']"
CCCCCCCCCCCC(C)=O,"['oleaginous', 'lactone', 'fermented', 'musty', 'fruity', 'dried fruit', 'vegetal', 'coumarin', 'balsamic', 'dry vegetal', 'fresh', 'tropical fruit', 'woody', 'sweet']"
CC(C)C(C)O,"['empyreumatic', 'dairy', 'vegetal', 'roasted', 'chemical', 'phenolic', 'fresh', 'malt', 'medicinal']"
CCC(=O)C(C)=O,"['oleaginous', 'fermented', 'empyreumatic', 'fruity', 'cooked', 'dairy', 'dried fruit', 'cooked sugar']"
CC(C)OC(=O)c1ccccc1O,"['green vegetal', 'fresh', 'vegetal']"
COC(=O)c1ccco1,"['fermented', 'empyreumatic', 'musty', 'cooked', 'floral', 'vegetal', 'fermented drink', 'chemical', 'dry vegetal', 'alcoholic beverages', 'woody', 'cooked sugar']"
CCOC(=O)c1ccco1,"['empyreumatic', 'woody', 'sweet']"
CCCOC(=O)c1ccco1,"['fermented', 'empyreumatic', 'musty', 'dairy', 'cocoa', 'roasted', 'malt', 'milky', 'woody']"
CSc1nc2ccccc2s1,"['phenolic', 'empyreumatic', 'smoked']"
C=CC(O)CC,"['sulphur', 'cruciferous', 'fresh aldehydic', 'vegetal', 'aldehydic', 'chemical', 'solvent', 'fresh', 'green vegetal', 'fatty', 'root', 'earthy']"
CCOC(=O)c1ccc(O)c(OC)c1,"['empyreumatic', 'mineral', 'balsamic', 'metal', 'smoked', 'woody']"
CCOC(=O)C(C)=O,"['empyreumatic', 'cooked', 'vegetal', 'chemical', 'balsamic', 'solvent', 'fresh', 'alcoholic beverages', 'barrel aged alcohol', 'woody', 'cooked sugar']"
CC(C)OC(=O)C(C)C,"['fruit with pip', 'tropical fruit']"
CC(C)(O)c1ccccc1,"['green vegetal', 'fresh', 'vegetal']"
C=C(C)C1CCC(C)C(O)C1,"['fermented', 'vegetal', 'chemical', 'phenolic', 'green vegetal', 'aromatic plant', 'medicinal']"
Cc1ccc(C=O)o1,"['oleaginous', 'empyreumatic', 'fruity', 'cooked', 'dried fruit', 'fatty', 'cooked sugar']"
CCc1cccc(O)c1,"['fermented', 'empyreumatic']"
Cc1cccc(C=O)c1,"['nutty', 'dried fruit', 'red berry', 'bitter almond', 'fatty', 'oleaginous']"
CC(=O)OC1CCCCC1,"['fermented', 'chemical', 'fresh', 'fruit with pip', 'tropical fruit']"
CCOc1ccc(O)cc1,"['empyreumatic', 'fruity', 'floral', 'dried fruit', 'bush flower', 'fresh', 'fatty', 'smoked', 'oleaginous']"
CC(=O)OCc1ccco1,"['vegetable', 'sulphur', 'cruciferous', 'vegetal', 'chemical', 'solvent', 'fresh', 'tropical fruit', 'root', 'earthy']"
CCCC(O)CC,"['green vegetal', 'vegetal', 'chemical', 'balsamic', 'fruit with pip', 'fresh', 'alcoholic beverages', 'phenolic', 'tropical fruit', 'barrel aged alcohol', 'woody', 'sweet']"
CCCC(=O)OC,"['dairy', 'chemical', 'solvent', 'fresh', 'fatty', 'fruit with pip', 'tropical fruit']"
CCCCC(=O)OC,"['animal', 'dried fruit', 'vegetal', 'chemical', 'solvent', 'fresh', 'green vegetal', 'fruit with pip', 'fatty', 'tropical fruit', 'oleaginous']"
CCC(C)COC(C)=O,"['chemical', 'solvent', 'fresh', 'fruit with pip', 'tropical fruit']"
CCCCCCC(O)CC,['fatty']
CCCCCOC(=O)CC,"['fruit with pip', 'tropical fruit', 'stone fruit', 'lactone']"
CCSC,"['empyreumatic', 'cruciferous', 'vegetal', 'mineral', 'metal', 'sulphur']"
CSSC,"['cruciferous', 'vegetal', 'alliaceous', 'sulphur']"
CC(C)OC=O,"['empyreumatic', 'roasted', 'chemical', 'fresh', 'malt']"
CC(C)SC(C)C,"['vegetal', 'alliaceous', 'sulphur']"
Cc1ccc(C)o1,"['empyreumatic', 'chemical', 'balsamic', 'fresh', 'alcoholic beverages', 'barrel aged alcohol', 'woody', 'sweet']"
CCCC(C)OC(C)=O,"['fermented', 'dairy', 'vegetal', 'dried fruit', 'citrus', 'green vegetal', 'fresh', 'fatty', 'tropical fruit', 'oleaginous']"
CCCCCC(=O)OCCC,"['green vegetal', 'fresh', 'tropical fruit', 'vegetal']"
CCCCCC(=O)OCCCC,"['aldehydic', 'green vegetal', 'floral', 'vegetal', 'fermented drink', 'chemical', 'balsamic', 'fruit with pip', 'fatty', 'alcoholic beverages', 'fresh', 'tropical fruit', 'barrel aged alcohol', 'woody', 'sweet']"
CC(C)CCCO,"['dried fruit', 'vegetal', 'green vegetal', 'fatty', 'fresh', 'oleaginous']"
CCCCC(C)O,"['mineral', 'metal', 'green vegetal', 'floral', 'vegetal', 'fermented drink', 'chemical', 'phenolic', 'alcoholic beverages', 'fresh', 'woody', 'medicinal']"
CCCCCCCCCCC(=O)OCC,"['dairy', 'aldehydic', 'green vegetal', 'oleaginous', 'lactone', 'fermented', 'dried fruit', 'vegetal', 'coumarin', 'balsamic', 'chemical', 'dry vegetal', 'alcoholic beverages', 'fresh', 'tropical fruit', 'barrel aged alcohol', 'woody', 'sweet']"
COC(=O)CCCCC(=O)OC,"['fermented', 'floral', 'dried fruit', 'fermented drink', 'chemical', 'alcoholic beverages', 'fatty', 'oleaginous']"
CCCCSC,"['vegetal', 'alliaceous', 'green vegetal', 'fresh', 'sulphur']"
CC(C)CCCC(=O)O,"['fermented', 'dairy']"
CCCCCOC(C)=O,"['chemical', 'solvent', 'fresh', 'fruit with pip', 'tropical fruit']"
CCCCCCCCCCCCCCCC(=O)OCC,"['fatty', 'dairy', 'woody']"
CCCCCCCC(C)O,"['fermented', 'vegetal', 'aldehydic', 'green vegetal', 'fatty', 'fresh']"
CCCSSCCC,"['vegetable', 'empyreumatic', 'vegetal', 'mineral', 'metal', 'green vegetal', 'sulphur']"
CCCCSSCCCC,"['green vegetal', 'fresh', 'sulphur', 'vegetal']"
CC(=O)OCC1CCCO1,"['oleaginous', 'empyreumatic', 'dried fruit', 'chemical', 'balsamic', 'solvent', 'fresh', 'alcoholic beverages', 'fatty', 'barrel aged alcohol', 'woody', 'cooked sugar']"
C=Cc1ccc(OC)cc1,"['floral', 'bush flower']"
CCC(=O)OC(C)C,"['chemical', 'balsamic', 'solvent', 'fresh', 'alcoholic beverages', 'tropical fruit', 'barrel aged alcohol', 'stone fruit', 'woody']"
Cc1ccc(C)s1,"['vegetable', 'fruity', 'dried fruit', 'vegetal', 'alliaceous', 'green vegetal', 'fatty', 'sulphur', 'oleaginous']"
CC1NC(C)SC(C)S1,"['empyreumatic', 'fruity', 'dried fruit', 'fatty', 'oleaginous']"
CCCCCOC=O,"['fermented', 'floral', 'vegetal', 'fermented drink', 'chemical', 'solvent', 'alcoholic beverages', 'green vegetal', 'tropical fruit']"
Cc1ccc(-c2ccccc2)cc1,"['fruity', 'vegetal', 'fruit with pip', 'green vegetal', 'fresh', 'aromatic plant']"
CCCc1ccccc1O,"['empyreumatic', 'chemical', 'smoked', 'woody', 'sweet']"
CCCOC(=O)C(C)C,"['tropical fruit', 'peponide']"
CC(=O)c1ccc(C(C)C)cc1,"['floral', 'garden flower']"
CCCc1ccc(O)cc1,['chemical']
CC(C)CCC(=O)O,"['dairy', 'fermented']"
CC(C)CCOC(=O)CC(C)C,"['vegetal', 'balsamic', 'chemical', 'green vegetal', 'alcoholic beverages', 'fresh', 'fruit with pip', 'tropical fruit', 'barrel aged alcohol', 'stone fruit', 'woody', 'lactone']"
C=CCCCCCCCCC(=O)OCC,"['fermented', 'floral', 'vegetal', 'dairy', 'aldehydic', 'fermented drink', 'chemical', 'balsamic', 'green vegetal', 'alcoholic beverages', 'fresh', 'barrel aged alcohol', 'woody']"
CCCCCCCCC(C)=O,"['fruity', 'stone fruit', 'citrus', 'lactone']"
Cc1cscn1,"['fruity', 'dried fruit', 'vegetal', 'green vegetal', 'fresh', 'fatty', 'sulphur', 'oleaginous']"
CCC1CCC(=O)O1,"['oleaginous', 'fruity', 'dried fruit', 'vegetal', 'dairy', 'balsamic', 'dry vegetal', 'fresh', 'fatty', 'tropical fruit', 'lactone']"
CCCC1CCCC(=O)O1,"['oleaginous', 'fruity', 'dried fruit', 'vegetal', 'balsamic', 'dry vegetal', 'fresh', 'green vegetal', 'tropical fruit', 'woody']"
CSSCc1ccccc1,"['cruciferous', 'vegetal', 'mineral', 'metal', 'alliaceous', 'green vegetal', 'fresh', 'sulphur']"
CC(=O)CCc1ccco1,"['sweet', 'empyreumatic', 'cooked', 'cooked sugar']"
CCCCCC1CCCC(=O)O1,"['oleaginous', 'dried fruit', 'vegetal', 'coumarin', 'balsamic', 'dry vegetal', 'tropical fruit', 'stone fruit', 'woody']"
CCCCCCC1CCC(=O)O1,"['cooked', 'dairy', 'oleaginous', 'cooked sugar', 'lactone', 'empyreumatic', 'dried fruit', 'vegetal', 'coumarin', 'balsamic', 'dry vegetal', 'tropical fruit', 'stone fruit', 'woody']"
CCCCCCCC1CCCC(=O)O1,"['mineral', 'metal', 'oleaginous', 'dried fruit', 'vegetal', 'coumarin', 'balsamic', 'dry vegetal', 'tropical fruit', 'stone fruit', 'woody']"
C=C(C)CCO,"['green vegetal', 'vegetal']"
CSCc1ccccc1,['empyreumatic']
CCCCCCCC(C)=O,"['dairy', 'aldehydic', 'green vegetal', 'oleaginous', 'lactone', 'fermented', 'dried fruit', 'vegetal', 'coumarin', 'balsamic', 'dry vegetal', 'tropical fruit', 'woody']"
CC1CCCC(=O)O1,"['dairy', 'roasted', 'oleaginous', 'lactone', 'empyreumatic', 'dried fruit', 'vegetal', 'cocoa', 'balsamic', 'dry vegetal', 'fatty', 'fresh', 'tropical fruit', 'malt', 'milky', 'woody']"
CC1(C)SC(C)(C)SC(C)(C)S1,"['empyreumatic', 'vegetal', 'berry', 'citrus', 'green vegetal', 'fresh', 'black fruit']"
CCC(C)C(=O)OC,"['floral', 'vegetal', 'chemical', 'solvent', 'fresh', 'green vegetal', 'garden flower', 'fruit with pip']"
C=CCS,"['vegetable', 'empyreumatic', 'vegetal', 'sulphur']"
c1ccc(SSc2ccccc2)cc1,"['alliaceous', 'vegetable', 'empyreumatic', 'sulphur', 'vegetal']"
CCCCCCCC(=O)CC,"['green vegetal', 'fresh', 'vegetal']"
O=C1C=CCCC1,"['empyreumatic', 'vegetal', 'green vegetal', 'fresh', 'aromatic plant']"
CCc1ccc(C(C)=O)cc1,"['bush flower', 'woody']"
CC(C)OC(=O)c1ccccc1,['woody']
CC(=O)c1cccc2ccccc12,"['fruity', 'citrus']"
O=C1CCCS1,"['alliaceous', 'vegetable', 'empyreumatic', 'sulphur', 'vegetal']"
O=Cc1ccc[nH]1,"['fatty', 'fermented', 'empyreumatic', 'fruity', 'dried fruit', 'oleaginous']"
CC(=O)c1ccc[nH]1,"['oleaginous', 'fermented', 'fruity', 'dried fruit', 'vegetal', 'red berry', 'balsamic', 'dry vegetal', 'fresh', 'fatty', 'woody', 'sweet', 'lactone']"
COc1cc(C)ccc1C(C)C,"['phenolic', 'empyreumatic', 'smoked']"
CCCCCCCC(=O)OCCCCCC,"['green vegetal', 'fresh', 'fruit with pip', 'vegetal']"
C=CC(OC(=O)CC(C)C)C(C)CC=C(C)C,"['floral', 'lemony', 'fresh', 'bush flower', 'stone fruit', 'lactone']"
C=CC(=C)CCCC(C)(C)OC(C)=O,"['fruity', 'lemony', 'fruit with pip', 'bush flower']"
CC(=O)c1ccccn1,"['fermented', 'empyreumatic', 'fruity', 'dried fruit', 'vegetal', 'dry vegetal', 'pyrazic', 'oleaginous']"
CC(CO)c1ccccc1,"['vegetal', 'honeyed', 'green vegetal', 'fresh', 'bush flower', 'garden flower', 'woody']"
Cc1nc(C)c(C)nc1C,"['oleaginous', 'fermented', 'empyreumatic', 'fruity', 'dairy', 'dried fruit', 'roasted', 'balsamic', 'fatty', 'malt', 'milky', 'woody', 'sweet']"
COc1ccc(C(C)=O)cc1OC,"['fruity', 'nutty', 'dried fruit', 'bitter almond', 'fatty', 'oleaginous']"
C=C1CCC2OC2(C)CCC2C1CC2(C)C,"['wood', 'dry vegetal', 'resinous', 'vegetal']"
CCCCCC(C)C(=O)O,"['animal', 'fermented', 'dairy', 'vegetal', 'green vegetal', 'fresh']"
CC(=O)OCC=C(C)C,"['vegetal', 'green vegetal', 'fruit with pip', 'tropical fruit', 'woody']"
SCCCCCCS,"['fermented', 'empyreumatic', 'musty', 'woody', 'earthy']"
SCCCCCCCCS,"['fermented', 'musty', 'woody']"
CC(=O)c1ccco1,"['cooked', 'dairy', 'roasted', 'bitter almond', 'oleaginous', 'cooked sugar', 'empyreumatic', 'fruity', 'dried fruit', 'fatty', 'malt', 'woody']"
CC1=CC(=O)CCC1,"['cooked', 'bitter almond', 'green vegetal', 'aromatic plant', 'oleaginous', 'cooked sugar', 'fermented', 'empyreumatic', 'dried fruit', 'red berry', 'vegetal', 'fatty', 'fresh']"
CC(=O)c1ccc(C)o1,"['cooked', 'dairy', 'cooked sugar', 'oleaginous', 'lactone', 'fermented', 'empyreumatic', 'fruity', 'dried fruit', 'vegetal', 'balsamic', 'dry vegetal', 'fresh', 'fatty', 'tropical fruit', 'woody']"
Cc1ccc(C(C)(C)O)cc1,"['green vegetal', 'aromatic plant', 'oleaginous', 'lactone', 'dried fruit', 'vegetal', 'red berry', 'mint', 'balsamic', 'chemical', 'dry vegetal', 'fresh', 'phenolic', 'fatty', 'woody', 'medicinal']"
C=C1CCC2CC1C2(C)C,"['wood', 'vegetal', 'chemical', 'phenolic', 'green vegetal', 'aromatic plant', 'dry vegetal', 'resinous', 'medicinal']"
c1coc(Cn2cccc2)c1,"['sulphur', 'fermented', 'empyreumatic', 'musty', 'cruciferous', 'vegetal', 'phenolic', 'green vegetal', 'fresh', 'woody', 'root', 'smoked']"
CC(=O)c1cc(C)ccc1O,"['fruity', 'vegetal', 'red berry', 'honeyed', 'balsamic', 'dry vegetal', 'fresh', 'woody', 'lactone']"
COC(=O)CC(C)O,"['fermented', 'floral', 'vegetal', 'fermented drink', 'chemical', 'fruit with pip', 'alcoholic beverages', 'green vegetal']"
CCC(C)CCC(=O)O,"['dairy', 'fermented']"
SC1CCCCC1,"['sulphur', 'empyreumatic', 'cruciferous', 'vegetal', 'alliaceous', 'root', 'earthy']"
CCCCCC1OCC(C)O1,"['green vegetal', 'tropical fruit', 'vegetal']"
CSCSC,"['mineral', 'metal', 'green vegetal', 'sulphur', 'root', 'earthy', 'vegetable', 'fermented', 'musty', 'cruciferous', 'vegetal', 'fresh', 'woody']"
C=CC(=O)CC,"['vegetable', 'root', 'cruciferous', 'vegetal', 'chemical', 'solvent', 'fresh', 'sulphur', 'earthy']"
C=CC(=O)CCC,"['metal', 'green vegetal', 'fresh', 'empyreumatic', 'vegetal', 'mineral']"
COC(C)(C)C,"['fermented', 'floral', 'vegetal', 'fermented drink', 'chemical', 'solvent', 'alcoholic beverages', 'green vegetal', 'aromatic plant', 'sulphur']"
CCCCCCCS,"['alliaceous', 'sulphur', 'vegetal']"
CCCCCCCCCC(C)O,"['vegetal', 'aldehydic', 'green vegetal', 'bush flower']"
SC1CCCC1,"['root', 'empyreumatic', 'cruciferous', 'vegetal', 'green vegetal', 'aromatic plant', 'sulphur', 'earthy']"
CCCCCCCCCCCOC(C)=O,"['bush flower', 'floral']"
CCCCCCCCC(=O)OC,"['green vegetal', 'oleaginous', 'lactone', 'fermented', 'floral', 'vegetal', 'coumarin', 'dried fruit', 'fermented drink', 'chemical', 'balsamic', 'fruit with pip', 'alcoholic beverages', 'fresh', 'dry vegetal', 'fatty', 'tropical fruit', 'woody']"
CCCCCCCCCCC(=O)OC,"['chemical', 'alcoholic beverages', 'fermented', 'floral', 'fermented drink']"
CC(C)=CC(=O)OC(C)C,"['floral', 'vegetal', 'green vegetal', 'fresh', 'aromatic plant', 'garden flower']"
C=CCOC(=O)Cc1ccccc1,"['honeyed', 'balsamic', 'chemical', 'alcoholic beverages', 'tropical fruit', 'barrel aged alcohol', 'woody']"
CCOC(=O)CCc1ccccc1,"['honeyed', 'balsamic', 'chemical', 'bush flower', 'alcoholic beverages', 'garden flower', 'barrel aged alcohol', 'woody']"
CCCCCCCC(=O)OCCC(C)C,"['aldehydic', 'green vegetal', 'oleaginous', 'lactone', 'fermented', 'floral', 'vegetal', 'coumarin', 'dried fruit', 'fermented drink', 'chemical', 'balsamic', 'dry vegetal', 'alcoholic beverages', 'fresh', 'tropical fruit', 'barrel aged alcohol', 'woody']"
CCCCCOC(=O)c1ccccc1,"['fermented', 'vegetal', 'green vegetal', 'fresh', 'woody']"
CCCCCOC(=O)c1ccccc1O,"['empyreumatic', 'dairy', 'vegetal', 'cocoa', 'roasted', 'green vegetal', 'fresh', 'malt', 'milky', 'woody']"
C=CCSSSCC=C,"['vegetable', 'empyreumatic', 'vegetal', 'mineral', 'alliaceous', 'metal', 'sulphur']"
C=CCOC(=O)CCC,"['vegetal', 'green vegetal', 'fresh', 'fruit with pip', 'tropical fruit', 'stone fruit', 'lactone']"
CCCCOC(=O)CCC(C)=O,"['empyreumatic', 'cooked', 'cooked sugar']"
C=CCCC=O,"['green vegetal', 'fresh', 'empyreumatic', 'vegetal']"
C=C(C)C1CC=C(C=O)CC1,"['fresh aldehydic', 'aldehydic', 'green vegetal', 'aromatic plant', 'fruity', 'lemony', 'vegetal', 'red berry', 'chemical', 'phenolic', 'woody', 'medicinal']"
CC1=CCC(C(C)(C)OC=O)CC1,['bush flower']
CC(C)COc1ccc2ccccc2c1,"['fermented', 'red berry']"
C=CCSSCC=C,"['vegetable', 'vegetal', 'mineral', 'metal', 'sulphur']"
C=CCSSCCC,"['vegetable', 'empyreumatic', 'vegetal', 'sulphur']"
CCCSSC,"['sulphur', 'cruciferous', 'vegetal', 'root', 'earthy']"
CCCCCC(=O)OCCC(C)C,"['fermented', 'dairy', 'vegetal', 'green vegetal', 'fresh', 'fruit with pip', 'tropical fruit']"
CCCCCCCOC(=O)CC,"['fermented', 'fermented drink', 'chemical', 'alcoholic beverages', 'bush flower', 'stone fruit', 'lactone']"
S=C=NCCc1ccccc1,"['sulphur', 'cruciferous', 'vegetal', 'green vegetal', 'fresh', 'root', 'earthy']"
CCCCCc1ccccn1,"['fermented', 'musty', 'vegetal', 'earthy', 'green vegetal', 'fresh', 'woody']"
CCCCCCCCC1CCC(=O)O1,"['dairy', 'vegetal', 'mineral', 'metal', 'green vegetal', 'stone fruit', 'lactone']"
CCCCCC(=O)OC(C)C,['tropical fruit']
CCCCCCCCCC(=O)OC(C)C,"['green vegetal', 'fatty', 'fresh', 'vegetal']"
CCCOC(=O)c1ccccc1,"['oleaginous', 'fruity', 'dried fruit', 'fatty', 'woody', 'sweet']"
CC1=NCCS1,"['fermented', 'empyreumatic', 'fruity', 'dried fruit', 'vegetal', 'green vegetal', 'fresh', 'fatty', 'oleaginous']"
CCCCCCOC(=O)C(C)C,"['fermented', 'floral', 'vegetal', 'fermented drink', 'chemical', 'fruit with pip', 'alcoholic beverages', 'green vegetal', 'fresh', 'stone fruit', 'lactone']"
CCCCCC=CC=CC=O,"['fresh aldehydic', 'aldehydic', 'green vegetal', 'cucurbitacea', 'oleaginous', 'vegetable', 'fruity', 'floral', 'vegetal', 'dried fruit', 'garden flower', 'peponide']"
Cc1nc2ccccc2nc1C,['empyreumatic']
CCC1C=CC(=O)O1,"['cooked', 'cooked sugar', 'oleaginous', 'lactone', 'empyreumatic', 'dried fruit', 'vegetal', 'balsamic', 'dry vegetal', 'fresh', 'fatty', 'tropical fruit', 'woody', 'sweet']"
CC1CCCC(C)(C)C1=O,"['fruity', 'vegetal', 'mint', 'honeyed', 'chemical', 'phenolic', 'green vegetal', 'fresh', 'dry vegetal', 'sweet', 'medicinal']"
COC(=O)CCC(C)C,"['fermented', 'tropical fruit', 'dairy']"
CC1=CCC(C(C)(C)O)CC1,"['wood', 'fruity', 'lemony', 'vegetal', 'citrus', 'phenolic', 'garden flower', 'resinous']"
C=CC(CCCCC)OC(C)=O,"['fermented', 'musty', 'floral', 'vegetal', 'green vegetal', 'fatty', 'bush flower', 'woody']"
CCC(C)COC(=O)C(C)CC,"['vegetal', 'green vegetal', 'fresh', 'fruit with pip', 'tropical fruit']"
CCCCCCC=CC=O,"['fruity', 'fresh aldehydic', 'floral', 'vegetal', 'green vegetal', 'fresh', 'garden flower', 'cucurbitacea', 'peponide']"
COc1cc(C(C)=O)cc(OC)c1O,['woody']
CC(=O)CCc1ccccc1,"['green vegetal', 'vegetal', 'woody', 'sweet']"
C1CCC(SSC2CCCCC2)CC1,"['roasted', 'green vegetal', 'sulphur', 'oleaginous', 'vegetable', 'fermented', 'empyreumatic', 'fruity', 'dried fruit', 'vegetal', 'fresh', 'fatty', 'malt']"
CCCCCCOC(=O)CCC,"['vegetal', 'aldehydic', 'green vegetal', 'fatty', 'fresh', 'fruit with pip']"
CCOC(C)CC,"['chemical', 'solvent']"
C=CCOC(=O)CCC1CCCCC1,['tropical fruit']
COC(=O)c1ccccc1NC(C)=O,"['fruit with pip', 'floral', 'red berry']"
CC1=CC(=O)CC1,"['empyreumatic', 'cooked', 'cooked sugar']"
CC1SC(C)SC(C)S1,"['vegetable', 'fruity', 'vegetal', 'berry', 'alliaceous', 'sulphur', 'black fruit']"
CCCc1ccc(O)c(OC)c1,"['floral', 'chemical', 'woody', 'medicinal']"
C=CCOC(=O)CC(C)C,"['fermented', 'floral', 'red berry', 'fermented drink', 'chemical', 'fruit with pip', 'alcoholic beverages', 'tropical fruit']"
COc1nccnc1C,"['dairy', 'bitter almond', 'oleaginous', 'empyreumatic', 'fruity', 'dried fruit', 'cocoa', 'fatty', 'malt', 'milky', 'sweet']"
CSS(C)(=O)=O,"['vegetable', 'empyreumatic', 'vegetal', 'sulphur']"
CC(C)C(C)C(C)(C)O,"['vegetal', 'mint', 'chemical', 'phenolic', 'green vegetal', 'fresh', 'medicinal']"
COc1cnccn1,"['dairy', 'green vegetal', 'oleaginous', 'fermented', 'empyreumatic', 'fruity', 'floral', 'vegetal', 'dried fruit', 'fermented drink', 'chemical', 'alcoholic beverages', 'fresh', 'fatty', 'malt', 'milky']"
CCc1ccco1,"['fermented', 'empyreumatic', 'fruity', 'dried fruit', 'roasted', 'chemical', 'solvent', 'fresh', 'fatty', 'malt', 'oleaginous']"
CSCCC=O,"['fermented', 'dairy', 'vegetal', 'alliaceous', 'fatty', 'sulphur']"
CCOC(=O)C1CCCCC1,"['floral', 'dairy', 'fermented drink', 'chemical', 'fruit with pip', 'alcoholic beverages', 'sweet']"
CCCCC1CCCC(=O)O1,"['dairy', 'oleaginous', 'lactone', 'fruity', 'dried fruit', 'vegetal', 'balsamic', 'dry vegetal', 'fresh', 'tropical fruit', 'woody']"
C=C1CCC2(C(C)C)CC12,"['wood', 'fruity', 'vegetal', 'mint', 'chemical', 'phenolic', 'green vegetal', 'fatty', 'fresh', 'resinous', 'medicinal']"
C=CC(O)CCCCC,"['fermented', 'fresh aldehydic', 'floral', 'vegetal', 'aldehydic', 'green vegetal', 'fatty', 'fresh', 'garden flower', 'woody', 'peponide']"
CC(CCO)CC(C)(C)C,"['fruity', 'fresh aldehydic', 'vegetal', 'chemical', 'phenolic', 'green vegetal', 'fatty', 'fresh', 'aromatic plant', 'dry vegetal', 'peponide', 'medicinal']"
COCCc1ccccc1,"['vegetal', 'mineral', 'metal', 'green vegetal', 'fresh', 'bush flower', 'garden flower']"
CC(=O)CCc1ccc(OC(C)=O)cc1,"['balsamic', 'red berry', 'sweet']"
O=C(O)COc1ccccc1,['honeyed']
CC1=C(O)C(=O)C(C)O1,"['empyreumatic', 'cooked', 'red berry', 'tropical fruit', 'cooked sugar']"
CSSSC,"['empyreumatic', 'cruciferous', 'vegetal', 'sulphur']"
C=C(C)CC(C)=O,"['empyreumatic', 'vegetal', 'green vegetal', 'fresh', 'aromatic plant']"
CCCCCc1ccco1,"['metal', 'green vegetal', 'fresh', 'vegetal', 'mineral']"
CCCCCCCc1ccco1,"['empyreumatic', 'fruity', 'dried fruit', 'vegetal', 'green vegetal', 'fresh', 'oleaginous']"
CC(=O)CCC=C(C)CCC=C(C)C,"['vegetal', 'mineral', 'metal', 'green vegetal', 'bush flower']"
CCOC(CC(C)C)OCC,"['empyreumatic', 'vegetal', 'roasted', 'chemical', 'solvent', 'fresh', 'green vegetal', 'malt']"
CCCC(=O)C(C)=O,"['fermented', 'empyreumatic', 'cooked', 'dairy', 'cooked sugar']"
CCCSC,"['empyreumatic', 'dairy', 'vegetal', 'green vegetal', 'fresh', 'sulphur']"
CCOC(=O)C(C)(C)C,"['balsamic', 'chemical', 'fruit with pip', 'alcoholic beverages', 'barrel aged alcohol', 'woody', 'sweet']"
COC(=O)c1ccc(O)c(OC)c1,"['balsamic', 'green vegetal', 'vegetal', 'woody']"
CCCCCCC(C)O,"['vegetable', 'fermented', 'fruity', 'fresh aldehydic', 'dairy', 'vegetal', 'aldehydic', 'green vegetal', 'fruit with pip', 'cucurbitacea']"
C=CCOC(=O)CCCCCCC,"['fermented', 'floral', 'vegetal', 'aldehydic', 'mineral', 'fermented drink', 'chemical', 'metal', 'green vegetal', 'alcoholic beverages', 'fresh', 'fruit with pip', 'tropical fruit']"
Cc1cc2ccccc2o1,['empyreumatic']
CCCC(=O)Oc1ccccc1,['honeyed']
CCCCCCC1OCC(C)O1,"['green vegetal', 'vegetal']"
O=COC1CCCCC1,"['vegetal', 'red berry', 'chemical', 'solvent', 'fresh', 'green vegetal', 'tropical fruit']"
O=C1CCC2CCCCC2O1,"['oleaginous', 'fruity', 'dairy', 'vegetal', 'dried fruit', 'balsamic', 'dry vegetal', 'fresh', 'fatty', 'tropical fruit']"
c1coc(CSSCc2ccco2)c1,"['vegetable', 'empyreumatic', 'cruciferous', 'vegetal', 'alliaceous', 'sulphur']"
OCCC1CCCCC1,"['vegetal', 'green vegetal', 'bush flower', 'garden flower']"
CCCCc1ccco1,"['fermented', 'empyreumatic', 'floral', 'vegetal', 'dried fruit', 'fermented drink', 'chemical', 'alcoholic beverages', 'fatty', 'oleaginous']"
CC(C)C1CCC(O)CC1,"['animal', 'vegetal', 'mineral', 'metal', 'phenolic', 'green vegetal', 'fresh', 'bush flower', 'garden flower']"
CC(C)=CCCC(C)O,"['green vegetal', 'fresh', 'fruity', 'vegetal']"
COC(=O)C1CCCCC1,"['dairy', 'vegetal', 'green vegetal', 'fresh', 'aromatic plant', 'tropical fruit']"
CCc1ccc(C=O)cc1,"['nutty', 'dried fruit', 'red berry', 'vegetal', 'bitter almond', 'green vegetal', 'fresh', 'fatty', 'oleaginous']"
C=CC(O)CCC,"['vegetal', 'mineral', 'chemical', 'balsamic', 'solvent', 'fresh', 'green vegetal', 'alcoholic beverages', 'metal', 'barrel aged alcohol', 'woody', 'sweet']"
CCCCCc1cccs1,"['empyreumatic', 'musty', 'nutty', 'dairy', 'dried fruit', 'earthy', 'woody', 'oleaginous']"
O=C1CCCC1C1CCCC1,"['vegetal', 'green vegetal', 'fatty', 'aromatic plant']"
C=CC(O)CCCC,"['fermented', 'musty', 'dairy', 'vegetal', 'mineral', 'metal', 'green vegetal', 'fatty', 'fresh', 'woody']"
CCc1occc(=O)c1O,"['empyreumatic', 'cooked', 'red berry', 'cooked sugar']"
C=CCCCCCC(C)=O,"['dairy', 'fermented']"
CC(C)=CCOC(=O)c1ccccc1,"['empyreumatic', 'dairy', 'vegetal', 'roasted', 'cocoa', 'dry vegetal', 'malt', 'milky', 'woody']"
O=C(O)CC1CCCCC1,"['fermented', 'empyreumatic', 'cooked', 'dairy', 'floral', 'honeyed', 'cooked sugar', 'sweet']"
CCCCCCOC(C)OCCCCCC,"['vegetal', 'chemical', 'solvent', 'fresh', 'green vegetal', 'fruit with pip']"
CC(CC=O)CC(C)(C)C,"['fruity', 'fresh aldehydic', 'vegetal', 'green vegetal', 'fresh']"
CCCCCCC(=O)OCCCC,"['fermented', 'fresh aldehydic', 'floral', 'vegetal', 'aldehydic', 'fermented drink', 'chemical', 'fruit with pip', 'alcoholic beverages', 'fatty', 'fresh', 'green vegetal']"
CCCCCCCC(=O)OC(C)C,"['oleaginous', 'lactone', 'fermented', 'floral', 'vegetal', 'coumarin', 'dried fruit', 'fermented drink', 'chemical', 'balsamic', 'dry vegetal', 'alcoholic beverages', 'fresh', 'tropical fruit', 'barrel aged alcohol', 'woody', 'sweet']"
CCOC(=O)CCS,['fruit with pip']
CC(=O)CCc1ccc(O)cc1,['red berry']
Cc1nccnc1C,"['vegetable', 'oleaginous', 'fermented', 'empyreumatic', 'fruity', 'cooked', 'floral', 'vegetal', 'dried fruit', 'green vegetal', 'fresh', 'fatty', 'malt', 'cooked sugar', 'sweet']"
C=CC1(C)CCC(C(C)(C)O)O1,"['green vegetal', 'fresh', 'dairy', 'vegetal']"
C=C(C)C1CC=C(C)CC1,"['wood', 'fruity', 'lemony', 'vegetal', 'resinous']"
CCCSSSCCC,"['vegetal', 'green vegetal', 'fresh', 'sulphur']"
CCCC(C)O,"['fruity', 'floral', 'vegetal', 'fermented drink', 'chemical', 'phenolic', 'fresh', 'alcoholic beverages', 'fatty', 'green vegetal', 'tropical fruit', 'fruit with pip', 'medicinal']"
CCCCCCOC(=O)c1ccccc1O,"['vegetal', 'green vegetal', 'dry vegetal', 'woody', 'sweet']"
CCCCCCCCCCCCOC(=O)C(C)O,['empyreumatic']
CCCCCCOC(=O)CCCCC,"['fresh aldehydic', 'vegetal', 'aldehydic', 'green vegetal', 'fatty']"
CSCCSC,"['vegetable', 'empyreumatic', 'vegetal', 'sulphur']"
CCCCC=CC=CC=O,"['vegetable', 'fresh aldehydic', 'floral', 'vegetal', 'dried fruit', 'aldehydic', 'green vegetal', 'fresh', 'garden flower', 'cucurbitacea', 'peponide', 'oleaginous']"
CCCCCCOC(=O)c1ccccc1,"['green vegetal', 'vegetal', 'sweet']"
c1csc(SSc2cccs2)c1,"['fermented', 'musty', 'woody']"
CCCCCC(=O)OCc1ccccc1,"['vegetal', 'green vegetal', 'fresh', 'tropical fruit', 'stone fruit', 'lactone']"
C=CC(C)(CCC=C(C)C)OC(=O)c1ccccc1N,"['fruity', 'vegetal', 'citrus', 'green vegetal', 'bush flower']"
COc1ccccc1S,"['empyreumatic', 'floral', 'balsamic', 'smoked', 'woody']"
CCOC(=O)C(C)CC,"['red berry', 'vegetal', 'balsamic', 'chemical', 'green vegetal', 'alcoholic beverages', 'fruit with pip', 'barrel aged alcohol', 'stone fruit', 'woody', 'lactone']"
CCCCOC(=O)C(C)OC(=O)CCC,"['animal', 'fermented', 'vegetal', 'green vegetal', 'fresh']"
CC(=O)C(=O)C(C)C,['dairy']
C=CCOC(=O)COc1ccccc1,"['empyreumatic', 'floral', 'roasted', 'honeyed', 'garden flower', 'tropical fruit', 'malt']"
CCOC(=O)CC(O)C(=O)OCC,"['fermented', 'empyreumatic', 'cooked', 'floral', 'fermented drink', 'chemical', 'fruit with pip', 'alcoholic beverages', 'cooked sugar']"
CCCCOC(=O)c1ccccc1N,"['fermented', 'fermented drink', 'chemical', 'fruit with pip', 'alcoholic beverages', 'stone fruit']"
C=C(C)C1CCC(C)C(=O)C1,"['vegetal', 'chemical', 'phenolic', 'green vegetal', 'fresh', 'aromatic plant', 'dry vegetal', 'medicinal']"
Nc1ccccc1C(=O)OC1CCCCC1,"['citrus', 'fruit with pip']"
CCCCCCCCCC(OC)OC,"['green vegetal', 'fresh', 'vegetal']"
CC(C)COC(=O)c1ccccc1N,"['citrus', 'fruit with pip']"
CCCCCCC(=O)OCC(C)C,"['fermented', 'floral', 'vegetal', 'fermented drink', 'chemical', 'balsamic', 'green vegetal', 'alcoholic beverages', 'fresh', 'barrel aged alcohol', 'woody', 'sweet']"
CCCCCCC(C)C=O,"['bush flower', 'fruity', 'garden flower']"
C=C(C)C1CCC(C)CC1O,"['fresh aldehydic', 'vegetal', 'aldehydic', 'chemical', 'phenolic', 'green vegetal', 'fresh', 'fatty', 'garden flower', 'bush flower', 'aromatic plant', 'dry vegetal']"
CCOc1ccc(C=O)cc1,"['fruity', 'nutty', 'dried fruit', 'red berry', 'bitter almond', 'fatty', 'fresh', 'oleaginous']"
C=CCc1ccc(OC=O)c(OC)c1,"['chemical', 'phenolic', 'garden flower', 'floral', 'medicinal', 'spicy']"
CCCCCCOC(=O)C(C)CC,"['green vegetal', 'fresh', 'fruit with pip', 'vegetal']"
CCC(C)N,"['dairy', 'fermented']"
CCCC(=O)OC(C)(C)Cc1ccccc1,"['vegetal', 'green vegetal', 'fresh', 'dry vegetal', 'stone fruit', 'lactone']"
CCOC(=O)C1CC2C=CC1C2,"['honeyed', 'green vegetal', 'fresh', 'vegetal', 'sweet']"
C=CCc1ccc(OC(=O)Cc2ccccc2)c(OC)c1,['honeyed']
CCCCCCCCCCCCC=O,"['fruity', 'vegetal', 'green vegetal']"
CCCCC(=O)C(C)C,"['green vegetal', 'fresh', 'fermented', 'vegetal']"
C=CCCCCCCCCO,"['green vegetal', 'fatty', 'bush flower', 'floral', 'vegetal']"
CCc1cnc(C)cn1,"['empyreumatic', 'fruity', 'fresh aldehydic', 'dried fruit', 'vegetal', 'aldehydic', 'green vegetal', 'fresh', 'fatty', 'malt', 'oleaginous']"
CCc1nc(C)cnc1C,"['dairy', 'bitter almond', 'oleaginous', 'vegetable', 'empyreumatic', 'fruity', 'dried fruit', 'vegetal', 'fatty', 'malt', 'milky', 'sweet']"
CC1=CCC2C(C1)C2(C)C,"['wood', 'fruity', 'vegetal', 'chemical', 'resinous']"
CC(C)(C)C1CCCCC1O,"['wood', 'vegetal', 'chemical', 'green vegetal', 'fresh', 'aromatic plant', 'resinous', 'medicinal']"
CC(=O)C(=O)CC(C)C,"['fatty', 'dairy']"
CCc1cnccn1,"['empyreumatic', 'fruity', 'dairy', 'dried fruit', 'fatty', 'malt', 'oleaginous']"
CCc1cncc(C)n1,"['vegetable', 'empyreumatic', 'fruity', 'nutty', 'dried fruit', 'vegetal', 'fatty', 'malt', 'oleaginous']"
Cc1nccnc1CC(C)C,"['empyreumatic', 'cooked', 'vegetal', 'green vegetal', 'fresh', 'cooked sugar', 'sweet']"
CCc1ncc(C)nc1C,"['cooked', 'dairy', 'bitter almond', 'oleaginous', 'cooked sugar', 'fermented', 'empyreumatic', 'fruity', 'dried fruit', 'fatty', 'malt', 'milky', 'sweet']"
C=Cc1cnc(C)cn1,['empyreumatic']
C=CC1(C)CCC(O)C(C)(C)O1,"['honeyed', 'dairy']"
CCCCCC=CC(C)=O,"['fermented', 'musty', 'dried fruit', 'woody', 'oleaginous']"
Cc1cnc(C)c(C)n1,"['vegetable', 'fermented', 'empyreumatic', 'fruity', 'floral', 'vegetal', 'dried fruit', 'fatty', 'malt', 'oleaginous']"
CC1(C)CCCC2(C)OC(=O)C=C12,"['vegetal', 'fruit with pip', 'dry vegetal', 'stone fruit', 'lactone']"
CCc1nc(C)cs1,"['empyreumatic', 'fruity', 'dried fruit', 'vegetal', 'roasted', 'green vegetal', 'fresh', 'fatty', 'malt', 'oleaginous']"
CCc1nccnc1C,"['vegetable', 'fermented', 'empyreumatic', 'fruity', 'dried fruit', 'vegetal', 'green vegetal', 'fresh', 'fatty', 'oleaginous']"
CCc1nccnc1CC,"['vegetable', 'empyreumatic', 'fruity', 'dried fruit', 'vegetal', 'fatty', 'oleaginous']"
CCc1cnc(C)c(C)n1,"['dairy', 'bitter almond', 'oleaginous', 'empyreumatic', 'fruity', 'dried fruit', 'fatty', 'pyrazic', 'malt', 'milky', 'sweet']"
CC(C)=CC1CC(C)CCO1,"['vegetal', 'mint', 'mineral', 'chemical', 'phenolic', 'green vegetal', 'bush flower', 'garden flower', 'metal', 'medicinal']"
CC(=O)OC1CC(C)CCC1C(C)C,"['vegetal', 'green vegetal', 'aromatic plant', 'dry vegetal']"
C=CC(CCCCC)OC(=O)CCC,"['fermented', 'musty', 'dairy', 'vegetal', 'mineral', 'metal', 'green vegetal', 'fatty', 'fresh', 'woody']"
CCC(C)(C)C1CCC(=O)CC1,"['floral', 'vegetal', 'mint', 'chemical', 'phenolic', 'green vegetal', 'fresh', 'garden flower', 'medicinal']"
CCc1ncc(C)nc1CC,"['dairy', 'green vegetal', 'oleaginous', 'fermented', 'empyreumatic', 'fruity', 'dried fruit', 'vegetal', 'cocoa', 'fresh', 'fatty', 'malt', 'milky', 'sweet']"
CCc1cnc(C)c(CC)n1,"['empyreumatic', 'fruity', 'dried fruit', 'vegetal', 'roasted', 'green vegetal', 'fresh', 'fatty', 'malt', 'oleaginous']"
C=CC(C)CCCC(C)(C)O,"['fruity', 'lemony']"
CCCCCCCCC(C)C=O,"['green vegetal', 'fruity', 'vegetal']"
CC1CCCC2(C)CCCCC12O,"['green vegetal', 'fermented', 'vegetal']"
Cc1nc(C)c(C)o1,"['oleaginous', 'empyreumatic', 'dairy', 'vegetal', 'dried fruit', 'cocoa', 'green vegetal', 'fresh', 'fatty', 'malt', 'milky']"
C=C(C)C1CCC(C)C(OC(C)=O)C1,"['wood', 'vegetal', 'chemical', 'phenolic', 'green vegetal', 'bush flower', 'fresh', 'aromatic plant', 'resinous', 'woody', 'medicinal']"
CC(=O)OCCC(C)CCCC(C)C,"['honeyed', 'bush flower']"
CC(=O)OCCC1CCCCC1,"['vegetal', 'red berry', 'green vegetal', 'bush flower', 'fresh', 'aromatic plant']"
CC(=O)c1cnccn1,"['dairy', 'oleaginous', 'vegetable', 'fermented', 'empyreumatic', 'fruity', 'dried fruit', 'vegetal', 'cocoa', 'fatty', 'pyrazic', 'malt', 'milky', 'sweet']"
CC(=O)c1cnc(C)cn1,"['empyreumatic', 'fruity', 'dried fruit', 'fatty', 'pyrazic', 'oleaginous']"
CCCCOC(=O)Cc1ccccc1,"['empyreumatic', 'dairy', 'vegetal', 'roasted', 'honeyed', 'dry vegetal', 'bush flower', 'malt', 'milky']"
COc1cc(CCC(C)=O)ccc1O,['dairy']
CCC(=O)OCc1ccccc1,"['tropical fruit', 'stone fruit', 'woody', 'peponide', 'lactone']"
CCC(=O)OCCc1ccccc1,"['honeyed', 'bush flower', 'woody', 'sweet']"
CC(=O)OCCCc1ccccc1,"['vegetal', 'honeyed', 'chemical', 'phenolic', 'dry vegetal', 'woody', 'medicinal']"
CC(=O)Oc1ccccc1,"['empyreumatic', 'floral', 'mineral', 'metal', 'chemical', 'garden flower', 'smoked']"
COc1ccc(CC(C)=O)cc1,"['floral', 'vegetal', 'dairy', 'green vegetal', 'fresh', 'bush flower', 'woody']"
OCCCc1ccccc1,"['chemical', 'phenolic', 'garden flower', 'woody', 'medicinal']"
OCCOc1ccccc1,"['spicy', 'chemical', 'phenolic', 'bush flower', 'woody', 'sweet', 'medicinal']"
CCc1ccc(O)cc1,"['empyreumatic', 'smoked']"
COc1ccc(C=O)cc1,"['vegetal', 'dry vegetal', 'bush flower', 'fresh', 'woody']"
CCCC(C)C=O,"['fermented', 'empyreumatic', 'dairy', 'vegetal', 'roasted', 'chemical', 'solvent', 'fresh', 'green vegetal', 'malt']"
CCCC(=O)CCC,"['fermented', 'dairy', 'vegetal', 'balsamic', 'chemical', 'green vegetal', 'alcoholic beverages', 'fresh', 'tropical fruit', 'barrel aged alcohol', 'woody']"
CCOC(=O)CCC(=O)OCC,"['fermented', 'floral', 'vegetal', 'fermented drink', 'chemical', 'solvent', 'fresh', 'alcoholic beverages', 'fruit with pip', 'green vegetal']"
CCCCCCCCC(=O)OCC,"['bush flower', 'oleaginous', 'fermented', 'floral', 'dried fruit', 'fermented drink', 'chemical', 'balsamic', 'fruit with pip', 'alcoholic beverages', 'barrel aged alcohol', 'woody', 'sweet']"
Cc1cnc(C)cn1,"['fresh aldehydic', 'dairy', 'aldehydic', 'green vegetal', 'oleaginous', 'fermented', 'empyreumatic', 'fruity', 'dried fruit', 'vegetal', 'floral', 'chemical', 'phenolic', 'fresh', 'fatty', 'malt', 'milky', 'sweet']"
CC(C)CCO,"['chemical', 'balsamic', 'solvent', 'fresh', 'alcoholic beverages', 'phenolic', 'tropical fruit', 'barrel aged alcohol', 'woody', 'sweet', 'medicinal']"
CC1OC(C)OC(C)O1,"['fermented', 'balsamic', 'chemical', 'alcoholic beverages', 'barrel aged alcohol', 'woody']"
CCCCCC(=O)OCC,"['vegetal', 'red berry', 'fruit with pip', 'green vegetal', 'fresh', 'tropical fruit']"
C=CCOC(=O)CCCCC,"['solvent', 'fermented', 'floral', 'fermented drink', 'chemical', 'balsamic', 'fresh', 'alcoholic beverages', 'tropical fruit', 'barrel aged alcohol', 'woody']"
CCCCOC(C)=O,"['chemical', 'fresh', 'fruit with pip', 'tropical fruit']"
CC(=O)OCCC(C)C,"['chemical', 'fruit with pip', 'fresh', 'tropical fruit']"
CCCCCCCCCCCCCC(=O)OCC,"['garden flower', 'floral', 'dairy']"
CCCCCCCCCCCCCC(=O)OC,"['floral', 'balsamic', 'chemical', 'alcoholic beverages', 'garden flower', 'barrel aged alcohol', 'woody', 'sweet']"
CCCCCCCCC=O,"['vegetable', 'fruity', 'fresh aldehydic', 'vegetal', 'lemony', 'green vegetal', 'bush flower', 'cucurbitacea', 'garden flower']"
CCCCCCCCCCCCCC=O,"['animal', 'musky', 'balsamic', 'fruit with pip', 'woody', 'sweet']"
C=CC(C)(CCC=C(C)C)OC(=O)c1ccccc1,"['lemony', 'fruit with pip', 'fresh', 'garden flower', 'stone fruit']"
CC1(C)C2CC=C(CCO)C1C2,"['wood', 'fruity', 'vegetal', 'mint', 'chemical', 'phenolic', 'green vegetal', 'fresh', 'resinous', 'medicinal']"
CCC(=O)OCCOc1ccccc1,"['dry vegetal', 'bush flower', 'floral', 'vegetal']"
CC1SSC(C)S1,"['alliaceous', 'vegetable', 'empyreumatic', 'sulphur', 'vegetal']"
CC(=O)c1nccnc1C,"['cooked', 'oleaginous', 'cooked sugar', 'empyreumatic', 'fruity', 'dried fruit', 'vegetal', 'fatty', 'pyrazic', 'malt', 'sweet']"
CC1NCCS1,['empyreumatic']
COc1nccnc1CC(C)C,"['green vegetal', 'fresh', 'vegetal']"
CCc1nccnc1OC,"['fermented', 'fruity', 'dried fruit', 'vegetal', 'green vegetal', 'fresh', 'fatty', 'oleaginous']"
COc1nccnc1C(C)C,"['oleaginous', 'empyreumatic', 'fruity', 'dairy', 'vegetal', 'dried fruit', 'cocoa', 'roasted', 'green vegetal', 'fresh', 'fatty', 'malt', 'milky', 'sweet']"
COc1ccccc1C,"['fruity', 'dried fruit', 'vegetal', 'mint', 'chemical', 'green vegetal', 'fresh', 'fatty', 'oleaginous', 'medicinal']"
CC(S)S,"['vegetable', 'fermented', 'empyreumatic', 'dairy', 'vegetal', 'alliaceous', 'sulphur']"
CCCCCc1cccc(=O)o1,"['oleaginous', 'fruity', 'vegetal', 'coumarin', 'dried fruit', 'balsamic', 'dry vegetal', 'fresh', 'tropical fruit', 'stone fruit', 'woody']"
CCC=CCCC=CCO,"['fruity', 'fresh aldehydic', 'vegetal', 'dried fruit', 'aldehydic', 'green vegetal', 'fresh', 'garden flower', 'cucurbitacea', 'peponide', 'oleaginous']"
Cc1occc1S,"['metal', 'empyreumatic', 'mineral']"
CC(C)c1cnccn1,"['oleaginous', 'fruity', 'dried fruit', 'vegetal', 'honeyed', 'green vegetal', 'fresh', 'aromatic plant', 'fatty', 'sweet']"
C=C(C)C1CCC(C)CC1=O,"['vegetal', 'green vegetal', 'aromatic plant']"
CCCSSCC,"['empyreumatic', 'vegetal', 'green vegetal', 'fresh', 'sulphur']"
CCC(=O)C1CC(C(C)C)CC=C1C,"['green vegetal', 'fresh', 'fruity', 'vegetal']"
CC(=O)CCC1C(C)=CCCC1(C)C,"['red berry', 'honeyed', 'garden flower', 'sweet']"
C=Cc1cc(OC)c(O)c(OC)c1,"['empyreumatic', 'smoked']"
CC(=O)OC1CCC(C(C)(C)C)CC1,"['wood', 'vegetal', 'green vegetal', 'fatty', 'fresh', 'garden flower', 'resinous', 'sweet']"
CCc1cnc(CC)c(C)n1,"['empyreumatic', 'fruity', 'dried fruit', 'fatty', 'malt', 'oleaginous']"
c1cnc2c(n1)CCCC2,"['fermented', 'empyreumatic', 'fruity', 'dairy', 'dried fruit', 'fatty', 'pyrazic', 'oleaginous']"
CCC=CCCOC(=O)CC(C)C,"['vegetal', 'green vegetal', 'fruit with pip', 'tropical fruit']"
CCCCCCCCCCCCCCCCOC(=O)C(C)O,['dairy']
CCCCCCCCCCCCCCC(=O)OCC,['honeyed']
CCCCCCCCC(=O)OCCCC,"['fermented', 'fermented drink', 'chemical', 'balsamic', 'citrus', 'alcoholic beverages', 'fatty', 'bush flower', 'barrel aged alcohol', 'stone fruit', 'woody', 'sweet', 'lactone']"
C=CCCCCCCCCOC(C)=O,"['animal', 'bush flower', 'musky']"
CCCCCC1CC=CC(=O)O1,"['oleaginous', 'dairy', 'vegetal', 'coumarin', 'dried fruit', 'balsamic', 'dry vegetal', 'fatty', 'fresh', 'tropical fruit', 'stone fruit', 'woody']"
CCc1scnc1C,"['fruity', 'dried fruit', 'vegetal', 'green vegetal', 'fresh', 'fatty', 'oleaginous']"
Cc1cc(S)c(C)o1,['empyreumatic']
Cc1cc(SC(=O)CC(C)C)c(C)o1,"['empyreumatic', 'dairy', 'malt']"
CC(=O)OCCC(C)CC(C)(C)C,"['floral', 'garden flower']"
CCCCCCCC(=O)Oc1ccc(C)cc1,"['green vegetal', 'fatty', 'fresh', 'dry vegetal', 'vegetal']"
CCCC(=O)OC(C)CCC,"['vegetal', 'chemical', 'solvent', 'fresh', 'green vegetal', 'tropical fruit', 'stone fruit', 'lactone']"
CCCSSc1ccoc1C,['empyreumatic']
CSSc1ccoc1C,"['empyreumatic', 'vegetal', 'alliaceous', 'sulphur']"
CC(C)=CCOC(=O)c1ccccc1O,"['metal', 'green vegetal', 'fresh', 'vegetal', 'mineral']"
CC1=NC(C)OC1,"['empyreumatic', 'fruity', 'dried fruit', 'vegetal', 'fatty', 'oleaginous']"
CC(C)CC(=O)OC1CC2CCC1(C)C2(C)C,"['wood', 'vegetal', 'chemical', 'phenolic', 'green vegetal', 'fatty', 'fresh', 'aromatic plant', 'resinous', 'sweet', 'medicinal']"
CCOC(=O)c1ccc(OC)cc1,"['fresh', 'red berry']"
CCCCC(=O)C(C)=O,"['fermented', 'dairy']"
CC(C)=CCCC(C)CCOC(=O)C(C)C,"['vegetal', 'green vegetal', 'fresh', 'bush flower', 'garden flower', 'stone fruit', 'lactone']"
Cc1ccc(C(C)C=O)cc1,"['green vegetal', 'vegetal']"
COC(Cc1ccccc1)OC,"['fermented', 'musty', 'vegetal', 'green vegetal', 'fresh', 'bush flower', 'woody']"
Cc1ccc(OC(=O)Cc2ccccc2)cc1,"['honeyed', 'bush flower', 'garden flower', 'floral', 'sweet']"
CC(C)COC(=O)Cc1ccccc1,"['empyreumatic', 'dairy', 'roasted', 'honeyed', 'balsamic', 'bush flower', 'malt', 'milky', 'woody']"
O=C(Cc1ccccc1)OCc1ccccc1,"['empyreumatic', 'roasted', 'honeyed', 'bush flower', 'malt']"
CC(C)C(=O)OCCOc1ccccc1,"['vegetal', 'honeyed', 'green vegetal', 'fresh', 'bush flower', 'fruit with pip']"
Cc1ccc(CC=O)cc1,"['dried fruit', 'vegetal', 'red berry', 'green vegetal', 'fresh', 'fatty', 'peponide', 'oleaginous']"
COc1ccc(CCC(C)=O)cc1,"['bush flower', 'red berry']"
O=COCCCc1ccccc1,"['vegetal', 'spicy', 'honeyed', 'chemical', 'phenolic', 'green vegetal', 'fresh', 'garden flower', 'woody', 'medicinal']"
O=C1CCCCCCCCCCCC(=O)OCCO1,"['animal', 'musky']"
CCCCCCCCCCCC(=O)OCCCC,"['green vegetal', 'vegetal', 'aldehydic']"
CC(C)=CCCC(C)C=O,"['fruity', 'vegetal', 'chemical', 'green vegetal', 'fatty', 'peponide']"
CC(C)=CC=O,"['dried fruit', 'red berry', 'bitter almond', 'fatty', 'oleaginous']"
CCCCCCCCOC(=O)C(C)C,"['dairy', 'vegetal', 'green vegetal', 'fresh']"
C=CCCCCCCCCC(=O)OCCCC,"['fermented', 'dairy', 'fermented drink', 'chemical', 'alcoholic beverages', 'sweet']"
CCCCCCCCOC(=O)CCC,"['green vegetal', 'dairy', 'vegetal']"
CCCCCCCCCC(C)C=O,"['vegetal', 'mineral', 'balsamic', 'metal', 'dry vegetal', 'green vegetal', 'sulphur', 'woody', 'sweet', 'lactone']"
C=CCCCCCCCCCOC(C)=O,"['honeyed', 'bush flower', 'fermented', 'sweet']"
C=CC(C)(CCC=C(C)C)OC=O,"['fruity', 'floral', 'lemony', 'vegetal', 'aldehydic', 'green vegetal', 'bush flower']"
CC1=C(C=O)C(C)(C)CC=C1,"['floral', 'vegetal', 'mint', 'mineral', 'chemical', 'green vegetal', 'dry vegetal', 'metal']"
Cc1cccc(C)c1S,"['metal', 'empyreumatic', 'smoked', 'mineral']"
CC(C)COC(=O)c1ccccc1,"['fermented', 'vegetal', 'green vegetal', 'bush flower', 'fresh', 'garden flower', 'woody']"
CCCCCCCCOC(=O)Cc1ccccc1,"['honeyed', 'bush flower']"
CCC(=O)OCCCc1ccccc1,"['garden flower', 'woody', 'sweet']"
COc1ccc(COC=O)cc1,"['vegetal', 'balsamic', 'green vegetal', 'fresh', 'woody']"
CC1(C)C2CCC1(C)C(O)C2,"['wood', 'vegetal', 'chemical', 'phenolic', 'green vegetal', 'fresh', 'aromatic plant', 'resinous', 'sweet', 'medicinal']"
C=C(C)CCCC(C)CCOC(=O)C(C)C,"['bush flower', 'garden flower']"
C=C(C)CCCC(C)CCOC=O,"['vegetal', 'green vegetal', 'bush flower', 'garden flower']"
C=C(C)CCCC(C)CCOC(=O)CCC,"['bush flower', 'garden flower']"
CCCCCCCCOC(=O)CC,"['fermented', 'musty', 'red berry', 'vegetal', 'earthy', 'green vegetal', 'fresh']"
C=CC(C)(CCC=C(C)C)OC(=O)CC,"['lemony', 'citrus', 'balsamic', 'chemical', 'bush flower', 'garden flower', 'alcoholic beverages', 'barrel aged alcohol']"
CC1=C(CC=O)C(C)(C)CCC1,"['floral', 'vegetal', 'aldehydic', 'mint', 'chemical', 'phenolic', 'green vegetal', 'fatty', 'dry vegetal', 'fresh', 'garden flower']"
CC12CCCC(O)(C1)C1CC(C)(C)C1CC2,"['chemical', 'phenolic', 'medicinal']"
CC1=CC(O)C2CC1C2(C)C,"['wood', 'vegetal', 'chemical', 'phenolic', 'green vegetal', 'aromatic plant', 'resinous', 'woody', 'medicinal']"
CC1(C)C2CC=C(C=O)C1C2,"['vegetal', 'chemical', 'phenolic', 'green vegetal', 'fresh', 'aromatic plant', 'medicinal']"
CCCCOCc1ccccc1,"['bush flower', 'garden flower']"
CCCCOC(=O)CCCC,"['red berry', 'vegetal', 'chemical', 'solvent', 'fresh', 'green vegetal', 'tropical fruit']"
C=CCCC(=O)O,"['fermented', 'empyreumatic', 'cooked', 'dairy', 'sweet', 'fatty', 'cooked sugar']"
COC(=O)c1ccccc1OC,"['fermented', 'berry', 'fermented drink', 'chemical', 'alcoholic beverages', 'fresh', 'garden flower', 'black fruit']"
C=Cc1ccccc1OC,"['animal', 'fermented', 'fruity', 'dried fruit', 'vegetal', 'chemical', 'phenolic', 'solvent', 'fresh', 'green vegetal', 'fatty', 'oleaginous']"
COc1ccccc1OC(C)=O,"['empyreumatic', 'floral', 'chemical', 'balsamic', 'smoked', 'medicinal']"
Cc1ccccc1OC(=O)c1ccccc1O,"['vegetal', 'green vegetal', 'fresh', 'aromatic plant']"
CCC(=O)OCc1ccco1,"['empyreumatic', 'vegetal', 'fruit with pip', 'fatty', 'green vegetal', 'fresh', 'tropical fruit']"
CCCC(=O)OCc1ccco1,"['green vegetal', 'fresh', 'fruit with pip', 'vegetal']"
CCSC(C)=O,"['vegetable', 'empyreumatic', 'vegetal', 'alliaceous', 'sulphur']"
CCCCCCOC=O,"['vegetal', 'chemical', 'solvent', 'fresh', 'green vegetal', 'fruit with pip', 'tropical fruit', 'stone fruit']"
CCC(=O)OCC1CCCO1,"['oleaginous', 'empyreumatic', 'cooked', 'dried fruit', 'vegetal', 'green vegetal', 'tropical fruit', 'cooked sugar']"
CCCC(=O)OC(C)C,"['dairy', 'red berry', 'chemical', 'solvent', 'fresh', 'fatty', 'tropical fruit']"
CCCCCCCC(=O)OCCCCC,"['fermented', 'fermented drink', 'chemical', 'balsamic', 'alcoholic beverages', 'garden flower', 'barrel aged alcohol', 'woody']"
CC(=O)OCCc1scnc1C,"['fatty', 'fruity', 'dried fruit', 'oleaginous']"
CCC1OC(=O)C(O)=C1C,"['oleaginous', 'empyreumatic', 'cooked', 'dried fruit', 'fatty', 'cooked sugar']"
Cc1ccc(C=O)c(O)c1,"['cooked', 'bitter almond', 'cooked sugar', 'oleaginous', 'lactone', 'empyreumatic', 'nutty', 'dried fruit', 'vegetal', 'red berry', 'balsamic', 'dry vegetal', 'fresh', 'fatty', 'woody']"
CCCC(O)Cc1ccccc1,"['green vegetal', 'fresh', 'vegetal']"
CCCCCCC1CCCC(=O)O1,"['oleaginous', 'dairy', 'vegetal', 'coumarin', 'dried fruit', 'balsamic', 'dry vegetal', 'fresh', 'tropical fruit', 'stone fruit', 'woody', 'lactone']"
CC1CCC(=O)C1=O,"['empyreumatic', 'cooked', 'cooked sugar']"
COc1cc(C=O)ccc1OC(C)=O,"['balsamic', 'dairy', 'woody']"
CCCCCCC(=O)CC,"['fresh aldehydic', 'vegetal', 'aldehydic', 'green vegetal', 'fatty']"
CC(=O)c1cccn1C,"['fatty', 'fruity', 'dried fruit', 'oleaginous']"
O=C1CCSC1,"['empyreumatic', 'dairy', 'vegetal', 'green vegetal', 'fatty', 'fresh', 'sulphur']"
CCC(=O)c1ccc[nH]1,"['green vegetal', 'fresh', 'empyreumatic', 'pyrazic', 'vegetal']"
CSc1ccccc1O,"['vegetable', 'empyreumatic', 'cooked', 'vegetal', 'alliaceous', 'phenolic', 'sulphur', 'smoked', 'cooked sugar', 'sweet']"
CC(C)=CC1CC(C)=CCO1,"['vegetal', 'green vegetal', 'fresh', 'aromatic plant', 'garden flower']"
C=CCOC=O,"['chemical', 'solvent', 'fresh']"
CC(C)SCc1ccco1,"['vegetable', 'empyreumatic', 'vegetal', 'alliaceous', 'sulphur']"
CC1=CCC(CCO)C1(C)C,"['fruity', 'vegetal', 'mint', 'chemical', 'phenolic', 'green vegetal', 'fresh', 'medicinal']"
COC(=O)CC(C)CCC=C(C)C,"['fermented', 'vegetal', 'fermented drink', 'chemical', 'citrus', 'green vegetal', 'alcoholic beverages', 'fresh', 'garden flower', 'fruit with pip']"
CCCC(O)CC(=O)OCC,"['fermented', 'empyreumatic', 'floral', 'vegetal', 'fermented drink', 'chemical', 'fruit with pip', 'alcoholic beverages', 'green vegetal', 'dry vegetal', 'tropical fruit']"
CCCCCCCCOC(=O)CCCCCCC,"['oleaginous', 'dried fruit', 'vegetal', 'coumarin', 'balsamic', 'dry vegetal', 'fresh', 'tropical fruit', 'woody', 'lactone']"
CCCSC(C)=O,"['vegetal', 'green vegetal', 'sulphur']"
CC(=O)CC(=O)OCCC(C)C,"['floral', 'vegetal', 'fermented drink', 'chemical', 'solvent', 'fresh', 'alcoholic beverages', 'green vegetal']"
CCCCCCCCCCCCCC(C)=O,"['green vegetal', 'aromatic plant', 'empyreumatic', 'vegetal']"
CCCCCCCOC(=O)C(C)C,"['vegetal', 'red berry', 'green vegetal', 'fresh', 'fruit with pip', 'tropical fruit', 'stone fruit', 'lactone']"
CCCC=CC(=O)OC,"['fermented', 'vegetal', 'honeyed', 'green vegetal', 'tropical fruit']"
C=CCOC(=O)CC,"['vegetable', 'dried fruit', 'vegetal', 'chemical', 'solvent', 'fresh', 'fruit with pip', 'fatty', 'tropical fruit', 'sulphur', 'stone fruit', 'oleaginous', 'lactone']"
COC1=C(C)OC(C)C1=O,"['cooked', 'roasted', 'earthy', 'cooked sugar', 'oleaginous', 'fermented', 'empyreumatic', 'floral', 'vegetal', 'dried fruit', 'fermented drink', 'chemical', 'balsamic', 'dry vegetal', 'alcoholic beverages', 'fresh', 'fatty', 'malt', 'woody']"
COc1ccccc1OC(=O)Cc1ccccc1,"['empyreumatic', 'honeyed', 'fresh', 'smoked']"
C=CCOC(=O)c1ccco1,"['sweet', 'empyreumatic', 'cooked', 'cooked sugar']"
O=Cc1cc2ccccc2o1,"['cooked', 'bitter almond', 'oleaginous', 'cooked sugar', 'lactone', 'empyreumatic', 'dried fruit', 'vegetal', 'balsamic', 'dry vegetal', 'fresh', 'fatty', 'woody']"
CCCCCCCOC(=O)CCCCCCC,"['green vegetal', 'fermented', 'vegetal']"
C=CC(=O)CCCCC,"['fermented', 'cruciferous', 'vegetal', 'mineral', 'metal', 'sulphur', 'woody']"
CC(C)c1ccc(CC=O)cc1,"['green vegetal', 'fresh', 'fatty', 'vegetal']"
CCCCC1OC(=O)c2ccccc21,"['green vegetal', 'aromatic plant', 'vegetal']"
CCC(=O)OC1CCCCC1,"['green vegetal', 'fresh', 'tropical fruit', 'vegetal']"
CCCCCC(=O)OCCc1ccccc1,"['animal', 'vegetal', 'honeyed', 'green vegetal', 'bush flower', 'fresh', 'tropical fruit']"
CCCCCCCCCCCC(=O)OCCC(C)C,"['fruity', 'floral', 'dairy', 'fermented drink', 'chemical', 'phenolic', 'solvent', 'alcoholic beverages', 'fresh', 'stone fruit', 'medicinal', 'lactone']"
C=Cc1ccc(OC)c(OC)c1,"['empyreumatic', 'vegetal', 'chemical', 'green vegetal', 'fresh', 'smoked']"
CC(C)=CCCC(C)CCOCC=O,"['fruity', 'vegetal', 'honeyed', 'chemical', 'green vegetal', 'fatty', 'garden flower', 'bush flower', 'peponide']"
CCCOC(C)OCCc1ccccc1,"['fermented', 'vegetal', 'fermented drink', 'chemical', 'green vegetal', 'alcoholic beverages', 'fresh', 'garden flower']"
CCCCCCCCC(=O)C(C)=O,"['oleaginous', 'fruity', 'vegetal', 'coumarin', 'dried fruit', 'balsamic', 'green vegetal', 'dry vegetal', 'fresh', 'tropical fruit', 'woody', 'lactone']"
C=CCOC(=O)CCCC1CCCCC1,['tropical fruit']
C=CCOC(=O)CCCCCC1CCCCC1,"['stone fruit', 'lactone']"
C=CCOC(=O)CCCCC1CCCCC1,"['fruit with pip', 'tropical fruit', 'stone fruit', 'lactone']"
C=CCOC(=O)C(CC)CC,"['dried fruit', 'red berry', 'chemical', 'solvent', 'fresh', 'fatty', 'stone fruit', 'oleaginous', 'lactone']"
C=CCOC(=O)CCCCCCCC,"['oleaginous', 'fermented', 'floral', 'dairy', 'dried fruit', 'fermented drink', 'chemical', 'balsamic', 'alcoholic beverages', 'tropical fruit', 'barrel aged alcohol', 'woody']"
C=CCCCCCCCCC(=O)OCC=C,"['oleaginous', 'lactone', 'dried fruit', 'vegetal', 'coumarin', 'balsamic', 'dry vegetal', 'fresh', 'tropical fruit', 'woody']"
CCCCCCC(=O)OCCCCC,"['solvent', 'green vegetal', 'oleaginous', 'lactone', 'fermented', 'floral', 'lemony', 'vegetal', 'coumarin', 'dried fruit', 'citrus', 'fermented drink', 'chemical', 'balsamic', 'dry vegetal', 'fresh', 'alcoholic beverages', 'fatty', 'tropical fruit', 'woody', 'sweet']"
CCCCC(=O)OCCC(C)CCC=C(C)C,"['honeyed', 'bush flower', 'sweet']"
CCC(=O)OCc1ccc(OC)cc1,"['red berry', 'balsamic', 'fresh', 'stone fruit', 'woody', 'lactone']"
CCCCC(=O)OC1CC2CCC1(C)C2(C)C,"['wood', 'vegetal', 'mint', 'chemical', 'phenolic', 'green vegetal', 'fresh', 'dry vegetal', 'resinous', 'medicinal']"
CCCCCCCC(OC)OC,"['fruity', 'vegetal', 'balsamic', 'chemical', 'green vegetal', 'alcoholic beverages', 'garden flower', 'bush flower', 'barrel aged alcohol', 'woody', 'sweet']"
CCCCCCCCCCCC(=O)Oc1ccc(C)cc1,"['oleaginous', 'fruity', 'dried fruit', 'fatty', 'woody']"
C=CC(C)(CCC=C(C)C)OC(=O)CCCCCCC,"['green vegetal', 'fresh', 'vegetal']"
CC(C)C(=O)OC(C)(C)CCc1ccccc1,"['vegetal', 'honeyed', 'dry vegetal', 'green vegetal', 'fresh', 'garden flower', 'stone fruit', 'sweet']"
CCCC(=O)OC(CC)c1ccccc1,"['stone fruit', 'lactone']"
CCC(CC)COC(C)=O,"['chemical', 'solvent', 'fresh', 'fruit with pip', 'fatty', 'tropical fruit']"
CCOC(=O)CCc1ccco1,"['green vegetal', 'sulphur', 'root', 'earthy', 'vegetable', 'empyreumatic', 'cruciferous', 'floral', 'vegetal', 'chemical', 'fresh', 'alcoholic beverages', 'garden flower', 'tropical fruit', 'barrel aged alcohol']"
CCCCCCC#CC(=O)OCC,"['vegetable', 'fresh aldehydic', 'vegetal', 'aldehydic', 'green vegetal', 'fresh', 'fatty', 'garden flower', 'cucurbitacea']"
CCOC(=O)CCCc1ccccc1,"['empyreumatic', 'stone fruit']"
CCCCCCC(OC)OC,"['citrus', 'green vegetal', 'fresh', 'vegetal']"
CCCCCCOC(=O)CC(C)C,"['vegetal', 'red berry', 'green vegetal', 'fruit with pip']"
CCCCCCC1CC(OC(C)=O)CO1,"['stone fruit', 'lactone']"
CC(C)(Cc1ccccc1)OC=O,"['green vegetal', 'fresh', 'garden flower', 'floral', 'vegetal']"
CCOC(=O)CCC1CCCCC1,"['fruit with pip', 'tropical fruit', 'stone fruit', 'lactone']"
CCC(C)(O)CCc1ccccc1,['bush flower']
C=C(C)CCCC(C)CCOC(=O)Cc1ccccc1,"['vegetal', 'honeyed', 'green vegetal', 'fresh', 'bush flower', 'garden flower']"
OCCCCCc1ccccc1,"['fresh', 'bush flower', 'fruity', 'lemony']"
CCCCCCCCC#CC(=O)OC,"['green vegetal', 'fresh', 'garden flower', 'vegetal', 'dairy']"
CC(=O)c1cc(C)oc1C,"['animal', 'fermented', 'empyreumatic', 'fruity', 'floral', 'dried fruit', 'phenolic', 'fatty', 'malt', 'oleaginous']"
CCOCc1ccc(O)c(OC)c1,"['dairy', 'roasted', 'solvent', 'empyreumatic', 'cocoa', 'balsamic', 'chemical', 'alcoholic beverages', 'fresh', 'barrel aged alcohol', 'malt', 'smoked', 'milky', 'woody', 'medicinal']"
CCOC(=O)CCSC,"['vegetable', 'empyreumatic', 'cooked', 'vegetal', 'mineral', 'metal', 'tropical fruit', 'cooked sugar', 'sweet']"
CC1CC(C)C(=O)C1=O,"['oleaginous', 'empyreumatic', 'fruity', 'cooked', 'dried fruit', 'fatty', 'cooked sugar']"
COC(=O)CCSC,"['root', 'cruciferous', 'vegetal', 'alliaceous', 'green vegetal', 'fresh', 'sulphur', 'earthy']"
Cc1nc(C)c(C)s1,"['dairy', 'roasted', 'oleaginous', 'fermented', 'empyreumatic', 'fruity', 'dried fruit', 'vegetal', 'fatty', 'malt', 'milky', 'sweet']"
CCC(=O)CSC,"['sulphur', 'fermented', 'musty', 'cruciferous', 'vegetal', 'mineral', 'metal', 'fatty', 'root', 'woody', 'earthy']"
CSc1ccc(C)o1,"['vegetable', 'sulphur', 'empyreumatic', 'cruciferous', 'vegetal', 'root', 'earthy']"
CC(C)CC(=O)OCc1ccco1,"['fruit with pip', 'stone fruit']"
c1coc(CSCc2ccco2)c1,"['fermented', 'empyreumatic', 'musty', 'fruity', 'dried fruit', 'fatty', 'malt', 'woody', 'oleaginous']"
CC(=O)SCc1ccco1,"['empyreumatic', 'fruity', 'dried fruit', 'vegetal', 'fatty', 'sulphur', 'oleaginous']"
COCc1ccco1,['empyreumatic']
CSC(=O)c1ccco1,"['vegetable', 'fermented', 'cruciferous', 'vegetal', 'sulphur']"
Cc1ccc(C=O)s1,"['nutty', 'dried fruit', 'red berry', 'bitter almond', 'fatty', 'oleaginous']"
CC1SCCC1=O,"['empyreumatic', 'black fruit']"
C=CC1(C)CCC(C(=C)C)O1,"['wood', 'fruity', 'lemony', 'vegetal', 'citrus', 'green vegetal', 'aromatic plant', 'resinous', 'woody']"
Cc1cccc2nccnc12,"['vegetable', 'fermented', 'empyreumatic', 'fruity', 'dried fruit', 'vegetal', 'fatty', 'oleaginous']"
Cc1cnc(C(C)C)cn1,"['empyreumatic', 'fruity', 'dried fruit', 'vegetal', 'green vegetal', 'fresh', 'fatty', 'oleaginous']"
CC(C)Cc1cccnc1,"['green vegetal', 'fresh', 'vegetal']"
CCCCCC(=O)c1ccco1,"['vegetal', 'green vegetal', 'fresh', 'stone fruit', 'lactone']"
C=CCCCCCCCC(=O)O,"['fermented', 'dairy', 'vegetal', 'aldehydic', 'green vegetal', 'fresh']"
CC1=CCC(C(C)(C)OC(=O)c2ccccc2N)CC1,"['fermented', 'garden flower']"
CCC(C)C1CCCCC1=O,"['vegetal', 'chemical', 'phenolic', 'green vegetal', 'aromatic plant', 'medicinal']"
C=C(C)C1CC=C(COC(C)=O)CC1,"['green vegetal', 'fresh', 'garden flower', 'vegetal']"
C=C(COC(C)=O)C1CC=C(C)CC1,"['vegetal', 'green vegetal', 'fresh', 'aromatic plant']"
Cc1csc(C(C)C)n1,"['fermented', 'empyreumatic', 'dried fruit', 'vegetal', 'green vegetal', 'fresh', 'fatty', 'sulphur', 'stone fruit', 'oleaginous', 'lactone']"
CCOc1nccs1,"['fermented', 'empyreumatic', 'fruity', 'dried fruit', 'vegetal', 'alliaceous', 'green vegetal', 'fresh', 'fatty', 'sulphur', 'oleaginous']"
CCCCOC(=O)C(C)CC,"['fresh aldehydic', 'aldehydic', 'roasted', 'solvent', 'green vegetal', 'aromatic plant', 'lactone', 'empyreumatic', 'vegetal', 'chemical', 'fruit with pip', 'fresh', 'fatty', 'tropical fruit', 'malt', 'stone fruit']"
Cc1ccc(C=O)c(C)c1,"['oleaginous', 'fruity', 'nutty', 'dried fruit', 'red berry', 'floral', 'balsamic', 'bitter almond', 'fatty', 'woody']"
CCC(S)CS,"['alliaceous', 'vegetable', 'empyreumatic', 'sulphur', 'vegetal']"
CCCCCCCC1CC=CC(=O)O1,"['oleaginous', 'fruity', 'vegetal', 'coumarin', 'dried fruit', 'balsamic', 'dry vegetal', 'fresh', 'tropical fruit', 'woody', 'sweet']"
CCCCCCC1CCCCC(=O)O1,"['dairy', 'vegetal', 'green vegetal', 'aromatic plant', 'stone fruit', 'lactone']"
CCCCCC=CCCC=O,"['green vegetal', 'vegetal']"
CC(C)CC(=O)OC(C)C,"['fermented', 'floral', 'dairy', 'fermented drink', 'chemical', 'solvent', 'fresh', 'alcoholic beverages', 'fruit with pip', 'tropical fruit']"
CCc1nccnc1C(C)=O,"['vegetable', 'fermented', 'empyreumatic', 'fruity', 'dried fruit', 'vegetal', 'fatty', 'pyrazic', 'oleaginous']"
CSCCC(C)=O,"['metal', 'fermented', 'dairy', 'vegetal', 'mineral']"
C=CCSSSC,"['vegetable', 'dairy', 'vegetal', 'sulphur']"
CC1=CC2=CC(=O)CCC2CC1,"['oleaginous', 'lactone', 'dried fruit', 'vegetal', 'balsamic', 'dry vegetal', 'fresh', 'fatty', 'tropical fruit', 'woody', 'sweet']"
CC(=O)CCS,"['vegetable', 'vegetal', 'alliaceous', 'sulphur']"
CC(C)=C1CCC2(C)OC2C1=O,"['fruity', 'vegetal', 'green vegetal', 'fresh', 'aromatic plant', 'fruit with pip', 'tropical fruit']"
SCCc1cnccn1,"['vegetable', 'empyreumatic', 'cruciferous', 'sulphur', 'vegetal']"
Cc1ncc2c(n1)CSC2,"['fatty', 'empyreumatic', 'pyrazic', 'fruity', 'dried fruit', 'oleaginous']"
CC1=CCCC(C)(C)C12CCC(C)O2,"['vegetal', 'mineral', 'chemical', 'phenolic', 'green vegetal', 'dry vegetal', 'aromatic plant', 'metal', 'medicinal']"
Cc1ccccc1OC(=O)C(C)C,['chemical']
CCCCC(=O)OCc1ccco1,"['fermented', 'empyreumatic', 'cooked', 'dairy', 'fruit with pip', 'tropical fruit', 'cooked sugar']"
CC=C(C)C(=O)OCc1ccccc1,"['bitter almond', 'green vegetal', 'bush flower', 'oleaginous', 'fermented', 'fruity', 'musty', 'dried fruit', 'floral', 'vegetal', 'red berry', 'fatty', 'fresh', 'woody']"
COc1cnc(C)s1,"['green vegetal', 'fresh', 'cruciferous', 'sulphur', 'vegetal']"
CCNc1ccccc1C(=O)OCC,"['fermented', 'fermented drink', 'chemical', 'fruit with pip', 'alcoholic beverages']"
CCCCCCOC(=O)c1ccco1,"['vegetal', 'fruit with pip', 'green vegetal', 'fresh']"
CCCCCCCC(=O)OCc1ccco1,"['cooked', 'mineral', 'metal', 'oleaginous', 'cooked sugar', 'lactone', 'empyreumatic', 'dried fruit', 'vegetal', 'coumarin', 'balsamic', 'dry vegetal', 'fresh', 'fatty', 'tropical fruit', 'stone fruit', 'woody']"
CCn1cccc1C(C)=O,"['fatty', 'empyreumatic', 'fruity', 'dried fruit', 'oleaginous']"
CC(=O)CCSCCC(C)=O,"['green vegetal', 'vegetal']"
CCCCCCCC1CC(C)OC1=O,"['dairy', 'vegetal', 'dried fruit', 'green vegetal', 'fresh', 'stone fruit', 'oleaginous']"
C=CCSC(=O)CC,"['vegetable', 'vegetal', 'green vegetal', 'sulphur']"
CC(C)=CC(=O)OCCc1ccccc1,"['fermented', 'floral', 'vegetal', 'fermented drink', 'chemical', 'green vegetal', 'alcoholic beverages', 'fresh']"
CSCCCC=O,"['cruciferous', 'vegetal', 'alliaceous', 'sulphur']"
CCOC(=O)c1ccoc1-c1ccccc1,['red berry']
CC(=O)OC1(C(C)=O)CCCCC1,"['oleaginous', 'dried fruit', 'spicy', 'honeyed', 'chemical', 'phenolic', 'bush flower', 'fatty', 'woody', 'medicinal']"
CCc1nc(C)c(C)o1,"['green vegetal', 'fresh', 'fermented', 'dairy', 'vegetal']"
CC(O)C(C)SC(C)C(C)S,['empyreumatic']
Cc1ccc(OC(=O)CC(C)C)cc1,"['vegetal', 'dry vegetal']"
C=C(C)C1CCC(C)C1C=O,"['vegetal', 'chemical', 'phenolic', 'green vegetal', 'fresh', 'aromatic plant', 'medicinal']"
CC(=O)CCc1ccc2c(c1)OCO2,['red berry']
CC(=O)OC12CCCC(C)(CCC3C1CC3(C)C)C2,"['wood', 'vegetal', 'balsamic', 'resinous', 'sweet']"
CSSCc1ccco1,"['vegetable', 'empyreumatic', 'vegetal', 'sulphur']"
CCC(=O)SCc1ccco1,"['vegetable', 'empyreumatic', 'vegetal', 'sulphur']"
O=CSCc1ccco1,"['fatty', 'empyreumatic', 'fruity', 'dried fruit', 'oleaginous']"
SCc1cnccn1,"['vegetable', 'empyreumatic', 'cruciferous', 'cooked', 'vegetal', 'sulphur', 'cooked sugar', 'sweet']"
CCCCCC(CO)C(C)=O,['fermented']
C=C=CC(C)C(=O)OCC,"['vegetal', 'red berry', 'balsamic', 'chemical', 'fruit with pip', 'green vegetal', 'fresh', 'alcoholic beverages', 'barrel aged alcohol', 'woody', 'peponide']"
CCCCC(=O)C(CCC)Sc1ccoc1C,['empyreumatic']
Cc1occc1SC(C(=O)CC(C)C)C(C)C,"['vegetable', 'fruity', 'empyreumatic', 'vegetal', 'alliaceous', 'sulphur']"
C=C(CCCCC)C(C)=O,"['fermented', 'woody', 'earthy']"
C=CC(C)(CCC=C(C)C)OC(=O)CCC,"['lemony', 'honeyed', 'fruit with pip', 'fresh', 'tropical fruit', 'stone fruit', 'lactone']"
CC(S)C(=O)O,"['fermented', 'empyreumatic', 'dairy']"
CCC(=O)OC(C)(C)C1CC=C(C)CC1,"['green vegetal', 'fresh', 'garden flower', 'floral', 'vegetal']"
O=C(OCCc1ccccc1)c1ccccc1O,"['bush flower', 'garden flower', 'woody']"
CC(=O)OC1CCCCC1C(C)(C)C,"['lemony', 'vegetal', 'mint', 'citrus', 'chemical', 'phenolic', 'green vegetal', 'fruit with pip', 'medicinal']"
COC(OC)C(C)c1ccccc1,"['fermented', 'fruity', 'musty', 'vegetal', 'honeyed', 'green vegetal', 'fresh', 'garden flower', 'woody']"
COc1cc(CO)ccc1O,"['cooked', 'dairy', 'oleaginous', 'cooked sugar', 'lactone', 'empyreumatic', 'fruity', 'dried fruit', 'vegetal', 'coumarin', 'floral', 'dry vegetal', 'fresh', 'fatty', 'tropical fruit', 'woody']"
CC1CCC(C(C)C)OC(=O)C1,"['sweet', 'empyreumatic', 'cooked', 'cooked sugar']"
CSCCCN=C=S,"['sulphur', 'cruciferous', 'vegetal', 'mineral', 'metal', 'root']"
C=CCc1ccc(OC(=O)c2ccccc2)c(OC)c1,"['chemical', 'phenolic', 'medicinal', 'woody', 'sweet']"
CC1=CC(=O)CC(C)(C)C1=O,"['fermented', 'fruity', 'lemony', 'vegetal', 'honeyed', 'green vegetal', 'fresh', 'dry vegetal']"
COC(OC)c1ccccc1,"['bitter almond', 'green vegetal', 'oleaginous', 'fermented', 'vegetal', 'dried fruit', 'fermented drink', 'chemical', 'alcoholic beverages', 'fresh', 'fatty']"
C=C(C)c1ccc(C)cc1,"['wood', 'resinous', 'oleaginous', 'fermented', 'empyreumatic', 'fruity', 'dried fruit', 'lemony', 'vegetal', 'chemical', 'fresh', 'fatty', 'woody', 'medicinal']"
CC1(C)C2CCC1(C)C(OC=O)C2,"['wood', 'fermented', 'vegetal', 'chemical', 'phenolic', 'green vegetal', 'fresh', 'aromatic plant', 'resinous', 'sweet']"
CCCC(C)S,['sulphur']
CCCCCOC(=O)CCCC,"['chemical', 'solvent', 'fresh', 'fruit with pip']"
C=CCSSC,"['vegetable', 'vegetal', 'sulphur']"
CCCC(=O)SC,"['vegetable', 'fermented', 'empyreumatic', 'cruciferous', 'dairy', 'vegetal', 'roasted', 'alliaceous', 'sulphur', 'malt']"
CCC(C)COC(=O)CC(C)C,"['animal', 'fermented', 'floral', 'vegetal', 'dairy', 'fermented drink', 'chemical', 'balsamic', 'green vegetal', 'alcoholic beverages', 'fresh', 'fruit with pip', 'barrel aged alcohol', 'woody', 'sweet']"
CCCCCCCCC=CC=O,"['lemony', 'vegetal', 'green vegetal']"
C=Cc1ccc(O)cc1,"['chemical', 'fermented']"
CCc1ccc(O)c(OC)c1,"['empyreumatic', 'chemical', 'balsamic', 'smoked']"
CCOC(=O)C(CC)Cc1ccccc1,"['green vegetal', 'fresh', 'vegetal']"
CCC(O)C(C)=O,"['sweet', 'fatty', 'empyreumatic', 'cooked', 'dairy', 'cooked sugar']"
c1ccc(CCCC2CCCO2)cc1,"['fresh aldehydic', 'cooked', 'aldehydic', 'honeyed', 'green vegetal', 'cucurbitacea', 'cooked sugar', 'oleaginous', 'lactone', 'vegetable', 'empyreumatic', 'dried fruit', 'vegetal', 'fresh', 'stone fruit']"
Cc1ncsc1C,"['empyreumatic', 'fruity', 'dried fruit', 'vegetal', 'green vegetal', 'fresh', 'fatty', 'oleaginous']"
CCC(=O)C(=O)CC,"['oleaginous', 'empyreumatic', 'fruity', 'dairy', 'dried fruit', 'bitter almond', 'fatty', 'cooked sugar', 'sweet']"
CC(C)OC(=O)Cc1ccccc1,"['fermented', 'empyreumatic', 'dairy', 'cocoa', 'fermented drink', 'honeyed', 'chemical', 'roasted', 'alcoholic beverages', 'bush flower', 'malt', 'milky']"
CCCCCCCCCCCC(=O)OCCCCC,"['chemical', 'alcoholic beverages', 'floral', 'fermented drink']"
CCOC(=O)CC(C)O,"['vegetal', 'fruit with pip', 'green vegetal']"
CCCCCCOC(=O)C(C)(C)C,"['fermented', 'vegetal', 'fruit with pip', 'green vegetal', 'fresh']"
CC(C)CC(=O)OCCCc1ccccc1,"['red berry', 'stone fruit']"
CC(C)C(=O)OCc1ccc2c(c1)OCO2,"['floral', 'stone fruit']"
CCCCC1CCCCC(=O)O1,"['cooked', 'dairy', 'green vegetal', 'aromatic plant', 'cooked sugar', 'oleaginous', 'fermented', 'empyreumatic', 'dried fruit', 'vegetal', 'balsamic', 'dry vegetal', 'fresh', 'tropical fruit', 'woody']"
CCCCCCCOC(=O)CCC,"['vegetal', 'honeyed', 'green vegetal', 'dry vegetal', 'garden flower']"
CC(C)c1ccc(CCC=O)cc1,"['vegetal', 'green vegetal', 'garden flower', 'peponide']"
CC(C)CC(O)Cc1ccccc1,"['green vegetal', 'fresh', 'aromatic plant', 'dairy', 'vegetal']"
CC(C)Cc1nccs1,"['fermented', 'vegetal', 'mineral', 'metal', 'green vegetal', 'fresh']"
CCC1=C(O)C(=O)CC1,"['empyreumatic', 'cooked', 'cooked sugar', 'balsamic', 'chemical', 'alcoholic beverages', 'barrel aged alcohol', 'woody']"
CC1=C(O)C(=O)OC1C,"['empyreumatic', 'cooked', 'cooked sugar']"
CCCCOC(C)OCCc1ccccc1,"['green vegetal', 'fresh', 'vegetal']"
C=C(C)c1cnccn1,"['oleaginous', 'empyreumatic', 'fruity', 'cooked', 'dairy', 'dried fruit', 'cocoa', 'fatty', 'malt', 'milky', 'cooked sugar', 'sweet']"
CCCCC1OC(=O)CC1C,"['green vegetal', 'aromatic plant', 'oleaginous', 'empyreumatic', 'fruity', 'dried fruit', 'vegetal', 'chemical', 'phenolic', 'balsamic', 'dry vegetal', 'fresh', 'fatty', 'tropical fruit', 'medicinal']"
CCCCCCCCOC(=O)c1ccco1,"['fermented', 'musty', 'dairy', 'vegetal', 'mineral', 'metal', 'green vegetal', 'fresh', 'woody']"
CCCC(C)C(=O)OCC,"['vegetal', 'fruit with pip', 'green vegetal', 'tropical fruit', 'peponide']"
COC(=O)C(O)CC(C)C,"['fermented', 'floral', 'fermented drink', 'chemical', 'alcoholic beverages']"
CC(C=O)CCc1ccccc1,['fermented']
CCC1CCC(CC)O1,"['empyreumatic', 'cooked', 'vegetal', 'chemical', 'green vegetal', 'fresh', 'aromatic plant', 'cooked sugar']"
CC(C=O)Cc1ccc2c(c1)OCO2,"['lemony', 'vegetal', 'citrus', 'chemical', 'green vegetal', 'fatty', 'garden flower', 'dry vegetal', 'peponide']"
CCC(=O)c1nccs1,"['empyreumatic', 'fruity', 'dried fruit', 'fatty', 'pyrazic', 'oleaginous']"
CC(=O)C1(C)CC=C(C)CC1,"['vegetal', 'green vegetal', 'aromatic plant']"
CCCC(CCO)SC,"['metal', 'green vegetal', 'fresh', 'vegetal', 'mineral']"
COC(=O)CCCSC,"['fermented', 'empyreumatic', 'cruciferous', 'vegetal', 'dried fruit', 'fatty', 'tropical fruit', 'sulphur', 'oleaginous']"
CCC1CC(C)=C(O)C1=O,"['sweet', 'empyreumatic', 'cooked', 'cooked sugar']"
CC1CCC2C(C)(C)C3CC12CCC3(C)O,"['wood', 'resinous', 'vegetal']"
C=CCSC,"['vegetable', 'vegetal', 'sulphur']"
CCCCC(=O)OCC(C)C,"['chemical', 'solvent', 'fresh', 'fruit with pip']"
CCOc1ccc2c(C)cc(=O)oc2c1,"['oleaginous', 'fruity', 'dried fruit', 'vegetal', 'balsamic', 'green vegetal', 'dry vegetal', 'aromatic plant', 'fresh', 'fatty', 'woody', 'sweet', 'lactone']"
CCC(=O)OC1=C(C)CCC1=O,"['oleaginous', 'empyreumatic', 'fruity', 'cooked', 'dairy', 'dried fruit', 'fatty', 'cooked sugar', 'sweet']"
Cc1ccc2c(c1)CCCN2,"['honeyed', 'phenolic', 'balsamic', 'woody']"
CCCCCCCCOC(=O)c1ccccc1,"['fatty', 'woody', 'sweet']"
CCCCCCC1=CCCC1=O,"['green vegetal', 'dry vegetal', 'aromatic plant', 'vegetal']"
CCCOC(C)OCCC,"['fermented', 'floral', 'vegetal', 'fermented drink', 'chemical', 'phenolic', 'solvent', 'alcoholic beverages', 'green vegetal', 'medicinal']"
CCCCCCC(=O)OCCC(C)C,"['fermented', 'fresh aldehydic', 'floral', 'vegetal', 'aldehydic', 'fermented drink', 'chemical', 'fruit with pip', 'alcoholic beverages', 'fatty', 'fresh', 'green vegetal', 'tropical fruit']"
CCOc1ccc(C=O)cc1OC,['balsamic']
Cc1cccc(OC(=O)Cc2ccccc2)c1,"['honeyed', 'sweet']"
CCCCC(=O)OCCC,"['fermented', 'floral', 'fermented drink', 'chemical', 'metal', 'solvent', 'fresh', 'alcoholic beverages', 'fruit with pip', 'mineral', 'tropical fruit']"
C1SSCSSS1,"['fermented', 'musty', 'woody', 'earthy']"
C=C(CCC=C(C)C)C1CC=C(C)CC1,['fruity']
C=CCc1ccc(O)cc1,"['chemical', 'empyreumatic', 'smoked']"
C=CC(C)(C)C(=O)C=C(C)C,"['fruity', 'vegetal', 'honeyed', 'green vegetal', 'fresh', 'aromatic plant', 'sweet']"
CC(=O)n1ccc2ccccc21,"['woody', 'sweet']"
COc1ccccc1C(C)=O,"['fermented', 'fruity', 'nutty', 'dried fruit', 'floral', 'chemical', 'bitter almond', 'fatty', 'fresh', 'oleaginous']"
CC(C)CN=C=S,"['vegetable', 'sulphur', 'cruciferous', 'vegetal', 'green vegetal', 'fresh', 'root', 'earthy']"
CCCOC(=O)c1ccccc1O,"['vegetal', 'spicy', 'chemical', 'phenolic', 'green vegetal', 'fresh', 'stone fruit', 'medicinal']"
COc1ccccc1CO,"['balsamic', 'fresh', 'woody']"
CCC(S)CC,"['sulphur', 'empyreumatic']"
CCCc1ccccn1,"['empyreumatic', 'fruity', 'dried fruit', 'vegetal', 'green vegetal', 'fresh', 'dry vegetal', 'oleaginous']"
CCCCCC(=O)CCCC(=O)O,"['fruity', 'dairy', 'stone fruit', 'lactone']"
CCCCCCCOC(=O)CCCCCC,"['fresh aldehydic', 'floral', 'vegetal', 'aldehydic', 'fermented drink', 'chemical', 'green vegetal', 'alcoholic beverages', 'fresh']"
CCCCCCCC(=O)OCCC,"['roasted', 'oleaginous', 'lactone', 'fermented', 'empyreumatic', 'floral', 'vegetal', 'coumarin', 'dried fruit', 'fermented drink', 'chemical', 'balsamic', 'dry vegetal', 'alcoholic beverages', 'fresh', 'tropical fruit', 'barrel aged alcohol', 'malt', 'woody', 'sweet']"
COC(=O)CCC(C)=O,"['empyreumatic', 'cooked', 'vegetal', 'green vegetal', 'fresh', 'cooked sugar', 'sweet']"
CCCCCN=C=S,"['sulphur', 'cruciferous', 'vegetal', 'green vegetal', 'fresh', 'root', 'earthy']"
OCc1cccs1,"['vegetable', 'empyreumatic', 'vegetal', 'chemical', 'solvent', 'fresh', 'sulphur']"
CC(C)c1ccccn1,"['green vegetal', 'fresh', 'vegetal']"
COc1ccc(C=O)c(O)c1,"['balsamic', 'woody']"
CCOC(OCC)c1ccccc1,"['fruity', 'nutty', 'dried fruit', 'vegetal', 'bitter almond', 'green vegetal', 'fresh', 'fatty', 'oleaginous']"
C=CCCCCO,"['chemical', 'solvent', 'fresh', 'green vegetal', 'vegetal']"
CCCCCCCCc1cccs1,"['fermented', 'fresh aldehydic', 'vegetal', 'aldehydic', 'green vegetal', 'fresh']"
CC(C)(C=O)Cc1ccccc1,"['chemical', 'green vegetal', 'fatty', 'vegetal']"
CCCCCCOC(=O)CCCC,"['animal', 'musky', 'vegetal', 'green vegetal', 'fatty', 'fresh', 'fruit with pip']"
CC(C)C(=O)OC1CCCCC1,"['fruit with pip', 'tropical fruit']"
CCCCCCc1ccccn1,"['fruity', 'dried fruit', 'vegetal', 'green vegetal', 'fresh', 'oleaginous']"
CC(C)COC(Cc1ccccc1)OCC(C)C,"['roasted', 'honeyed', 'bitter almond', 'green vegetal', 'bush flower', 'oleaginous', 'empyreumatic', 'nutty', 'vegetal', 'dried fruit', 'fresh', 'fatty', 'garden flower', 'malt']"
CCc1ccc(OC)cc1,"['fruity', 'dried fruit', 'vegetal', 'dry vegetal', 'fresh', 'fatty', 'oleaginous']"
CSC(C)=O,"['fermented', 'empyreumatic', 'cruciferous', 'vegetal', 'pyrazic', 'sulphur']"
CCCCc1cccs1,"['dairy', 'empyreumatic']"
CCOc1ccc(C)cc1,['garden flower']
CCCCCOC(=O)c1ccco1,"['empyreumatic', 'cooked', 'floral', 'fermented drink', 'chemical', 'alcoholic beverages', 'fatty', 'fresh', 'cooked sugar']"
C=CCCCOC(C)=O,"['metal', 'green vegetal', 'fresh', 'empyreumatic', 'vegetal', 'mineral']"
CCCCCC(OC)OC,"['fermented', 'empyreumatic', 'fruity', 'vegetal', 'green vegetal', 'fresh', 'fruit with pip']"
CCC=C(C)C(=O)OCC,"['vegetal', 'chemical', 'balsamic', 'solvent', 'fresh', 'green vegetal', 'alcoholic beverages', 'tropical fruit', 'barrel aged alcohol', 'woody']"
COc1ccccn1,"['empyreumatic', 'vegetal', 'green vegetal', 'fresh', 'dry vegetal', 'smoked']"
CCOC1(OCC)CCCCC1,"['vegetal', 'chemical', 'balsamic', 'solvent', 'fresh', 'dry vegetal', 'alcoholic beverages', 'phenolic', 'barrel aged alcohol', 'sweet', 'medicinal']"
CCc1ccc(C)o1,"['chemical', 'solvent', 'empyreumatic', 'sulphur']"
Cc1ccc(Oc2ccccc2)cc1,"['vegetal', 'mineral', 'metal', 'green vegetal', 'bush flower', 'fresh']"
C=CCCC(=O)OCC,"['empyreumatic', 'cooked', 'vegetal', 'sweet', 'chemical', 'solvent', 'fresh', 'green vegetal', 'cooked sugar']"
CCCCC(=O)OCCC(C)C,"['vegetal', 'green vegetal', 'fresh', 'fruit with pip', 'tropical fruit', 'stone fruit', 'lactone']"
CC(C)CCSSCCC(C)C,"['vegetal', 'green vegetal', 'fresh', 'sulphur']"
O=CCOc1ccccc1,"['animal', 'vegetal', 'chemical', 'phenolic', 'green vegetal', 'fatty', 'garden flower']"
COc1ccc(C(OC)OC)cc1,"['vegetal', 'green vegetal', 'fresh', 'bush flower', 'garden flower']"
CC(=O)OCc1ccc(C)cc1,"['vegetal', 'red berry', 'green vegetal', 'bush flower', 'fresh', 'garden flower']"
CC(C)N=C=S,"['vegetable', 'sulphur', 'cruciferous', 'vegetal', 'root', 'earthy']"
CCCCCCCCCC(=O)OCCC(C)C,"['fermented', 'floral', 'vegetal', 'fermented drink', 'chemical', 'balsamic', 'green vegetal', 'alcoholic beverages', 'fatty', 'fresh', 'tropical fruit', 'barrel aged alcohol', 'woody']"
CC(C)=CCCC(C)CC=O,"['fruity', 'lemony', 'vegetal', 'green vegetal', 'fatty', 'bush flower']"
O=C(OC1CCCCC1)c1ccccc1,"['woody', 'sweet']"
C=CCSSSSCC=C,"['vegetable', 'empyreumatic', 'vegetal', 'sulphur']"
CCCCCOC(=O)C(C)C,"['dairy', 'fruit with pip', 'fatty', 'tropical fruit', 'stone fruit', 'lactone']"
Cc1sccc1S,"['chemical', 'phenolic', 'empyreumatic']"
CSc1nccnc1C,"['empyreumatic', 'fruity', 'dried fruit', 'vegetal', 'sweet', 'bitter almond', 'fatty', 'oleaginous']"
COc1cc(C)cc(O)c1,"['vegetal', 'dry vegetal']"
OCCCCc1ccccc1,"['honeyed', 'bush flower']"
C=CCCN=C=S,"['vegetable', 'sulphur', 'cruciferous', 'vegetal', 'green vegetal', 'fresh', 'root', 'earthy']"
Cc1nccs1,"['green vegetal', 'fresh', 'vegetal']"
CCSSSCC,"['vegetable', 'vegetal', 'sulphur']"
CCCCCC(OCC)OCC,"['vegetal', 'balsamic', 'chemical', 'fruit with pip', 'alcoholic beverages', 'green vegetal', 'garden flower', 'barrel aged alcohol', 'woody', 'sweet']"
CCCCCCCCSC,"['vegetable', 'empyreumatic', 'vegetal', 'alliaceous', 'green vegetal', 'fresh', 'tropical fruit', 'sulphur']"
Cc1ccccc1SSc1ccccc1C,['empyreumatic']
CSCCCN,"['fermented', 'dairy', 'vegetal']"
O=CCS,"['vegetable', 'cruciferous', 'sulphur', 'vegetal']"
Cc1cnc(C)s1,"['vegetable', 'empyreumatic', 'fruity', 'cruciferous', 'dried fruit', 'vegetal', 'green vegetal', 'fresh', 'fatty', 'sulphur', 'oleaginous']"
C=Cc1cnccn1,"['fruity', 'empyreumatic', 'dried fruit', 'vegetal', 'green vegetal', 'fatty', 'fresh', 'oleaginous']"
CC(C)SSC(C)C,"['vegetable', 'empyreumatic', 'cruciferous', 'vegetal', 'sulphur']"
CCCCCCN=C=S,"['vegetable', 'sulphur', 'cruciferous', 'vegetal', 'green vegetal', 'fresh', 'root', 'earthy']"
SCCc1ccccc1,['empyreumatic']
CSCCCCN=C=S,"['vegetable', 'sulphur', 'cruciferous', 'vegetal', 'root', 'earthy']"
CCOC(=O)CSC,"['vegetable', 'sulphur', 'cruciferous', 'vegetal', 'alliaceous', 'green vegetal', 'fresh', 'root', 'earthy']"
CCCc1cccnc1,"['green vegetal', 'fresh', 'fermented', 'empyreumatic', 'vegetal']"
CCCCCCOC,"['vegetal', 'fruit with pip', 'green vegetal', 'fresh', 'bush flower', 'tropical fruit']"
CCCCc1ccccn1,"['green vegetal', 'fresh', 'vegetal']"
C=C(C)CCOC(C)=O,"['green vegetal', 'fresh', 'tropical fruit', 'vegetal']"
CSCCO,['vegetal']
CCCCC(=O)OC1CC(C)CCC1C(C)C,"['vegetal', 'green vegetal', 'fresh', 'aromatic plant', 'woody']"
CC1=C(O)C(=O)C(C(C)C)CC1,"['fruity', 'vegetal', 'berry', 'chemical', 'green vegetal', 'fresh', 'aromatic plant', 'medicinal', 'black fruit']"
CC(C)CCN=C=S,"['vegetable', 'sulphur', 'cruciferous', 'vegetal', 'green vegetal', 'fresh', 'root', 'earthy']"
Cc1cscc1C,"['alliaceous', 'vegetable', 'empyreumatic', 'sulphur', 'vegetal']"
CCCCOC(C)OCCCC,"['green vegetal', 'bush flower', 'solvent', 'fermented', 'vegetal', 'fermented drink', 'chemical', 'balsamic', 'fruit with pip', 'alcoholic beverages', 'fresh', 'phenolic', 'barrel aged alcohol', 'woody', 'sweet', 'medicinal']"
SCCCCS,['empyreumatic']
CC1(C)COC(C)(c2ccccc2)OC1,"['wood', 'floral', 'vegetal', 'mint', 'chemical', 'phenolic', 'green vegetal', 'fresh', 'bush flower', 'medicinal']"
C=CCCCCCCCCC(=O)OCC(C)C,"['fermented', 'floral', 'dairy', 'fermented drink', 'chemical', 'alcoholic beverages', 'sweet']"
CCCCCCCCCCOC=O,"['honeyed', 'sweet']"
CCCCCCCOC(=O)CCCC,"['fermented', 'floral', 'vegetal', 'fermented drink', 'chemical', 'green vegetal', 'alcoholic beverages', 'fatty', 'fresh', 'fruit with pip']"
CCCCC(=O)OCCCc1ccccc1,"['red berry', 'woody']"
CCCCCCC(=O)OCCc1ccccc1,"['fermented', 'fruity', 'fermented drink', 'chemical', 'alcoholic beverages', 'fatty', 'bush flower', 'stone fruit', 'lactone']"
CCCCCCCC(=O)OCC(C)C,"['fermented', 'vegetal', 'fermented drink', 'chemical', 'green vegetal', 'alcoholic beverages', 'fresh']"
COc1ccc(CC=O)cc1,"['green vegetal', 'fresh', 'bush flower', 'vegetal']"
CSSSSC,"['vegetable', 'empyreumatic', 'vegetal', 'alliaceous', 'sulphur']"
CCCCCC(C)OC(C)=O,"['vegetal', 'fruit with pip', 'green vegetal', 'fresh', 'tropical fruit', 'peponide']"
CSC(=O)c1ccccc1,"['cruciferous', 'dairy', 'vegetal', 'alliaceous', 'sulphur']"
CC(C)SSSC(C)C,"['vegetable', 'vegetal', 'green vegetal', 'fresh', 'sulphur']"
CC(=O)OC1CCCCCCCCCCC1,"['empyreumatic', 'vegetal', 'mineral', 'metal', 'phenolic', 'green vegetal', 'fresh', 'smoked']"
CCCCCCCCCCCCOC(=O)CC,"['animal', 'fermented', 'musky', 'floral', 'fermented drink', 'chemical', 'alcoholic beverages', 'fatty']"
CCCCCC(=O)OC1CCCCC1,"['fermented', 'floral', 'fermented drink', 'chemical', 'metal', 'mineral', 'alcoholic beverages', 'tropical fruit']"
SCc1cccs1,['empyreumatic']
CC(C)C(=O)OCc1ccco1,['empyreumatic']
CCOCc1ccco1,"['chemical', 'solvent', 'fresh', 'fatty', 'dairy']"
CCOC(Cc1ccccc1)OCC,"['fruity', 'nutty', 'vegetal', 'dried fruit', 'bitter almond', 'green vegetal', 'fatty', 'garden flower', 'oleaginous']"
C=CCOC(=O)CCCC,"['floral', 'fermented drink', 'chemical', 'fruit with pip', 'alcoholic beverages', 'tropical fruit']"
COc1cc(C(C)C)ccc1C,"['green vegetal', 'fresh', 'fruity', 'vegetal']"
CCOC(=O)CC1(C)OCCO1,"['wood', 'vegetal', 'phenolic', 'green vegetal', 'fresh', 'fruit with pip', 'resinous', 'stone fruit']"
CCCCCCCCC(=O)OCc1ccccc1,"['fermented', 'fermented drink', 'chemical', 'alcoholic beverages', 'woody']"
CCCCCCCCC(=O)OCCC,"['floral', 'fermented drink', 'chemical', 'alcoholic beverages', 'peponide']"
CCCCCCCCC(=O)OCCCCCC,"['green vegetal', 'oleaginous', 'fermented', 'vegetal', 'dried fruit', 'fermented drink', 'chemical', 'balsamic', 'alcoholic beverages', 'fatty', 'fresh', 'barrel aged alcohol', 'woody', 'sweet']"
COc1ccc(C)cc1C,"['fatty', 'fruity', 'dried fruit', 'oleaginous']"
C=C(C)CCCC(C)CCO,"['metal', 'bush flower', 'mineral']"
CC(=O)CCC(=O)OCc1ccccc1,"['empyreumatic', 'cooked', 'cooked sugar']"
CCCCCCCOC(=O)CCCCC,"['green vegetal', 'fatty', 'fresh', 'vegetal']"
CCOC(=O)c1ccccc1OC,"['fruit with pip', 'red berry']"
CCCCCCCC=CC(=O)OC,"['fermented', 'musty', 'vegetal', 'aldehydic', 'earthy', 'green vegetal', 'fruit with pip', 'woody']"
CC(=O)CC(C)(C)c1ccccc1,"['honeyed', 'green vegetal', 'fresh', 'vegetal']"
CCCCC(=O)OCCc1ccccc1,"['vegetal', 'green vegetal', 'bush flower', 'dry vegetal', 'fruit with pip', 'tropical fruit']"
Sc1ccsc1,"['alliaceous', 'vegetable', 'empyreumatic', 'sulphur', 'vegetal']"
CC12CCC(C1)C(C)(C)C2=O,"['wood', 'vegetal', 'chemical', 'phenolic', 'green vegetal', 'aromatic plant', 'resinous', 'medicinal']"
COC(=O)c1ccccc1N(C)C,"['citrus', 'green vegetal', 'fruit with pip', 'vegetal']"
O=C(CCO)OCCc1ccccc1,"['chemical', 'solvent', 'fresh', 'bush flower']"
CC(=O)OC(CC(C)C)CC(C)C,"['bush flower', 'garden flower', 'fruity', 'tropical fruit']"
CCCCCCCC(=O)OCc1ccccc1,"['tropical fruit', 'stone fruit', 'lactone']"
CCCCC(=O)OCc1ccccc1,"['animal', 'dry vegetal', 'fruit with pip', 'musky', 'vegetal']"
CCCCCCCCCC(=O)OCCCCCC,"['fermented', 'floral', 'vegetal', 'fermented drink', 'chemical', 'green vegetal', 'alcoholic beverages']"
CCCCOc1ccc2ccccc2c1,['red berry']
CC(C)CCOC(C)OCCC(C)C,"['vegetal', 'chemical', 'phenolic', 'solvent', 'fresh', 'green vegetal', 'medicinal']"
CC(C)CCCC(C)(C)O,"['bush flower', 'garden flower', 'fruity']"
CCOC(OCC)c1ccco1,"['fermented', 'empyreumatic', 'musty', 'woody']"
CC(=O)c1sccc1C,"['oleaginous', 'fruity', 'dried fruit', 'honeyed', 'bitter almond', 'fatty']"
CC(=O)c1ccc(C)s1,"['cooked', 'honeyed', 'bitter almond', 'bush flower', 'cooked sugar', 'oleaginous', 'lactone', 'empyreumatic', 'fruity', 'floral', 'vegetal', 'red berry', 'dried fruit', 'balsamic', 'dry vegetal', 'fresh', 'fatty', 'garden flower', 'woody']"
CCCC=CC(=O)CC,"['earthy', 'oleaginous', 'lactone', 'fermented', 'musty', 'dried fruit', 'vegetal', 'coumarin', 'balsamic', 'dry vegetal', 'fatty', 'tropical fruit', 'woody', 'sweet']"
CSSc1ccccc1,"['sulphur', 'cruciferous', 'vegetal', 'alliaceous', 'root', 'earthy']"
CCCC(=O)Oc1ccc(C)cc1,['chemical']
CCCCCCCCCCCC(OC)OC,"['fruity', 'vegetal', 'green vegetal', 'fruit with pip', 'peponide']"
CC(C)=CCc1occc1C,"['fruity', 'empyreumatic', 'cooked', 'lemony', 'vegetal', 'green vegetal', 'fresh', 'aromatic plant', 'cooked sugar', 'sweet']"
CCc1nccs1,"['fruity', 'dried fruit', 'vegetal', 'green vegetal', 'fresh', 'fatty', 'oleaginous']"
CCc1cnc(CC)s1,"['fermented', 'fruity', 'dried fruit', 'vegetal', 'green vegetal', 'fatty', 'fresh', 'oleaginous']"
CCCc1nccnc1C,"['fermented', 'empyreumatic', 'fruity', 'dried fruit', 'roasted', 'fatty', 'malt', 'oleaginous']"
CSCCCOC(C)=O,"['vegetable', 'fermented', 'musty', 'cruciferous', 'dairy', 'vegetal', 'earthy', 'green vegetal', 'fresh', 'sulphur', 'woody']"
CCCC(=O)OCCCSC,"['fermented', 'musty', 'dairy', 'earthy', 'tropical fruit', 'woody']"
CCOC(CCSC)OCC,"['vegetable', 'fermented', 'cruciferous', 'sulphur', 'vegetal', 'dairy']"
COC(=O)CSC,"['fermented', 'empyreumatic', 'dairy', 'vegetal', 'dried fruit', 'fatty', 'oleaginous']"
CC1=CC(=O)C(C)O1,"['empyreumatic', 'cooked', 'dairy', 'fatty', 'cooked sugar']"
COC(C)(C)C1CC=C(C)CC1,"['fruity', 'lemony', 'vegetal', 'green vegetal', 'fresh', 'aromatic plant']"
CCC1(C)CC(=O)C(C)=C(C)C1C,"['oleaginous', 'empyreumatic', 'cooked', 'dairy', 'dried fruit', 'fatty', 'cooked sugar', 'sweet']"
CCC(=O)OC1CC2CC1C1CC=CC21,['fatty']
CC1C(=O)C2CC1C(C)(C)C2,"['wood', 'vegetal', 'mint', 'chemical', 'phenolic', 'green vegetal', 'fresh', 'resinous', 'medicinal']"
CC(C)CC1OCC(C)O1,"['empyreumatic', 'roasted', 'chemical', 'balsamic', 'solvent', 'fresh', 'alcoholic beverages', 'fatty', 'barrel aged alcohol', 'malt', 'woody']"
CCC(C)(O)CCC=C(C)C,"['fresh', 'bush flower', 'fruity', 'lemony']"
CCC(C)CCCC(C)(C)O,"['fruity', 'lemony', 'bush flower', 'garden flower']"
CCCCCC1COCCC1OC(C)=O,"['fermented', 'musty', 'vegetal', 'earthy', 'green vegetal', 'fatty', 'fresh', 'dry vegetal', 'woody']"
CC(C)CCOC(=O)C(C)O,"['oleaginous', 'fermented', 'empyreumatic', 'cooked', 'floral', 'dairy', 'dried fruit', 'sweet', 'fermented drink', 'chemical', 'alcoholic beverages', 'fatty', 'cooked sugar']"
CCCc1nccs1,"['fruity', 'dried fruit', 'vegetal', 'green vegetal', 'fatty', 'fresh', 'oleaginous']"
C=CCCCN=C=S,"['vegetable', 'sulphur', 'cruciferous', 'vegetal', 'green vegetal', 'fresh', 'root', 'earthy']"
CCCc1cnccn1,"['empyreumatic', 'fruity', 'dried fruit', 'vegetal', 'green vegetal', 'fresh', 'fatty', 'oleaginous']"
CCCCC(=O)OC(C)C,"['fermented', 'floral', 'fermented drink', 'chemical', 'solvent', 'fresh', 'alcoholic beverages', 'fruit with pip', 'tropical fruit', 'sweet']"
CCCCCCCC=CCO,"['fruity', 'chemical', 'balsamic', 'bush flower', 'alcoholic beverages', 'barrel aged alcohol', 'woody', 'sweet']"
CCSCCCO,['vegetal']
CCCCCCc1cccs1,"['fermented', 'musty', 'vegetal', 'earthy', 'mineral', 'metal', 'green vegetal', 'fresh', 'sulphur', 'woody']"
CCCCCCCCC(OC)OC,"['green vegetal', 'fruity', 'vegetal', 'peponide']"
CC(=O)OC(C)CCC=C(C)C,"['green vegetal', 'fresh', 'vegetal']"
CC(=O)CC(C)(C)S,"['vegetal', 'berry', 'green vegetal', 'fresh', 'black fruit']"
CCCCCCOC(=O)CC,"['fruit with pip', 'green vegetal', 'fresh', 'vegetal']"
CCCCCC(CC)OC(=O)CCC,"['green vegetal', 'fresh', 'fermented', 'vegetal']"
CCCC(CC(=O)OC)OC(C)=O,"['green vegetal', 'fresh', 'vegetal']"
CCCC(CC(=O)OCC)OC(C)=O,"['green vegetal', 'fresh', 'vegetal']"
CCCCCC1C=CC(=O)O1,"['green vegetal', 'aromatic plant', 'oleaginous', 'lactone', 'dried fruit', 'vegetal', 'balsamic', 'dry vegetal', 'fresh', 'tropical fruit', 'woody', 'sweet']"
C=CC(O)CCCCCC,"['fermented', 'musty', 'dairy', 'vegetal', 'mineral', 'metal', 'green vegetal', 'fatty', 'fresh', 'woody']"
CSC(=O)CC(C)C,"['musty', 'vegetal', 'earthy', 'woody']"
CCCCCC(O)CCO,['fermented']
CC1(S)CCC2CC1C2(C)C,"['green vegetal', 'fresh', 'vegetal']"
CC(=O)C1CCCC(C)(C)C1,"['wood', 'vegetal', 'chemical', 'phenolic', 'green vegetal', 'fresh', 'aromatic plant', 'resinous', 'medicinal']"
C=C(C)C1CCC2(C)OC2C1,"['vegetal', 'green vegetal', 'aromatic plant']"
CC1(C)C2CC3OC3(C)C1C2,"['wood', 'vegetal', 'phenolic', 'green vegetal', 'resinous', 'woody']"
CC(C)(O)CCCC1=CCC(C=O)CC1,"['green vegetal', 'fatty', 'garden flower', 'vegetal']"
CCCCCCCOC(=O)CC(C)C,"['green vegetal', 'fresh', 'vegetal']"
CC(C)CCOCCc1ccccc1,"['floral', 'vegetal', 'mineral', 'metal', 'green vegetal', 'garden flower']"
CCC=CC=CC=CC=O,"['vegetable', 'fruity', 'fresh aldehydic', 'vegetal', 'green vegetal', 'fresh', 'cucurbitacea', 'peponide']"
C=CC1(C)CCC(C(C)(C)O)CC1C(=C)C,"['green vegetal', 'fresh', 'bush flower', 'fruity', 'vegetal']"
CC(C)C1C=CC(=O)CC1,"['vegetal', 'green vegetal', 'aromatic plant']"
CC(C)COC(=O)C(C)O,"['empyreumatic', 'cooked', 'dairy', 'sweet', 'fatty', 'cooked sugar']"
CCCOC(=O)C(C)O,"['fermented', 'empyreumatic', 'cooked', 'dairy', 'floral', 'fermented drink', 'chemical', 'alcoholic beverages', 'cooked sugar']"
CC1(C)C2CCC3(CO3)C1C2,"['floral', 'vegetal', 'mint', 'chemical', 'phenolic', 'green vegetal', 'bush flower', 'fresh', 'medicinal']"
C=C1CCC23C(C)CCC(C(C)C)C2C13,"['vegetable', 'sulphur', 'cruciferous', 'vegetal', 'green vegetal', 'fresh', 'root', 'earthy']"
CCC1=C(O)C(=O)C(C)O1,"['empyreumatic', 'cooked', 'cooked sugar']"
CC(C)=CCCC1=CCC(C=O)CC1,"['chemical', 'green vegetal', 'fatty', 'fruity', 'vegetal']"
CSCSSC,"['vegetable', 'empyreumatic', 'cruciferous', 'vegetal', 'alliaceous', 'sulphur']"
CC1=CC(C)C(C=O)CC1,"['green vegetal', 'fatty', 'fresh', 'fruity', 'vegetal']"
C=CCc1ccc(OCc2ccccc2)c(OC)c1,"['dry vegetal', 'vegetal', 'woody', 'sweet']"
C=CCOC(=O)CCCCCCCCC,"['fermented', 'floral', 'fermented drink', 'chemical', 'alcoholic beverages', 'tropical fruit']"
CC(=O)OC1(C)CCCC(C)(C)C12CCC(C)O2,"['vegetal', 'green vegetal', 'fresh', 'dry vegetal']"
Cc1ccc(C2OCC(C)O2)cc1,"['nutty', 'dried fruit', 'red berry', 'sweet', 'bitter almond', 'fatty', 'oleaginous']"
CC1CCC2C1C1C(CCC2(C)O)C1(C)C,"['vegetal', 'green vegetal', 'fatty', 'bush flower', 'fresh', 'aromatic plant']"
CCCCCCCC=CC(=O)O,"['vegetal', 'citrus', 'green vegetal', 'fresh', 'stone fruit']"
CCCCC(CC)COC(=O)c1ccccc1,"['chemical', 'solvent', 'fresh', 'woody', 'sweet']"
CCCCCCCC(=O)OCC(C)OC(=O)CCCCCCC,"['balsamic', 'chemical', 'alcoholic beverages', 'barrel aged alcohol', 'woody', 'sweet']"
CC1=C2CCC(C)CC2OC1=O,"['dairy', 'green vegetal', 'aromatic plant', 'oleaginous', 'fruity', 'dried fruit', 'vegetal', 'floral', 'balsamic', 'dry vegetal', 'fresh', 'fatty', 'tropical fruit', 'woody']"
C=C(C)C1CCC(C)CC1OC(C)=O,"['vegetal', 'chemical', 'phenolic', 'green vegetal', 'fresh', 'aromatic plant']"
CCCCCCC1OC(C)C(C)O1,"['green vegetal', 'fresh', 'vegetal']"
CCCOC(=O)c1ccccc1N,"['fermented', 'fruity', 'fermented drink', 'chemical', 'citrus', 'fruit with pip', 'alcoholic beverages']"
COc1cc(C=O)cc(-c2cc(C=O)cc(OC)c2O)c1O,"['balsamic', 'dairy', 'woody', 'sweet']"
CC1CC(C)(C)OC(Cc2ccccc2)O1,"['vegetal', 'green vegetal', 'fresh', 'garden flower', 'woody', 'sweet']"
CCOC(=O)CC1(C)OCC(C)O1,"['fruit with pip', 'red berry']"
O=C(Cc1ccccc1)OCC1CCCO1,"['empyreumatic', 'dairy', 'cocoa', 'roasted', 'honeyed', 'malt', 'milky']"
CCCCCCCCCC1OCC(C)O1,"['green vegetal', 'fresh', 'vegetal']"
CCCCC(CC)COC(=O)CC,"['fermented', 'floral', 'fermented drink', 'chemical', 'fruit with pip', 'alcoholic beverages']"
CCCCC(C(C)=O)C(=O)OCC,"['fermented', 'vegetal', 'fermented drink', 'chemical', 'green vegetal', 'alcoholic beverages', 'fresh']"
CC(=O)CCCC(C)CCCC(C)C,"['dry vegetal', 'fermented', 'vegetal']"
CCCCOC(=O)C(C)CCC,"['bush flower', 'garden flower']"
CCCCCCCCC1OCC(C)O1,"['green vegetal', 'vegetal']"
Cc1ccc(CC(C)C=O)cc1,"['oleaginous', 'nutty', 'dried fruit', 'vegetal', 'red berry', 'bitter almond', 'green vegetal', 'fatty', 'peponide']"
CC1=CCC(C)C(C=O)C1,"['green vegetal', 'fatty', 'fresh', 'fruity', 'vegetal']"
CCCCCOC(=O)CC(C)C,"['empyreumatic', 'dairy', 'cocoa', 'roasted', 'fruit with pip', 'tropical fruit', 'malt', 'milky', 'sweet']"
O=C(Cc1ccccc1)OC1CCCCC1,"['honeyed', 'bush flower']"
CC1COC(c2ccco2)O1,"['nutty', 'dried fruit', 'bitter almond', 'fatty', 'oleaginous']"
CCCCCC1OC(=O)CC1C,"['dairy', 'mineral', 'metal', 'oleaginous', 'fruity', 'dried fruit', 'vegetal', 'coumarin', 'balsamic', 'dry vegetal', 'fatty', 'fresh', 'tropical fruit', 'stone fruit', 'woody', 'sweet']"
CCCCCCC=CC(=O)O,"['green vegetal', 'fresh', 'vegetal']"
CC(c1ccccc1)C1OCCO1,"['fermented', 'musty', 'vegetal', 'green vegetal', 'fresh', 'woody']"
CCC(C)COC(=O)C(C)C,"['chemical', 'solvent', 'fresh', 'tropical fruit']"
CCOC(C)OC(C)=O,"['fermented', 'floral', 'vegetal', 'fermented drink', 'chemical', 'solvent', 'alcoholic beverages', 'green vegetal', 'peponide']"
CC(O)C(=O)OCc1ccccc1,"['empyreumatic', 'cooked', 'cooked sugar']"
COC(=O)c1ccccc1N=CCC(C)CCCC(C)(C)O,"['garden flower', 'fruity', 'citrus']"
CC(C)=CCCC(C)CCCC(C)C=O,"['vegetal', 'chemical', 'green vegetal', 'fatty', 'bush flower', 'garden flower']"
CC1COC(C(C)C)O1,"['empyreumatic', 'floral', 'vegetal', 'roasted', 'fermented drink', 'chemical', 'solvent', 'fresh', 'alcoholic beverages', 'green vegetal', 'malt']"
CC(=O)OC1CC2CC1C1C=CCC21,"['green vegetal', 'fresh', 'vegetal']"
CCCCCOC(=O)Cc1ccccc1,"['empyreumatic', 'dairy', 'vegetal', 'cocoa', 'roasted', 'honeyed', 'dry vegetal', 'fruit with pip', 'malt', 'milky', 'woody']"
C=CCSCCC,"['vegetable', 'vegetal', 'sulphur']"
O=C(c1ccccc1)C(O)O,"['fruity', 'floral', 'vegetal', 'dried fruit', 'green vegetal', 'fresh', 'oleaginous']"
C=C(C)C1CC(=O)C2(C)OC2C1,"['vegetal', 'chemical', 'solvent', 'fresh', 'green vegetal', 'aromatic plant']"
CCCOc1cncc(C)n1,"['green vegetal', 'fresh', 'vegetal']"
CCCCCOC(=O)c1ccccc1N,['fruit with pip']
CSCCC1OCC(C)O1,"['vegetable', 'fermented', 'dairy', 'vegetal']"
O=COC1CCCCCCCCCCC1,"['vegetal', 'mint', 'chemical', 'phenolic', 'green vegetal', 'medicinal']"
CC(=O)OCc1ccc(C(C)C)cc1,"['citrus', 'lemony']"
Cc1cnc(SCc2ccco2)cn1,"['fatty', 'empyreumatic', 'fruity', 'dried fruit', 'oleaginous']"
CCCC1CCOC(C)S1,"['vegetable', 'vegetal', 'berry', 'alliaceous', 'green vegetal', 'fresh', 'tropical fruit', 'sulphur', 'black fruit']"
CC(C)C(=O)OC(C)(C)Cc1ccccc1,"['berry', 'black fruit']"
CC1(C)CCCC(C)(O)C1=O,"['dry vegetal', 'fruity', 'vegetal']"
CCCCCOC(=O)C(C)O,"['empyreumatic', 'cooked', 'dairy', 'balsamic', 'chemical', 'alcoholic beverages', 'barrel aged alcohol', 'woody', 'cooked sugar', 'sweet']"
O=C(OC1CCCCC1)c1ccccc1O,"['green vegetal', 'fresh', 'vegetal', 'woody']"
CCCCCCCCCC(OCC)OCC,"['solvent', 'green vegetal', 'oleaginous', 'lactone', 'dried fruit', 'vegetal', 'coumarin', 'chemical', 'balsamic', 'dry vegetal', 'alcoholic beverages', 'tropical fruit', 'barrel aged alcohol', 'woody', 'sweet']"
CCCCCCCC(OCC)OCC,"['green vegetal', 'fresh', 'vegetal']"
CCOC(=O)c1ccccc1NC,['fruit with pip']
CCOC(=O)C(C)(O)CC,"['empyreumatic', 'cooked', 'dried fruit', 'sweet', 'fruit with pip', 'fatty', 'cooked sugar', 'oleaginous']"
CC(=O)OCCC1=CCC2CC1C2(C)C,"['wood', 'vegetal', 'lemony', 'citrus', 'phenolic', 'fresh', 'bush flower', 'resinous']"
C=CC1(C)CCC(=O)O1,"['vegetal', 'green vegetal', 'fresh', 'aromatic plant']"
CC1(C)C2=CCCC(C)(C)C23CCC1C3,"['balsamic', 'sweet']"
CC(=O)CCCC(C)CCC=C(C)C,['bush flower']
COC1CC(C)CCC1C(C)C,"['vegetal', 'green vegetal', 'aromatic plant']"
C=C1C(O)CC2CC1C2(C)C,"['wood', 'vegetal', 'chemical', 'phenolic', 'green vegetal', 'aromatic plant', 'resinous', 'medicinal']"
CCC(C)SC(=O)CC(C)C,"['green vegetal', 'fresh', 'fermented', 'dairy', 'vegetal']"
CCC(=O)OCC(C)CC,"['chemical', 'balsamic', 'solvent', 'fresh', 'fruit with pip', 'alcoholic beverages', 'tropical fruit', 'barrel aged alcohol', 'woody', 'peponide']"
CCC(C)C(=O)OCC(C)C,['peponide']
CCOC(C)OCCc1ccccc1,"['green vegetal', 'garden flower', 'vegetal']"
CCCCCC(=O)OCC(C)CC,"['chemical', 'solvent', 'fresh', 'fruit with pip', 'tropical fruit']"
CCCCCC1C(=O)CCC1CC(=O)OC,"['green vegetal', 'fatty', 'fresh', 'vegetal']"
CCCCC(CC)C(=O)OCC,"['floral', 'garden flower']"
CCC1CCCC(=O)O1,"['green vegetal', 'oleaginous', 'fruity', 'dried fruit', 'vegetal', 'balsamic', 'dry vegetal', 'fatty', 'fresh', 'tropical fruit', 'woody', 'sweet']"
CC1COC(C)O1,"['fresh aldehydic', 'vegetal', 'aldehydic', 'chemical', 'solvent', 'fresh', 'fatty', 'green vegetal']"
CCC(=O)OCCCCCCC(C)C,['bush flower']
CC1=CCCC(C)(C)C1C(C)CCC=O,"['phenolic', 'dry vegetal', 'garden flower', 'floral', 'vegetal']"
CCOCc1cnccn1,"['empyreumatic', 'fruity', 'dried fruit', 'sweet', 'bitter almond', 'fatty', 'tropical fruit', 'oleaginous']"
CCOC(=O)C1OC1c1ccc(C)cc1,"['bush flower', 'red berry']"
C=CC(C)CCCC(C)(C)OC(C)=O,"['fruity', 'lemony', 'fresh', 'bush flower']"
CCCCCCCCCCC(OC)OC,"['fatty', 'fruity']"
CCOc1cncc(C)n1,"['empyreumatic', 'fruity', 'dried fruit', 'fatty', 'tropical fruit', 'oleaginous']"
CCCCCCCCOCC=O,"['green vegetal', 'fatty', 'vegetal']"
Cc1nc(CC(C)C)sc1C,"['fruity', 'floral', 'vegetal', 'dried fruit', 'green vegetal', 'fresh', 'bush flower', 'garden flower', 'fatty', 'oleaginous']"
CCCc1nc(C)c(C)o1,"['metal', 'empyreumatic', 'mineral']"
CC(=O)c1ncc(C)nc1C,"['empyreumatic', 'fruity', 'dried fruit', 'fatty', 'pyrazic', 'oleaginous']"
CCOCc1ccccc1OC,"['vegetal', 'green vegetal', 'bush flower', 'dry vegetal']"
CCc1ccc(CC(C)(C)C=O)cc1,"['vegetal', 'chemical', 'green vegetal', 'fatty', 'garden flower']"
CC(C)(C)C(=O)OCCc1ccccc1,"['bush flower', 'garden flower']"
CCC(=O)OC(C)(C)Cc1ccccc1,"['vegetal', 'dry vegetal']"
CCCC(=O)Oc1c(C)occc1=O,"['empyreumatic', 'cooked', 'red berry', 'cooked sugar']"
CSc1nccnc1C(C)C,"['green vegetal', 'fresh', 'empyreumatic', 'vegetal']"
CSSC(C)(C)C=O,"['empyreumatic', 'dairy', 'vegetal', 'roasted', 'dry vegetal', 'malt', 'milky', 'sweet']"
CC(C)CCOC(=O)CC(S)C(=O)OCCC(C)C,['empyreumatic']
CC(CCOC=O)CC(C)(C)C,"['green vegetal', 'fresh', 'vegetal']"
C=CCOC(=O)COCCC(C)C,"['vegetal', 'green vegetal', 'fresh', 'fruit with pip', 'tropical fruit']"
CCCCCCC1OC(=O)CC1C,"['dairy', 'vegetal', 'green vegetal', 'fatty', 'fresh', 'stone fruit']"
COC(OC)C(C)(C)CC=C(C)C,"['fruity', 'floral', 'vegetal', 'aldehydic', 'green vegetal', 'fatty', 'garden flower']"
CC(=O)OC1CC(C)CC(C)(C)C1,"['vegetal', 'chemical', 'phenolic', 'green vegetal', 'bush flower', 'fresh', 'aromatic plant', 'medicinal']"
CCC1(O)C2(C)CCC(C2)C1(C)C,"['fermented', 'vegetal', 'mint', 'chemical', 'phenolic', 'green vegetal', 'fresh', 'medicinal']"
CCCCCOC(=O)C(C)CC,"['fruit with pip', 'tropical fruit']"
CC1CC(C)(c2ccccc2)OC(C)O1,"['green vegetal', 'fruity', 'vegetal']"
CCCCCCOC(C)OCC,"['vegetal', 'chemical', 'balsamic', 'solvent', 'fresh', 'alcoholic beverages', 'green vegetal', 'phenolic', 'barrel aged alcohol', 'woody', 'sweet', 'medicinal']"
CCCCCCC(CC)OC(C)=O,"['chemical', 'solvent', 'fresh', 'green vegetal', 'vegetal']"
CCCCCCCCC(OCC)OCC,"['fruity', 'vegetal', 'green vegetal', 'fatty', 'bush flower']"
CC(=O)Sc1cc(C)oc1C,['empyreumatic']
CC(=O)Sc1ccoc1C,['empyreumatic']
CCCCCCCCCC(=O)OCCCCCCC,"['fermented', 'floral', 'fermented drink', 'balsamic', 'chemical', 'alcoholic beverages', 'barrel aged alcohol', 'woody', 'sweet']"
CCCCCCCCC(=O)OCCCCC,"['oleaginous', 'lactone', 'fermented', 'dried fruit', 'fermented drink', 'chemical', 'balsamic', 'alcoholic beverages', 'fatty', 'barrel aged alcohol', 'stone fruit', 'woody', 'sweet']"
CCCCCCCCCC(C)C(OC)OC,"['fruity', 'lemony', 'vegetal', 'citrus', 'balsamic', 'green vegetal', 'fresh', 'fatty', 'woody', 'sweet']"
CC(C)=CCCC1(C)OCC(C)O1,"['green vegetal', 'fresh', 'vegetal']"
CC1CCC(C(C)C)C(OC(=O)C(C)C)C1,['bush flower']
CC1CCC2CC1SC2(C)C,"['vegetal', 'citrus', 'green vegetal', 'aromatic plant', 'stone fruit', 'lactone']"
CC1CCC(CO)C(C)C1,"['animal', 'vegetal', 'phenolic', 'green vegetal', 'fresh', 'aromatic plant', 'garden flower']"
COc1cc(C2OCC(C)O2)ccc1O,"['empyreumatic', 'floral', 'roasted', 'balsamic', 'malt', 'milky', 'woody']"
CCOc1cc(C2OCC(C)O2)ccc1O,"['dairy', 'chemical', 'phenolic', 'balsamic', 'woody', 'medicinal']"
CC(C)=CCCC(C)CCOC(=O)c1ccccc1N,['bush flower']
CCCC(=O)OC1=C(C)CCC1=O,"['oleaginous', 'empyreumatic', 'cooked', 'dairy', 'dried fruit', 'fatty', 'cooked sugar', 'sweet']"
CC(C)=CCOC=O,"['vegetable', 'vegetal', 'chemical', 'balsamic', 'solvent', 'fresh', 'green vegetal', 'alcoholic beverages', 'barrel aged alcohol', 'woody', 'sweet']"
CCC(=O)Oc1c(C)occc1=O,"['empyreumatic', 'cooked', 'red berry', 'tropical fruit', 'cooked sugar']"
CC1=CC=C2C(C)(C)CCCC2(C)O1,"['wood', 'vegetal', 'red berry', 'garden flower', 'resinous']"
CCCCC(C)OC(C)=O,['fruit with pip']
CC(C)CCCC(C)CC=O,"['fruity', 'lemony', 'vegetal', 'green vegetal', 'fatty']"
CCCCCC(O)CC(=O)OCC,"['fermented', 'vegetal', 'fermented drink', 'chemical', 'green vegetal', 'alcoholic beverages', 'fresh', 'fruit with pip']"
CCCCCCCCC1CCCC(=O)O1,['fermented']
CC(=O)OC(C)(C)C1CC=C(C)CC1,"['fruity', 'floral', 'lemony', 'fresh', 'bush flower']"
CC(C)=CCCC(C)CCOC(=O)CC(C)C,"['fruity', 'vegetal', 'berry', 'honeyed', 'dry vegetal', 'bush flower', 'fruit with pip', 'garden flower', 'sweet', 'black fruit']"
C=CCOC(=O)COC1CCCCC1,"['green vegetal', 'fresh', 'tropical fruit', 'vegetal']"
CCC(=O)OCC(C)OC(=O)CC,"['chemical', 'alcoholic beverages', 'fermented', 'floral', 'fermented drink']"
CCOC(=O)C(O)CC(C)C,"['chemical', 'alcoholic beverages', 'fermented', 'floral', 'fermented drink']"
C=CC(C)(CCC=C(C)C)OC(=O)CCCC,"['bush flower', 'floral', 'stone fruit', 'lactone']"
CC(=O)OCCCCCCCC(C)C,"['green vegetal', 'bush flower', 'fruity', 'floral', 'vegetal']"
COC(C)(C)CCCC(C)C=O,"['green vegetal', 'fresh', 'vegetal', 'peponide']"
COCc1cnccn1,"['empyreumatic', 'fruity', 'dried fruit', 'vegetal', 'sweet', 'bitter almond', 'green vegetal', 'fatty', 'oleaginous']"
CCC(C)COC(=O)C=C(C)C,"['vegetal', 'mineral', 'metal', 'dry vegetal', 'fruit with pip', 'garden flower']"
CC1CC(C)(c2ccccc2)CO1,"['green vegetal', 'fruity', 'vegetal']"
CCCCCC(=O)OCCC(C)CCC=C(C)C,"['fruit with pip', 'bush flower', 'tropical fruit']"
CCCCCCCCCCCC=CC=O,"['vegetable', 'fresh aldehydic', 'vegetal', 'lemony', 'aldehydic', 'green vegetal', 'fresh', 'cucurbitacea']"
CCOC(=O)CCC(C)C,"['fruit with pip', 'tropical fruit']"
CC(C)c1ccc(C(C)C=O)cc1,"['green vegetal', 'fatty', 'vegetal']"
CCC(C)SC(=O)C=C(C)C,"['fermented', 'fresh aldehydic', 'dairy', 'vegetal', 'aldehydic', 'green vegetal', 'fresh', 'fatty']"
CCCC(CCCC(=O)OCC)OC(C)=O,"['animal', 'musky']"
C=CC(CCC)OC(C)=O,"['vegetal', 'balsamic', 'chemical', 'green vegetal', 'alcoholic beverages', 'fresh', 'barrel aged alcohol', 'woody', 'sweet']"
CCCCCCOC(CCCCC)OCCCCCC,"['fruity', 'fresh aldehydic', 'vegetal', 'aldehydic', 'balsamic', 'chemical', 'green vegetal', 'fatty', 'alcoholic beverages', 'fresh', 'fruit with pip', 'barrel aged alcohol', 'woody', 'sweet']"
CC(C)CC(=O)SC(C)C,"['green vegetal', 'fresh', 'fermented', 'dairy', 'vegetal']"
CC(C)=CC(=O)SC(C)C,"['vegetable', 'vegetal', 'green vegetal', 'fresh', 'sulphur']"
C=CCCCCCCC(C)=O,"['vegetal', 'fruit with pip', 'green vegetal', 'fresh', 'tropical fruit']"
CC(C)CC=NCCC(C)C,"['fatty', 'empyreumatic', 'malt', 'roasted']"
C=CCCCCCCCC(C)=O,"['green vegetal', 'fresh', 'vegetal', 'peponide']"
C=C1C(O)CC23CC1C(C)(C)C2CCC3C,"['wood', 'resinous', 'vegetal']"
Cc1ccc2c(c1)OCC(=O)CO2,"['chemical', 'green vegetal', 'fruity', 'vegetal', 'peponide']"
CCc1nc(C)oc1C,"['empyreumatic', 'fruity', 'dried fruit', 'vegetal', 'green vegetal', 'fresh', 'fatty', 'oleaginous']"
C=C1C(=O)CC2CC1C2(C)C,"['vegetal', 'chemical', 'phenolic', 'green vegetal', 'fresh', 'aromatic plant', 'medicinal']"
CC1=CC=CCC1,"['fruity', 'lemony', 'fresh', 'sulphur']"
CCCCCCCCCC(=O)OCC(C)C,"['balsamic', 'chemical', 'alcoholic beverages', 'barrel aged alcohol', 'stone fruit', 'woody', 'lactone']"
CCCCCCCCCC(=O)OCCC,"['green vegetal', 'fresh', 'vegetal']"
CCCCCCC(C(C)=O)C(=O)OCC,"['fermented', 'vegetal', 'fermented drink', 'chemical', 'green vegetal', 'alcoholic beverages', 'fresh']"
CSCS,"['alliaceous', 'vegetable', 'sulphur', 'vegetal']"
CCOc1nccnc1C,"['empyreumatic', 'fruity', 'dried fruit', 'sweet', 'bitter almond', 'fatty', 'tropical fruit', 'malt', 'oleaginous']"
CCSSC,"['vegetal', 'green vegetal', 'fresh', 'sulphur']"
C=CCCCCCCCCCC(=O)O,"['green vegetal', 'fruity', 'vegetal']"
CC=C(C)C(=O)O,"['empyreumatic', 'cooked', 'cooked sugar']"
CC(O)C1CCCCC1,['fatty']
CCCC(=O)C(=O)CCC,"['fermented', 'empyreumatic', 'cooked', 'dairy', 'cooked sugar']"
SCS,['empyreumatic']
CCSC(C)SCC,"['vegetable', 'empyreumatic', 'sulphur', 'vegetal']"
CCCC(C)CC=O,"['green vegetal', 'fresh', 'fermented', 'dairy', 'vegetal']"
CC(=O)CC(=O)OCc1ccccc1,"['tropical fruit', 'woody']"
CC(C)=CCS,"['vegetable', 'empyreumatic', 'vegetal', 'alliaceous', 'phenolic', 'sulphur', 'smoked']"
C=C(C)C1C=CC(C)(O)CC1,"['fermented', 'vegetal', 'green vegetal', 'aromatic plant']"
CCCCC1OCC(C)O1,"['fruity', 'dried fruit', 'vegetal', 'chemical', 'phenolic', 'green vegetal', 'fresh', 'solvent', 'oleaginous', 'medicinal']"
CCC(C)(CCc1ccccc1)OC(C)=O,"['vegetal', 'green vegetal', 'dry vegetal', 'garden flower']"
CCCCC=CCC(=O)OCC,"['fermented', 'floral', 'fermented drink', 'chemical', 'alcoholic beverages', 'tropical fruit']"
CCCCC1COCC(C)C1OC(C)=O,"['fermented', 'musty', 'woody', 'earthy']"
C=CC(C)(CCC=C(C)C)OC(C)OCC,"['fruity', 'lemony', 'citrus', 'garden flower']"
CCCOC(=O)C(C)CC,"['fermented', 'floral', 'vegetal', 'fermented drink', 'chemical', 'green vegetal', 'alcoholic beverages', 'fresh', 'fruit with pip', 'tropical fruit']"
C=CCCCCCCCC=O,"['fruity', 'vegetal', 'green vegetal', 'bush flower']"
CC1(O)CCC2C(=CCCC2(C)C)C1,"['balsamic', 'musky', 'sweet']"
COC(=O)c1ccccc1NC=O,"['fruit with pip', 'fermented']"
CCC(C)COC(=O)c1ccccc1O,"['green vegetal', 'fresh', 'vegetal']"
CCCC(=O)OCC(C)CC,"['balsamic', 'chemical', 'fruit with pip', 'alcoholic beverages', 'barrel aged alcohol', 'stone fruit', 'woody', 'sweet', 'lactone']"
CCCC(C)COC(=O)C(C)CCC,['fruit with pip']
CSCCCCCCN=C=S,"['vegetable', 'sulphur', 'cruciferous', 'vegetal', 'root', 'earthy']"
CC(C)=CCOC(=O)C=C(C)C,"['green vegetal', 'fresh', 'vegetal']"
CC(=O)C1=NCCS1,"['vegetable', 'empyreumatic', 'fruity', 'fresh aldehydic', 'dried fruit', 'vegetal', 'aldehydic', 'alliaceous', 'green vegetal', 'fresh', 'fatty', 'pyrazic', 'sulphur', 'oleaginous']"
C=C(C)CCCC(C)CO,"['green vegetal', 'fruity', 'vegetal', 'peponide']"
CCc1ccc(C=O)s1,"['oleaginous', 'empyreumatic', 'cooked', 'red berry', 'dried fruit', 'bitter almond', 'fatty', 'cooked sugar', 'sweet']"
CCCC(=O)OCC(C)OC(=O)CCC,"['dairy', 'fatty']"
C=CC(O)CCCCCCC,"['fermented', 'fruity', 'musty', 'vegetal', 'mineral', 'metal', 'green vegetal', 'fatty', 'woody']"
CCCCCC(=O)OCSC,"['fermented', 'tropical fruit']"
CCCCCC(=O)OCC=C(C)C,"['green vegetal', 'fresh', 'fermented', 'dairy', 'vegetal']"
CC(C)=CCOC(=O)C(C)C,"['dairy', 'red berry', 'vegetal', 'honeyed', 'green vegetal', 'fatty', 'fresh', 'tropical fruit', 'stone fruit', 'sweet']"
CC(C)C(=O)OC1CC2CCC1(C)C2(C)C,"['wood', 'oleaginous', 'dried fruit', 'vegetal', 'mint', 'chemical', 'phenolic', 'green vegetal', 'fresh', 'fatty', 'resinous', 'sweet', 'medicinal']"
CCOc1nccnc1C(C)C,"['empyreumatic', 'fruity', 'dried fruit', 'vegetal', 'green vegetal', 'fresh', 'fatty', 'oleaginous']"
C=CC(C)(CCC=C(C)C)OCC,"['green vegetal', 'aromatic plant', 'vegetal']"
CCCCCCCOCC(=O)CO,"['fermented', 'musty', 'vegetal', 'green vegetal', 'fatty', 'fresh', 'woody']"
CCc1nccnc1SC,"['fermented', 'empyreumatic', 'fruity', 'dried fruit', 'vegetal', 'green vegetal', 'fresh', 'fatty', 'oleaginous']"
CCCCCCCC(O)CCCC(=O)OCC(O)CO,"['oleaginous', 'dairy', 'vegetal', 'coumarin', 'dried fruit', 'balsamic', 'dry vegetal', 'fatty', 'tropical fruit', 'stone fruit', 'woody', 'sweet']"
C=CC(=O)CCCCCC,"['fermented', 'musty', 'woody', 'earthy']"
CCC=CC=CC(C)=O,"['fermented', 'musty', 'fresh aldehydic', 'floral', 'vegetal', 'aldehydic', 'mineral', 'metal', 'green vegetal', 'fresh', 'garden flower', 'dry vegetal', 'woody']"
CC(C)CC1OC(CC(C)C)OC(CC(C)C)O1,"['fruity', 'empyreumatic', 'roasted', 'balsamic', 'malt', 'woody']"
CSCCCCCN=C=S,"['vegetable', 'sulphur', 'cruciferous', 'vegetal', 'root', 'earthy']"
CCCCCC(OCCCC)OCCCC,"['fruity', 'vegetal', 'balsamic', 'chemical', 'fruit with pip', 'alcoholic beverages', 'green vegetal', 'fresh', 'fatty', 'barrel aged alcohol', 'woody', 'sweet']"
CC(C)CC(=O)Cc1ccccc1,"['empyreumatic', 'cooked', 'cooked sugar']"
CCCC(=O)C(O)CCC,"['fruity', 'dairy', 'dried fruit', 'fatty', 'oleaginous']"
CCCOC(=O)CCC(C)=O,"['empyreumatic', 'cooked', 'cooked sugar']"
CCC(=O)OC1CC(C)CCC1C(C)C,"['vegetal', 'green vegetal', 'bush flower', 'aromatic plant']"
CCCOC(=O)Cc1ccccc1,"['fruity', 'honeyed', 'bush flower', 'stone fruit', 'lactone']"
CCCCCCOC(=O)Cc1ccccc1,"['fermented', 'vegetal', 'fermented drink', 'honeyed', 'chemical', 'green vegetal', 'alcoholic beverages', 'fresh', 'bush flower']"
CC(=O)CSCc1ccco1,"['vegetable', 'empyreumatic', 'cruciferous', 'sulphur', 'vegetal']"
C=CCc1cc(OC)c(O)c(OC)c1,"['empyreumatic', 'smoked']"
COC(CC(C)=O)OC,"['fermented', 'fruity', 'dried fruit', 'chemical', 'phenolic', 'solvent', 'fresh', 'fatty', 'oleaginous', 'medicinal']"
CC(=O)Cc1ccco1,"['vegetable', 'sulphur', 'empyreumatic', 'cruciferous', 'cooked', 'vegetal', 'earthy', 'root', 'cooked sugar']"
CCCC(=O)c1ccco1,"['woody', 'sweet']"
C=C(C)CCC(C)=O,"['green vegetal', 'fresh', 'fermented', 'vegetal']"
CCCCCCCCOC(=O)CC(C)C,"['vegetal', 'honeyed', 'green vegetal', 'bush flower', 'fresh', 'fruit with pip', 'tropical fruit', 'sweet']"
CCCCCCCCCCC1OCC(C)O1,['fruity']
CCCCCCC(=O)OCCC,"['green vegetal', 'floral', 'red berry', 'vegetal', 'fermented drink', 'chemical', 'balsamic', 'fruit with pip', 'alcoholic beverages', 'fatty', 'fresh', 'tropical fruit', 'barrel aged alcohol', 'woody']"
CCCCCCCCCCOC(=O)CC,"['animal', 'musky', 'solvent', 'green vegetal', 'vegetal', 'chemical', 'balsamic', 'fresh', 'alcoholic beverages', 'barrel aged alcohol', 'woody']"
CCCCCCCCCCOC(=O)CCC,"['bush flower', 'floral', 'stone fruit', 'lactone']"
CCCCCCCC(=O)OCCc1ccccc1,"['cooked', 'roasted', 'green vegetal', 'cooked sugar', 'fermented', 'empyreumatic', 'vegetal', 'fermented drink', 'chemical', 'balsamic', 'alcoholic beverages', 'fresh', 'barrel aged alcohol', 'malt', 'woody']"
CCCCC(=O)c1ccco1,"['fermented', 'empyreumatic', 'cooked', 'dairy', 'cooked sugar']"
O=C1CCCCCCCCCCCCCCO1,"['musky', 'floral', 'vegetal', 'balsamic', 'fruit with pip', 'dry vegetal', 'fresh', 'woody', 'lactone']"
CC1COC(C(C)c2ccccc2)O1,"['fermented', 'musty', 'vegetal', 'earthy', 'green vegetal', 'dry vegetal', 'woody', 'peponide']"
O=Cc1ccc(CO)o1,"['fermented', 'empyreumatic', 'cooked', 'floral', 'dairy', 'vegetal', 'fermented drink', 'chemical', 'dry vegetal', 'alcoholic beverages', 'cooked sugar']"
CCCC(=O)CC(=O)OCC,"['animal', 'green vegetal', 'fresh', 'tropical fruit', 'vegetal']"
COc1cc(C)cc(OC)c1O,"['empyreumatic', 'cooked', 'chemical', 'smoked', 'cooked sugar', 'sweet']"
CCCCC(C)OC(=O)CCC,['tropical fruit']
CCCC(=O)OCc1ccc(OC)cc1,"['fatty', 'fresh', 'dairy', 'stone fruit']"
CCCCCCCCCCCCOC(=O)C(C)C,['dairy']
CCCC(=O)OC1CCCCC1,"['fruit with pip', 'tropical fruit']"
CCCCCC(=O)CC,"['dairy', 'vegetal', 'floral', 'green vegetal', 'bush flower', 'woody']"
SCCCCCCCCCS,"['fermented', 'musty', 'vegetal', 'woody', 'earthy']"
CC(CCO)CCCC(C)(C)O,"['vegetal', 'green vegetal', 'fresh', 'bush flower', 'garden flower']"
C=CC(C)(CCC=C(C)C)OC(=O)Cc1ccccc1,"['honeyed', 'bush flower', 'garden flower']"
C=C(C)COC(=O)CCC,"['chemical', 'solvent', 'fresh']"
O=C(OCCc1ccccc1)c1ccco1,"['fermented', 'empyreumatic', 'cooked', 'floral', 'earthy', 'honeyed', 'bush flower', 'woody', 'cooked sugar', 'sweet']"
SCc1ccccn1,['empyreumatic']
c1coc(COCc2ccco2)c1,"['fatty', 'empyreumatic', 'fruity', 'dried fruit', 'oleaginous']"
CCCC(=O)CCCC(=O)O,"['animal', 'musky']"
COC(=O)CCCc1ccccc1,['honeyed']
CCCCCCC1(C)CCC(=O)O1,"['oleaginous', 'fruity', 'dried fruit', 'vegetal', 'balsamic', 'dry vegetal', 'tropical fruit', 'stone fruit', 'woody']"
CC(C)CC(=O)OC1CCCCC1,"['fruit with pip', 'tropical fruit']"
CC(OC=O)c1ccccc1,"['green vegetal', 'fresh', 'vegetal', 'sweet']"
CCCCCC(=O)OCC(C)OC(=O)CCCCC,"['green vegetal', 'fresh', 'vegetal']"
CC=CC(=O)OCC,"['cooked', 'sulphur', 'cooked sugar', 'vegetable', 'empyreumatic', 'vegetal', 'balsamic', 'chemical', 'alcoholic beverages', 'tropical fruit', 'barrel aged alcohol', 'woody']"
CC(C)=CCCC(C)=CCCC(C)CCO,"['vegetal', 'mineral', 'metal', 'fruit with pip', 'green vegetal', 'fresh', 'garden flower']"
CC12CCC(C1)C(C)(C)C2O,"['wood', 'fruity', 'lemony', 'vegetal', 'chemical', 'phenolic', 'green vegetal', 'fresh', 'aromatic plant', 'resinous', 'medicinal']"
CCCCCC1CCC(=O)O1,"['oleaginous', 'fruity', 'dairy', 'vegetal', 'coumarin', 'dried fruit', 'balsamic', 'dry vegetal', 'fresh', 'tropical fruit', 'woody', 'lactone']"
CCCCCCCC1CCC(=O)O1,"['dairy', 'green vegetal', 'oleaginous', 'dried fruit', 'vegetal', 'coumarin', 'balsamic', 'dry vegetal', 'fresh', 'tropical fruit', 'stone fruit', 'woody']"
CC(C)=CCCC(C)(O)C1CC=C(C)CC1,"['oleaginous', 'lactone', 'dried fruit', 'lemony', 'coumarin', 'vegetal', 'citrus', 'dry vegetal', 'fresh', 'fatty', 'tropical fruit', 'woody', 'sweet']"
Cc1coc2c1CCC(C)C2,"['fermented', 'vegetal', 'chemical', 'phenolic', 'green vegetal', 'fresh', 'aromatic plant', 'dry vegetal', 'medicinal']"
CC(C)=C1CCC(C)CC1=O,"['vegetal', 'mineral', 'chemical', 'phenolic', 'green vegetal', 'aromatic plant', 'metal', 'medicinal']"
CC1CCC(C(C)C)C(=O)C1,"['vegetal', 'chemical', 'phenolic', 'solvent', 'green vegetal', 'aromatic plant', 'medicinal']"
O=C(O)C=C(CC(=O)O)C(=O)O,"['fermented', 'fruity', 'floral', 'vegetal', 'dried fruit', 'fermented drink', 'chemical', 'alcoholic beverages', 'fatty', 'oleaginous']"
O=C(O)C=Cc1ccccc1,"['chemical', 'phenolic', 'medicinal', 'woody', 'spicy']"
CC(C)=CCCC(C)=CCCC(C)=CCO,"['fatty', 'garden flower']"
c1ccc(CCCc2ccccn2)cc1,"['metal', 'green vegetal', 'vegetal', 'mineral']"
CCCCCCOC(=O)CCCCCC,"['vegetal', 'balsamic', 'chemical', 'green vegetal', 'alcoholic beverages', 'barrel aged alcohol', 'woody', 'sweet']"
CCCC(S)CCOC(C)=O,"['red berry', 'berry', 'citrus', 'fruit with pip', 'black fruit']"
CSCc1ccco1,"['sulphur', 'empyreumatic', 'cruciferous', 'vegetal', 'root', 'earthy']"
CCCC=CC(=O)OCC,"['green vegetal', 'fermented', 'floral', 'red berry', 'vegetal', 'citrus', 'fermented drink', 'chemical', 'balsamic', 'fruit with pip', 'alcoholic beverages', 'fresh', 'tropical fruit', 'barrel aged alcohol', 'woody']"
CCCCCCCC(O)CC,"['fermented', 'fruity', 'earthy', 'citrus', 'woody']"
CC(=O)CCC1=C(C)CCCC1(C)C,"['balsamic', 'garden flower', 'sweet']"
CCC=CSC,"['vegetable', 'vegetal', 'sulphur']"
CCOC(=O)C(C)S,"['alliaceous', 'vegetable', 'sulphur', 'vegetal']"
CCc1cnc(C)s1,"['vegetable', 'empyreumatic', 'dairy', 'vegetal', 'green vegetal', 'fresh', 'sulphur', 'milky', 'sweet', 'malt']"
CCCCCCOC(=O)C(C)O,"['green vegetal', 'fresh', 'vegetal']"
CC(C)CCOC(=O)C(C)C,"['empyreumatic', 'vegetal', 'red berry', 'roasted', 'chemical', 'solvent', 'fresh', 'fruit with pip', 'green vegetal', 'tropical fruit', 'malt']"
CSCCCCO,"['fermented', 'musty', 'cruciferous', 'dairy', 'vegetal', 'earthy', 'mineral', 'metal', 'green vegetal', 'fresh', 'sulphur', 'woody']"
CSc1cnccn1,"['roasted', 'solvent', 'sulphur', 'oleaginous', 'vegetable', 'empyreumatic', 'fruity', 'dried fruit', 'vegetal', 'chemical', 'fresh', 'fatty', 'malt']"
CCC(C)c1nccnc1OC,"['fermented', 'fruity', 'dried fruit', 'vegetal', 'green vegetal', 'fresh', 'fatty', 'oleaginous']"
CC(=O)c1nccs1,"['empyreumatic', 'fruity', 'dried fruit', 'fatty', 'pyrazic', 'oleaginous']"
CC(S)CCS,"['vegetable', 'empyreumatic', 'fruity', 'dried fruit', 'vegetal', 'fatty', 'sulphur', 'oleaginous']"
CCC(C)C(=O)OCCc1ccccc1,"['green vegetal', 'fresh', 'bush flower', 'vegetal']"
CC(=O)c1cc(C)sc1C,"['fermented', 'empyreumatic', 'fruity', 'dairy', 'dried fruit', 'fatty', 'oleaginous']"
CC(=O)C1=CCCCN1,"['oleaginous', 'empyreumatic', 'fruity', 'cooked', 'dried fruit', 'sweet', 'fatty', 'pyrazic', 'cooked sugar']"
CCCCCCCCCC1CCCC(=O)O1,['fermented']
CC(=O)C1=NCCCC1,"['sweet', 'empyreumatic', 'pyrazic', 'cooked', 'cooked sugar']"
CCC(C)C(=O)OCCC(C)C,"['fermented', 'floral', 'red berry', 'fermented drink', 'chemical', 'fruit with pip', 'alcoholic beverages', 'tropical fruit']"
COc1cncc(C)n1,"['empyreumatic', 'fruity', 'dried fruit', 'sweet', 'bitter almond', 'fatty', 'oleaginous']"
CCCCCCCCOC(=O)C(C)CC,"['green vegetal', 'fresh', 'fermented', 'vegetal']"
CC1CC(=O)CO1,"['empyreumatic', 'dairy', 'vegetal', 'balsamic', 'chemical', 'dry vegetal', 'fatty', 'fresh', 'alcoholic beverages', 'barrel aged alcohol', 'woody', 'lactone']"
CC(C)(S)CCO,"['empyreumatic', 'fruity', 'vegetal', 'citrus', 'alliaceous', 'sulphur']"
CC(=O)c1sc(C)nc1C,"['fatty', 'fermented', 'empyreumatic', 'fruity', 'dried fruit', 'oleaginous']"
CCc1ccc(C)s1,"['empyreumatic', 'vegetal', 'chemical', 'fresh', 'green vegetal']"
CCCCCC(CC)OC(C)=O,"['fruity', 'vegetal', 'lemony', 'green vegetal', 'bush flower', 'aromatic plant', 'fruit with pip']"
CCC(=O)CO,"['fermented', 'empyreumatic', 'cooked', 'chemical', 'phenolic', 'solvent', 'fatty', 'fresh', 'cooked sugar', 'medicinal']"
CCCCCCCCOC(=O)CCCCCC,"['green vegetal', 'fresh', 'vegetal']"
CCCC(S)CCO,"['vegetable', 'empyreumatic', 'vegetal', 'berry', 'citrus', 'sulphur', 'black fruit']"
CCCCc1ccc(CC)s1,['empyreumatic']
CCCCCC(C)S,"['animal', 'vegetal', 'alliaceous', 'sulphur']"
CCCCSSCC,"['vegetal', 'green vegetal', 'fresh', 'sulphur']"
CNc1ccccc1C(=O)OCC(C)C,['fruit with pip']
CCC(C)C(=O)OC(C)C,"['solvent', 'green vegetal', 'oleaginous', 'lactone', 'dried fruit', 'vegetal', 'coumarin', 'chemical', 'balsamic', 'dry vegetal', 'fresh', 'fatty', 'fruit with pip', 'tropical fruit', 'woody']"
CC(=O)CCC(=O)OCCC(C)C,"['fermented', 'empyreumatic', 'cooked', 'floral', 'sweet', 'fermented drink', 'chemical', 'solvent', 'fresh', 'alcoholic beverages', 'fatty', 'cooked sugar']"
CCCCCCCCC(=O)OCCCCCCC,"['fermented', 'fruity', 'fermented drink', 'chemical', 'citrus', 'alcoholic beverages', 'fatty', 'bush flower']"
CCCCSSCCC,"['vegetable', 'vegetal', 'sulphur']"
CCCCCSSC,"['vegetal', 'green vegetal', 'fresh', 'sulphur']"
Sc1cccs1,"['sweet', 'empyreumatic', 'cooked', 'cooked sugar']"
CCCCCCCCC(=O)OCCC(C)C,"['fermented', 'dried fruit', 'fermented drink', 'chemical', 'alcoholic beverages', 'fatty', 'stone fruit', 'oleaginous', 'lactone']"
CC(=O)CC(=O)OCC(C)C,"['fermented', 'floral', 'fermented drink', 'chemical', 'alcoholic beverages']"
Nc1ccccc1C(=O)OCc1ccccc1,"['garden flower', 'fruity']"
CCc1nc(C)c(C)s1,"['fruity', 'empyreumatic', 'dried fruit', 'roasted', 'fatty', 'malt', 'oleaginous']"
CCCOC(=O)C(C)=O,"['empyreumatic', 'cooked', 'cooked sugar']"
CCCc1cc(OC)c(O)c(OC)c1,"['empyreumatic', 'smoked']"
C=CCSSSCCC,"['vegetable', 'vegetal', 'sulphur']"
CCSSSC,"['vegetable', 'empyreumatic', 'vegetal', 'green vegetal', 'fresh', 'sulphur']"
COCCC(C)(C)S,"['fruity', 'vegetal', 'berry', 'citrus', 'green vegetal', 'fresh', 'aromatic plant', 'lactone', 'stone fruit', 'black fruit']"
CC(C)(S)CCOC=O,"['vegetable', 'empyreumatic', 'cooked', 'vegetal', 'alliaceous', 'sulphur', 'cooked sugar', 'sweet']"
Cc1occc1SSc1ccoc1C,"['alliaceous', 'vegetable', 'empyreumatic', 'sulphur', 'vegetal']"
CC(=O)CC(C)S,"['vegetable', 'fruity', 'vegetal', 'berry', 'citrus', 'black fruit']"
CCCc1nccnc1OC,"['vegetable', 'vegetal']"
CCC1=C(O)C(=O)CC1C,"['empyreumatic', 'cooked', 'cooked sugar']"
CC(C)C1SSC(C(C)C)S1,"['vegetable', 'empyreumatic', 'fruity', 'dried fruit', 'vegetal', 'alliaceous', 'phenolic', 'sulphur', 'smoked', 'oleaginous']"
CC(C)CC1SC(C)NC(C)S1,"['empyreumatic', 'fruity', 'dried fruit', 'fatty', 'malt', 'oleaginous']"
CCCCCC(CC(=O)OC)OC(C)=O,"['fermented', 'floral', 'vegetal', 'fermented drink', 'chemical', 'green vegetal', 'alcoholic beverages', 'fresh']"
C=C(C)c1ccnc(C(C)=O)c1,"['fresh aldehydic', 'vegetal', 'aldehydic', 'balsamic', 'green vegetal', 'fresh', 'fatty', 'aromatic plant', 'woody']"
C=C(C)c1cc(C(C)=O)ccn1,"['green vegetal', 'fresh', 'empyreumatic', 'vegetal']"
CC1(C)CC2C3CCCC(C)(C3O)C2C1,['sweet']
CCCCCC(C)OC(=O)CCC,"['green vegetal', 'fresh', 'fermented', 'dairy', 'vegetal']"
CCC(=O)C(C)S,"['vegetable', 'empyreumatic', 'fruity', 'vegetal', 'citrus', 'alliaceous', 'sulphur']"
C=CCOC(=O)CCC(C)=O,"['green vegetal', 'fresh', 'empyreumatic', 'tropical fruit', 'vegetal']"
Cc1cnc2c(n1)CCC2C,"['fermented', 'empyreumatic', 'fruity', 'dried fruit', 'fatty', 'malt', 'oleaginous']"
CCCCCC(=O)OCCC(S)CCC,"['berry', 'citrus', 'black fruit']"
CCCCC(CC)OC(C)=O,"['vegetal', 'fruit with pip', 'green vegetal', 'fresh', 'bush flower']"
CC(=O)C(=O)OCCC(C)C,"['empyreumatic', 'cooked', 'cooked sugar', 'chemical', 'alcoholic beverages', 'barrel aged alcohol', 'woody']"
CC(C)CCOC(=O)CCc1ccco1,"['empyreumatic', 'cooked', 'vegetal', 'green vegetal', 'fresh', 'bush flower', 'fruit with pip', 'cooked sugar']"
CCCCCCCOC(=O)C(C)CC,"['green vegetal', 'fruit with pip', 'vegetal']"
CC(S)C(C)S,"['vegetable', 'empyreumatic', 'sulphur', 'vegetal']"
CCCCCOC(=O)CCSC,['tropical fruit']
CCCCCCCCCC(=O)OCCCCC,"['fermented', 'floral', 'fermented drink', 'chemical', 'balsamic', 'alcoholic beverages', 'barrel aged alcohol', 'woody', 'sweet']"
CCCC(=O)OCC1CCCO1,"['fermented', 'dairy', 'vegetal', 'green vegetal', 'fresh', 'tropical fruit', 'stone fruit', 'lactone']"
CCCCOC(C)OCC,"['solvent', 'green vegetal', 'fermented', 'floral', 'vegetal', 'fermented drink', 'chemical', 'balsamic', 'phenolic', 'fresh', 'alcoholic beverages', 'barrel aged alcohol', 'woody', 'sweet', 'medicinal']"
O=COCc1ccco1,"['empyreumatic', 'fruity', 'dried fruit', 'chemical', 'solvent', 'fresh', 'fatty', 'oleaginous']"
CCOC(=O)CCSCc1ccco1,"['empyreumatic', 'fruity', 'dried fruit', 'vegetal', 'fatty', 'sulphur', 'oleaginous']"
CC1CCC(C(C)(C)O)C(O)C1,"['vegetal', 'green vegetal', 'fresh', 'aromatic plant']"
CCCCCC(=O)OCc1ccco1,"['green vegetal', 'fresh', 'fermented', 'vegetal']"
CCCCCCC(=O)OCc1ccco1,"['green vegetal', 'fresh', 'vegetal']"
CCCCCCCC1OCC(C)O1,"['green vegetal', 'fresh', 'fruity', 'vegetal', 'lemony']"
C=CCC(C=O)c1ccccc1,"['vegetable', 'empyreumatic', 'dairy', 'vegetal', 'cocoa', 'roasted', 'malt', 'milky', 'sweet']"
C=CC(C)(CCC=C(C)C)OC(=O)CCCCC,"['vegetal', 'fruit with pip', 'green vegetal', 'fresh', 'tropical fruit']"
CC(C)CC(=O)OC1CC(C)CCC1C(C)C,"['vegetal', 'green vegetal', 'fresh', 'aromatic plant']"
CCCC(=O)OC(C)c1ccccc1,"['vegetal', 'green vegetal', 'fresh', 'fruit with pip', 'stone fruit', 'lactone']"
CC(=O)CCC1=C(C)C=CCC1(C)C,"['dry vegetal', 'bush flower', 'fruity', 'vegetal', 'red berry']"
CCCC(=O)OC(C)(C)C1CC=C(C)CC1,"['woody', 'sweet']"
CC1=C(CCC(C)O)C(C)(C)CCC1,"['balsamic', 'animal', 'musky']"
CCn1cccc1C=O,"['phenolic', 'empyreumatic', 'smoked']"
CC(=O)c1oc(C)cc1C,"['oleaginous', 'empyreumatic', 'fruity', 'cooked', 'dried fruit', 'cooked sugar', 'fatty', 'woody']"
CC1=CCC(C(C)(C)OC(=O)CC(C)C)CC1,"['wood', 'fruity', 'vegetal', 'phenolic', 'fresh', 'resinous', 'woody']"
CCCCCCCCCOC(=O)CCCCCCC,"['fermented', 'musty', 'balsamic', 'chemical', 'alcoholic beverages', 'bush flower', 'barrel aged alcohol', 'woody']"
CC1COC(c2ccccc2)O1,"['nutty', 'dried fruit', 'red berry', 'bitter almond', 'fatty', 'oleaginous']"
COC(=O)Cc1ccc(C(C)(C)C)cc1,"['roasted', 'honeyed', 'green vegetal', 'peponide', 'empyreumatic', 'floral', 'vegetal', 'cocoa', 'balsamic', 'fresh', 'garden flower', 'malt']"
CCC=CCCC=CC=O,"['fruity', 'fresh aldehydic', 'floral', 'vegetal', 'aldehydic', 'green vegetal', 'garden flower', 'cucurbitacea', 'peponide']"
CC=CC(=O)O,"['sweet', 'empyreumatic', 'cooked', 'dairy', 'cooked sugar']"
CC(=O)OCC=C(C)CCCC(C)CCCC(C)CCCC(C)C,"['green vegetal', 'fatty', 'fresh', 'vegetal', 'woody', 'sweet']"
O=CC=Cc1ccccc1,"['floral', 'vegetal', 'honeyed', 'chemical', 'phenolic', 'green vegetal', 'fatty', 'woody', 'medicinal']"
COC(=O)C=Cc1ccccc1,"['red berry', 'spicy', 'chemical', 'phenolic', 'woody', 'medicinal']"
CC=Cc1ccc(OC)cc1,['fresh']
CC=CC=CC=O,"['green vegetal', 'fresh', 'vegetal']"
CC(C)=CCCC(C)=CCO,['bush flower']
CCOC(=O)C=Cc1ccccc1,"['honeyed', 'chemical', 'phenolic', 'stone fruit', 'woody', 'medicinal']"
CC=Cc1ccc(OC)c(OC)c1,"['chemical', 'phenolic', 'dry vegetal', 'vegetal', 'medicinal']"
CC(C)=CCCC(C)=CC=O,['lemony']
CC(=O)C=CC1=C(C)CCCC1(C)C,['garden flower']
CCC=CC(=O)O,"['fermented', 'empyreumatic', 'cooked', 'dairy', 'cooked sugar', 'sweet']"
CC=CC(=O)OC,"['green vegetal', 'fresh', 'vegetal']"
CC(=O)OCC=C(C)CCC=C(C)CCC=C(C)C,"['fruity', 'vegetal', 'mineral', 'metal', 'green vegetal', 'fatty', 'fresh', 'garden flower', 'bush flower', 'peponide']"
CC=CCCCO,"['fermented', 'vegetal', 'mineral', 'metal', 'green vegetal', 'fresh', 'sulphur']"
CC=CC=CCO,"['fermented', 'dried fruit', 'vegetal', 'bitter almond', 'green vegetal', 'fatty', 'oleaginous']"
COc1ccc(C=CC=O)cc1,"['empyreumatic', 'fruity', 'red berry', 'chemical', 'phenolic', 'balsamic', 'smoked', 'woody', 'medicinal']"
C=CCOC(=O)C=Cc1ccccc1,"['chemical', 'phenolic', 'tropical fruit', 'stone fruit', 'woody', 'medicinal', 'lactone']"
CC(C)C=CC(=O)O,"['dry vegetal', 'vegetal']"
Cc1cc(SSc2cc(C)oc2C)c(C)o1,['empyreumatic']
CCC=CCC=O,"['fresh aldehydic', 'vegetal', 'aldehydic', 'green vegetal', 'fruit with pip', 'peponide']"
CCOC(=O)C(C)C(C)O,"['green vegetal', 'fresh', 'fruit with pip', 'vegetal']"
CCOC(=O)C=Cc1ccco1,"['fruit with pip', 'woody']"
CC(C)COC(=O)C=Cc1ccccc1,"['empyreumatic', 'roasted', 'malt', 'stone fruit', 'woody', 'lactone']"
CC=Cc1ccc(OC(C)=O)c(OC)c1,"['chemical', 'phenolic', 'woody', 'medicinal']"
CCC=CCC1=C(C)CCC1=O,"['fermented', 'musty', 'vegetal', 'earthy', 'green vegetal', 'aromatic plant']"
CC(=O)OCC=C(C)CCC=C(C)C,"['vegetal', 'aldehydic', 'green vegetal', 'fatty', 'fruit with pip', 'fresh', 'bush flower']"
CC=CC=CC(=O)OCC,"['vegetal', 'chemical', 'solvent', 'fresh', 'green vegetal', 'tropical fruit']"
O=C(C=Cc1ccccc1)OCC=Cc1ccccc1,"['chemical', 'phenolic', 'bush flower', 'woody', 'medicinal']"
CC(C)=CCCC(C)=CC#N,"['lemony', 'vegetal', 'metal', 'mineral', 'green vegetal', 'fresh', 'fatty']"
CC=CC(=O)C1=C(C)CCCC1(C)C,"['vegetal', 'honeyed', 'green vegetal', 'bush flower', 'fresh', 'aromatic plant', 'dry vegetal', 'stone fruit', 'sweet', 'black fruit']"
CC(=O)CCC=C(C)CCC=C(C)CCC=C(C)C,"['fermented', 'dairy', 'fermented drink', 'chemical', 'solvent', 'fresh', 'alcoholic beverages']"
CCCCCC(C=O)=Cc1ccccc1,"['green vegetal', 'fatty', 'fresh', 'vegetal']"
CC(=O)C=CC=C(C)CCC=C(C)C,"['vegetal', 'dry vegetal', 'garden flower']"
CCCC=CCOC(C)=O,"['vegetal', 'green vegetal', 'fruit with pip', 'tropical fruit']"
Cc1oc2ccccc2c1C,"['animal', 'dry vegetal', 'empyreumatic', 'vegetal', 'smoked']"
CCCCc1nccs1,"['green vegetal', 'fresh', 'vegetal']"
CCCC(CC=O)SC,"['fresh aldehydic', 'dairy', 'vegetal', 'aldehydic', 'green vegetal', 'fresh']"
CCOC(=O)C(C)(C)SC,"['vegetal', 'chemical', 'solvent', 'fresh', 'green vegetal', 'aromatic plant']"
CCOC1=C(C)OC(C)C1=O,"['empyreumatic', 'cooked', 'red berry', 'cooked sugar']"
CCOC(=O)CC(C)CC(C)(C)C,"['fermented', 'vegetal', 'fermented drink', 'chemical', 'green vegetal', 'alcoholic beverages', 'fresh', 'fruit with pip']"
CCCCCCCCCOC(=O)c1ccccc1N,['fruity']
CCCC(=O)OCSC,"['fermented', 'cruciferous', 'dairy', 'vegetal', 'mineral', 'metal', 'alliaceous', 'sulphur']"
CC(C)CCCCCCCCCCC=O,['empyreumatic']
CC1=C2CCC(C)C=C2OC1=O,"['green vegetal', 'aromatic plant', 'oleaginous', 'fruity', 'dried fruit', 'vegetal', 'balsamic', 'dry vegetal', 'fresh', 'fatty', 'tropical fruit', 'woody']"
CCOC(=O)CC(C)SCC,"['metal', 'mineral']"
CCCC(=O)OCCc1scnc1C,"['empyreumatic', 'fruity', 'dried fruit', 'oleaginous']"
CCCCCC(=O)OCCc1scnc1C,"['empyreumatic', 'fruity', 'dried fruit', 'oleaginous']"
CC1C=CC2C(C)CCC(C(C)C)C2C1,"['green vegetal', 'empyreumatic', 'vegetal']"
CC1C=CCCC1(C)C=O,"['fruity', 'vegetal', 'green vegetal', 'fatty', 'fresh']"
C=CCc1ccc(OC(=O)CC(C)C)c(OC)c1,"['chemical', 'phenolic', 'medicinal']"
CC(=O)[n+]1cc(C)nc(C)c1,"['empyreumatic', 'fruity', 'dried fruit', 'fatty', 'pyrazic', 'oleaginous']"
Cc1occc(=O)c1OC(=O)C(C)C,"['empyreumatic', 'cooked', 'red berry', 'cooked sugar']"
CCOCc1ccccc1O,"['balsamic', 'empyreumatic', 'smoked', 'woody']"
O=C1CCCCC=CCCCCCCCCCO1,"['animal', 'musky', 'vegetal', 'aldehydic', 'balsamic', 'green vegetal', 'fatty', 'woody']"
CCc1ccccc1S,"['vegetable', 'empyreumatic', 'vegetal', 'phenolic', 'sulphur', 'smoked']"
CCCC1CC(=O)C=C(C)C1,"['green vegetal', 'aromatic plant', 'vegetal']"
CCOC(=O)COc1ccc(C)cc1,"['oleaginous', 'empyreumatic', 'floral', 'red berry', 'dried fruit', 'vegetal', 'roasted', 'honeyed', 'dry vegetal', 'fresh', 'fatty', 'malt', 'sweet']"
CC1=NC(CC(C)C)SC1C,"['oleaginous', 'empyreumatic', 'fruity', 'dairy', 'vegetal', 'dried fruit', 'green vegetal', 'fresh', 'fatty', 'malt', 'milky']"
CSCCOC(C)=O,['peponide']
CC1=C(O)C(=O)CO1,"['empyreumatic', 'cooked', 'cooked sugar']"
CCCCCC=C1CCCC1=O,"['green vegetal', 'fresh', 'vegetal']"
CSC(C)(C)CC(C)=O,"['vegetal', 'berry', 'mineral', 'metal', 'green vegetal', 'fresh', 'black fruit']"
CCCCOCc1ccc(O)c(OC)c1,"['balsamic', 'woody']"
CCCOC(=O)C=Cc1ccccc1,"['fermented', 'woody']"
CCOC(=O)C=CC(=O)OCC,"['fermented', 'floral', 'vegetal', 'fermented drink', 'chemical', 'green vegetal', 'alcoholic beverages', 'fresh', 'fruit with pip', 'tropical fruit']"
CC(C)OC(=O)C=Cc1ccccc1,"['red berry', 'spicy', 'chemical', 'phenolic', 'stone fruit', 'woody', 'medicinal', 'lactone']"
CCCCOC(=O)C=Cc1ccccc1,"['empyreumatic', 'malt', 'woody', 'roasted']"
CC(C)CCOC(=O)C=Cc1ccccc1,"['fermented', 'empyreumatic', 'roasted', 'malt', 'woody']"
CC(=CCO)CCCC(C)CCCC(C)CCCC(C)C,"['green vegetal', 'fresh', 'vegetal', 'woody', 'sweet']"
CCCCCC=CC=CC(=O)OCC,"['vegetal', 'fruit with pip', 'green vegetal', 'fresh']"
CC=C(C)C(=O)OCC,"['empyreumatic', 'cooked', 'cooked sugar']"
CCC=CCCO,"['fresh aldehydic', 'vegetal', 'aldehydic', 'green vegetal', 'fruit with pip', 'peponide']"
C=C1CCC=C(C)CCC2C1CC2(C)C,"['chemical', 'phenolic', 'medicinal']"
C=CC(C)=CCC=C(C)CCC=C(C)C,"['fruity', 'lemony', 'vegetal', 'green vegetal', 'fresh', 'fruit with pip', 'bush flower']"
C=CC(=C)CCC=C(C)CCC=C(C)C,"['green vegetal', 'fresh', 'fruity', 'vegetal']"
CC1=CCCC(C)=CCC(C)(C)C=CC1,['sweet']
C=C1C2CCC(C2)C1(C)CCC=C(C)CO,"['wood', 'vegetal']"
C=CC(C)=CCC=C(C)CCC=C(C)C=O,"['green vegetal', 'fatty', 'fruity', 'floral', 'vegetal']"
C=CC(C)=CCC=C(C)C,"['fruity', 'vegetal', 'lemony', 'green vegetal', 'fresh']"
CC(=O)C=CC1C(C)=CCCC1(C)C,['garden flower']
CC(C)=CCCC(C)=CCOC=O,"['vegetal', 'mineral', 'metal', 'dry vegetal', 'green vegetal', 'garden flower', 'bush flower', 'fruit with pip', 'stone fruit', 'lactone']"
CC(=O)OCC=Cc1ccccc1,"['chemical', 'phenolic', 'woody', 'medicinal']"
CCCC=CC(=O)O,"['dairy', 'fermented']"
CCCCCC=CC(=O)O,"['green vegetal', 'fermented', 'vegetal']"
CCC=CCCCC(=O)O,"['green vegetal', 'fresh', 'vegetal']"
CCCCC=CC=O,"['green vegetal', 'fruit with pip', 'vegetal']"
CCCCCC=CC=O,"['fresh aldehydic', 'vegetal', 'aldehydic', 'green vegetal', 'cucurbitacea', 'tropical fruit']"
CC=CCCCCC=O,"['vegetable', 'fresh aldehydic', 'dairy', 'vegetal', 'aldehydic', 'green vegetal', 'cucurbitacea', 'peponide']"
CCCC=CC=CC=O,"['vegetal', 'fruit with pip', 'green vegetal', 'fresh', 'peponide']"
CCCCC=CCCC=O,"['green vegetal', 'fresh', 'vegetal', 'peponide']"
CCCCCCCC=CC=O,"['fermented', 'musty', 'vegetal', 'citrus', 'green vegetal', 'fresh', 'bush flower', 'woody']"
CCCC=CCCCCC=O,"['vegetable', 'fresh aldehydic', 'vegetal', 'aldehydic', 'green vegetal', 'fresh', 'cucurbitacea']"
CCCCCCCCCC=CC=O,"['vegetal', 'metal', 'mineral', 'green vegetal', 'fresh']"
CCCCCCCCCCC=CC=O,"['floral', 'vegetal', 'dairy', 'green vegetal', 'fresh']"
Nc1ccccc1C(=O)OCC=Cc1ccccc1,"['fruit with pip', 'woody', 'sweet']"
C=CC(C)(O)CCC=C(C)CCC=C(C)C,"['green vegetal', 'fresh', 'fruity', 'vegetal']"
O=C1CCCCCCCC=CCCCCCCC1,['musky']
CCOC(=O)C=C(C)CCC=C(C)C,"['green vegetal', 'bush flower', 'fresh', 'floral', 'vegetal']"
CCCCC=CCO,"['green vegetal', 'fresh', 'vegetal']"
CCCC=CCO,"['vegetal', 'chemical', 'green vegetal', 'solvent', 'tropical fruit', 'medicinal']"
CCCCCC=CCO,"['fermented', 'fruity', 'fresh aldehydic', 'vegetal', 'aldehydic', 'green vegetal', 'fresh', 'cucurbitacea']"
CCCSSSC,"['vegetable', 'empyreumatic', 'vegetal', 'mineral', 'alliaceous', 'metal', 'green vegetal', 'fresh', 'sulphur']"
CC=C(C)C=O,"['dried fruit', 'vegetal', 'sweet', 'chemical', 'bitter almond', 'solvent', 'fresh', 'green vegetal', 'fatty', 'oleaginous']"
CC=CC=CC(=O)OC,"['oleaginous', 'dried fruit', 'vegetal', 'balsamic', 'green vegetal', 'fresh', 'fatty', 'woody']"
CC=CC(C)C,"['green vegetal', 'fresh', 'sulphur', 'vegetal']"
CC(C)=CCCC(C)=CC1OCC(C)O1,"['fresh', 'fruity', 'lemony']"
CCCC(=O)OCC=C(C)CCC=C(C)C,"['red berry', 'vegetal', 'citrus', 'green vegetal', 'bush flower', 'stone fruit', 'lactone']"
CCC=CCCOC(=O)CCCCCCC,"['fermented', 'floral', 'vegetal', 'fermented drink', 'chemical', 'metal', 'green vegetal', 'alcoholic beverages', 'fresh', 'mineral']"
CCCCCC=CCCC(=O)OC,"['vegetal', 'fruit with pip', 'green vegetal', 'fresh', 'stone fruit', 'lactone']"
CCCCCC=CCC1CCC(=O)O1,['stone fruit']
CCC=CCCOC(=O)CCC,"['fermented', 'floral', 'dairy', 'vegetal', 'fermented drink', 'chemical', 'metal', 'fruit with pip', 'alcoholic beverages', 'fatty', 'green vegetal', 'mineral']"
CC=C(C)C(=O)OCCCC,"['fermented', 'empyreumatic', 'cooked', 'fermented drink', 'chemical', 'solvent', 'fresh', 'alcoholic beverages', 'garden flower', 'bush flower', 'cooked sugar']"
CCCC=CCOC(=O)C(C)CC,"['fruit with pip', 'green vegetal', 'fresh', 'vegetal']"
CCCC=CCOC(=O)CC(C)C,"['dairy', 'vegetal', 'fruit with pip', 'fatty', 'green vegetal', 'tropical fruit']"
CCCC=CCOC(=O)CCC,"['fresh aldehydic', 'vegetal', 'aldehydic', 'green vegetal', 'fruit with pip', 'tropical fruit', 'stone fruit', 'lactone']"
CCCC=CCOC(=O)CC,"['floral', 'vegetal', 'dairy', 'fruit with pip', 'green vegetal', 'fresh', 'tropical fruit']"
CCC=CCCOC(=O)C(C)C,"['fresh aldehydic', 'vegetal', 'aldehydic', 'fruit with pip', 'fresh', 'green vegetal', 'fatty']"
CCC=CCCOC(=O)CCCCC,"['fresh aldehydic', 'aldehydic', 'green vegetal', 'fermented', 'floral', 'vegetal', 'fermented drink', 'chemical', 'fruit with pip', 'alcoholic beverages', 'fresh', 'tropical fruit', 'woody', 'sweet']"
CCC=CCCOC(C)=O,"['fresh aldehydic', 'aldehydic', 'green vegetal', 'floral', 'vegetal', 'balsamic', 'chemical', 'fruit with pip', 'fatty', 'garden flower', 'alcoholic beverages', 'tropical fruit', 'barrel aged alcohol', 'woody', 'peponide']"
CCCC=CCCC(=O)OCC,"['vegetal', 'fruit with pip', 'green vegetal', 'tropical fruit']"
C=CCC=CCCC(=O)OCC,"['chemical', 'solvent', 'fresh', 'fruit with pip', 'tropical fruit']"
CCCCCC=CCCO,"['vegetable', 'fermented', 'fruity', 'musty', 'fresh aldehydic', 'vegetal', 'aldehydic', 'earthy', 'green vegetal', 'fatty', 'cucurbitacea', 'woody', 'peponide']"
CCCCCC=CCCCOC(C)=O,['bush flower']
CCCC=CCCCO,"['green vegetal', 'vegetal']"
CCCCCCCCCC=CCO,['fruity']
CCCC=CCOC=O,"['vegetal', 'balsamic', 'chemical', 'green vegetal', 'alcoholic beverages', 'fresh', 'barrel aged alcohol', 'woody', 'sweet']"
CCCC=CCOC(=O)CCCCC,"['vegetal', 'balsamic', 'chemical', 'fruit with pip', 'alcoholic beverages', 'dry vegetal', 'green vegetal', 'fresh', 'barrel aged alcohol', 'woody', 'sweet']"
CCCC=CCOC(=O)CCCC,"['green vegetal', 'fermented', 'floral', 'vegetal', 'fermented drink', 'chemical', 'balsamic', 'fruit with pip', 'alcoholic beverages', 'fresh', 'tropical fruit', 'barrel aged alcohol', 'woody', 'sweet']"
CCC=CCCOC(=O)CCCC,"['dairy', 'vegetal', 'fruit with pip', 'fatty', 'green vegetal', 'tropical fruit']"
CC(C)=CCCC(C)=CCOC(=O)c1ccccc1,"['bush flower', 'woody']"
COc1cc(C=CC(C)=O)ccc1O,"['floral', 'dairy', 'woody']"
COc1ccc(C=C(C)C=O)cc1,"['chemical', 'phenolic', 'woody', 'medicinal']"
CCC=CCC(=O)O,"['animal', 'fermented', 'fresh aldehydic', 'vegetal', 'aldehydic', 'honeyed', 'green vegetal', 'fresh', 'fatty', 'peponide', 'sweet']"
CCCC(=O)OCC=Cc1ccccc1,"['fermented', 'fermented drink', 'chemical', 'phenolic', 'alcoholic beverages', 'spicy', 'barrel aged alcohol', 'woody', 'sweet', 'medicinal']"
O=C1CCCCCCCC=CCCCCCCO1,"['animal', 'musky']"
COC(=O)C=Cc1ccco1,"['red berry', 'chemical', 'phenolic', 'woody', 'medicinal']"
CCC(=O)OCC=Cc1ccccc1,"['vegetal', 'red berry', 'fruit with pip', 'bush flower', 'green vegetal', 'fresh', 'woody']"
CC(C)C(=O)OCC=Cc1ccccc1,"['nutty', 'dried fruit', 'chemical', 'bitter almond', 'phenolic', 'fatty', 'fruit with pip', 'tropical fruit', 'stone fruit', 'woody', 'oleaginous', 'medicinal']"
CCC(=O)OCC=C(C)CCC=C(C)C,"['vegetal', 'honeyed', 'fruit with pip', 'green vegetal', 'fresh', 'garden flower', 'bush flower']"
CC(C)CC(=O)OCC=Cc1ccccc1,"['vegetal', 'red berry', 'fermented drink', 'chemical', 'green vegetal', 'alcoholic beverages', 'fresh', 'bush flower', 'fruit with pip', 'peponide']"
C=CC(C)(CCC=C(C)C)OC(=O)C=Cc1ccccc1,"['garden flower', 'woody']"
CCCCCC(=O)OCC=Cc1ccccc1,"['green vegetal', 'fresh', 'vegetal', 'woody']"
CC=C(C)C(=O)OC,"['chemical', 'balsamic', 'solvent', 'fresh', 'alcoholic beverages', 'barrel aged alcohol', 'woody', 'sweet']"
CC=C(C)C(=O)OCCc1ccccc1,"['vegetal', 'green vegetal', 'fatty', 'fresh', 'bush flower', 'garden flower']"
O=C(C=Cc1ccccc1)OC1CCCCC1,"['spicy', 'bitter almond', 'oleaginous', 'lactone', 'nutty', 'dried fruit', 'red berry', 'chemical', 'phenolic', 'fatty', 'stone fruit', 'woody', 'medicinal']"
C=Cc1sc(C)nc1C,"['empyreumatic', 'fruity', 'dried fruit', 'roasted', 'fatty', 'malt', 'oleaginous']"
CCC(C)C1N=C(C)C(C)S1,"['oleaginous', 'empyreumatic', 'fruity', 'dairy', 'vegetal', 'dried fruit', 'cocoa', 'fatty', 'malt', 'milky', 'sweet']"
CC(=CC(C)C)C(=O)O,"['honeyed', 'fermented', 'dairy', 'sweet']"
CC(=O)c1ccnc(C)n1,"['oleaginous', 'empyreumatic', 'fruity', 'cooked', 'dried fruit', 'fatty', 'cooked sugar', 'sweet']"
CCCCCC=C(C)C=O,"['green vegetal', 'fresh', 'vegetal']"
CCOC(=O)C1OC1(C)c1ccc(C)cc1,"['oleaginous', 'nutty', 'dried fruit', 'vegetal', 'red berry', 'balsamic', 'bitter almond', 'green vegetal', 'fresh', 'fatty', 'woody']"
CCCCCC=CCCC(=O)OCC,"['red berry', 'vegetal', 'balsamic', 'chemical', 'fruit with pip', 'alcoholic beverages', 'green vegetal', 'fresh', 'tropical fruit', 'barrel aged alcohol', 'stone fruit', 'woody', 'sweet', 'lactone']"
CCC1N=C(C)C(C)S1,"['oleaginous', 'fermented', 'empyreumatic', 'stone fruit', 'fruity', 'dairy', 'vegetal', 'dried fruit', 'roasted', 'fatty', 'malt', 'milky', 'sweet', 'lactone']"
CC=CC(=O)C(C)CC,"['oleaginous', 'empyreumatic', 'fruity', 'dairy', 'dried fruit', 'cocoa', 'metal', 'mineral', 'malt', 'milky']"
CCCCCC=CCOC(=O)CCC,"['fatty', 'dairy']"
CCC=CCC(=O)OCC,"['fermented', 'dairy', 'vegetal', 'mineral', 'honeyed', 'metal', 'fruit with pip', 'green vegetal', 'tropical fruit']"
CC(C)CC=C(C=O)C(C)C,"['vegetable', 'empyreumatic', 'floral', 'vegetal', 'roasted', 'green vegetal', 'fresh', 'bush flower', 'malt']"
CCC=CCCCCCC=O,"['vegetable', 'fruity', 'fresh aldehydic', 'vegetal', 'green vegetal', 'fresh', 'fatty', 'cucurbitacea']"
CCCCCC=CC=CCO,['peponide']
CCC=CCCCCC=O,"['fruity', 'fresh aldehydic', 'floral', 'vegetal', 'aldehydic', 'honeyed', 'green vegetal', 'fatty', 'garden flower', 'cucurbitacea', 'peponide', 'sweet']"
CCC=CCC(=O)OC,"['vegetal', 'honeyed', 'fruit with pip', 'green vegetal', 'garden flower', 'tropical fruit']"
CCC=CCCCCCO,"['fresh aldehydic', 'vegetal', 'aldehydic', 'honeyed', 'green vegetal', 'cucurbitacea', 'peponide', 'sweet']"
CCC=CCCC=O,"['fruity', 'vegetal', 'green vegetal', 'fresh', 'peponide']"
C=CC(C)=CCC(O)C(=C)C,"['fruity', 'vegetal', 'lemony', 'mint', 'citrus', 'chemical', 'phenolic', 'green vegetal', 'fresh', 'medicinal']"
CCC=CCCC=CCOC(C)=O,"['fresh aldehydic', 'aldehydic', 'green vegetal', 'cucurbitacea', 'oleaginous', 'vegetable', 'fruity', 'floral', 'vegetal', 'dried fruit', 'fruit with pip', 'fresh', 'garden flower', 'peponide']"
CCCCC=CCOC(C)=O,"['green vegetal', 'fresh', 'tropical fruit', 'vegetal']"
CC(=O)C=CCCC(C)C,"['dairy', 'vegetal', 'dried fruit', 'green vegetal', 'fresh', 'oleaginous']"
CCCCCCC=CC(C)=O,"['dairy', 'vegetal', 'fruit with pip', 'green vegetal']"
CCC=CCCOC(=O)C(C)=O,"['fresh aldehydic', 'cooked', 'aldehydic', 'green vegetal', 'cucurbitacea', 'cooked sugar', 'empyreumatic', 'vegetal', 'dry vegetal', 'fresh', 'tropical fruit', 'peponide', 'sweet']"
CC=CC=CCOC(C)=O,"['fermented', 'floral', 'vegetal', 'fermented drink', 'chemical', 'fruit with pip', 'alcoholic beverages', 'fatty', 'green vegetal', 'tropical fruit']"
CCCC=CCCC(C)=O,['fermented']
C=C1CCCC(C)(C)C1C=CC(C)=O,"['green vegetal', 'fresh', 'garden flower', 'vegetal']"
CCC=CCCOC(=O)C(C)O,"['green vegetal', 'vegetal', 'peponide']"
CCC=CCC(OCC)OCC,"['green vegetal', 'fresh', 'fruit with pip', 'fruity', 'vegetal']"
CCCCCC=CC(=O)OCC,"['vegetal', 'fruit with pip', 'green vegetal', 'fresh', 'tropical fruit', 'stone fruit']"
CCCC=CCCO,"['fruity', 'fresh aldehydic', 'vegetal', 'aldehydic', 'green vegetal', 'peponide']"
CCCCCC=CC(=O)OC,"['empyreumatic', 'floral', 'vegetal', 'fruit with pip', 'fatty', 'green vegetal', 'garden flower', 'peponide']"
C=CCOC(=O)C(C)=CC,"['green vegetal', 'fresh', 'vegetal']"
CCC=CC=O,"['vegetable', 'vegetal', 'citrus', 'green vegetal', 'fresh', 'fruit with pip']"
CCC=CCO,"['fermented', 'musty', 'vegetal', 'red berry', 'earthy', 'mineral', 'chemical', 'metal', 'solvent', 'green vegetal', 'fatty', 'woody']"
CCCCCCC=CCO,"['fruity', 'fresh aldehydic', 'floral', 'vegetal', 'aldehydic', 'green vegetal', 'fresh', 'garden flower', 'cucurbitacea', 'peponide']"
CCCCCCCCCCC=CCO,['fruity']
CCCCCCCCC=CCO,['bush flower']
CCC=CCCOC(=O)CC,"['vegetal', 'fruit with pip', 'green vegetal']"
CCC=CCCOC(=O)C(C)CC,"['animal', 'vegetal', 'fruit with pip', 'green vegetal', 'tropical fruit']"
CCCC=CCOC(=O)CCCCCCC,"['fermented', 'floral', 'vegetal', 'fermented drink', 'chemical', 'fruit with pip', 'alcoholic beverages', 'fatty', 'green vegetal', 'fresh']"
CCCC=CC(OCC)OCC,"['green vegetal', 'fresh', 'aromatic plant', 'fruit with pip', 'vegetal']"
CCC=CCCOC=O,"['fresh aldehydic', 'vegetal', 'aldehydic', 'green vegetal', 'fatty', 'fruit with pip', 'peponide']"
O=C1CCCCCC=CCCCCCCCCO1,"['musky', 'fermented']"
CCC=CCC=CCCO,"['fresh aldehydic', 'aldehydic', 'honeyed', 'green vegetal', 'cucurbitacea', 'earthy', 'fermented', 'musty', 'floral', 'vegetal', 'fruit with pip', 'garden flower', 'tropical fruit', 'woody', 'peponide']"
CC(C)=CCCC(C)=CC(C)O,"['wood', 'fruity', 'floral', 'lemony', 'vegetal', 'phenolic', 'fresh', 'bush flower', 'resinous']"
CCCCC(=O)OCC=C(C)CCC=C(C)C,"['vegetal', 'dry vegetal', 'bush flower', 'fruit with pip', 'tropical fruit']"
C=CC(C)(O)CCC=C(C)CCC=C(C)CCC=C(C)C,"['bush flower', 'woody']"
CC=CC(=O)CCCC,"['sulphur', 'fermented', 'musty', 'cruciferous', 'vegetal', 'mineral', 'metal', 'green vegetal', 'fresh', 'tropical fruit', 'root', 'woody']"
CCC=C(C)C(=O)O,"['animal', 'empyreumatic', 'cooked', 'red berry', 'vegetal', 'green vegetal', 'fresh', 'cooked sugar']"
COC(=O)C=C(C)CCC=C(C)C,"['green vegetal', 'fresh', 'garden flower', 'vegetal']"
CC=CC(=O)C1C(C)C=CCC1(C)C,"['vegetal', 'berry', 'green vegetal', 'bush flower', 'fresh', 'aromatic plant', 'dry vegetal', 'black fruit']"
C=CCCC(=O)C=CC1C(C)=CCCC1(C)C,"['animal', 'vegetal', 'balsamic', 'phenolic', 'green vegetal', 'fresh', 'garden flower', 'tropical fruit']"
CC(C)=CCCC(C)=CCOC(=O)C(C)C,"['red berry', 'vegetal', 'fruit with pip', 'green vegetal', 'bush flower', 'stone fruit', 'peponide', 'lactone']"
CCCCCC(=O)OCC=C(C)CCC=C(C)C,"['bush flower', 'garden flower', 'tropical fruit']"
CC=CC(=O)OCCCCCC,"['cooked', 'green vegetal', 'aromatic plant', 'root', 'sulphur', 'earthy', 'cooked sugar', 'empyreumatic', 'cruciferous', 'vegetal', 'fruit with pip', 'fatty', 'fresh', 'tropical fruit']"
CC(C)=CCCC(C)=CCOC(=O)Cc1ccccc1,"['honeyed', 'bush flower', 'garden flower', 'woody']"
CC=CC(=O)C1=C(C)C=CCC1(C)C,"['wood', 'vegetal', 'red berry', 'phenolic', 'fruit with pip', 'dry vegetal', 'fresh', 'green vegetal', 'resinous', 'bush flower', 'stone fruit']"
CC=CC(=O)C1C(C)=CCCC1(C)C,"['vegetal', 'mineral', 'metal', 'green vegetal', 'bush flower', 'fresh', 'aromatic plant', 'fruit with pip', 'stone fruit', 'black fruit']"
CC=C(C)C(=O)OCCC(C)C,"['fermented', 'fermented drink', 'chemical', 'fruit with pip', 'alcoholic beverages', 'garden flower']"
CC=CC(O)CCCC,"['fruit with pip', 'red berry']"
C=CC(C)(O)CC=CC(=C)C,['fruit with pip']
CCCCCC=CCC(=O)OC,"['vegetal', 'honeyed', 'fruit with pip', 'green vegetal', 'fresh', 'peponide', 'sweet']"
CCC=CC=CCO,"['fermented', 'dairy', 'vegetal', 'dried fruit', 'sweet', 'bitter almond', 'green vegetal', 'fresh', 'oleaginous']"
CCCCCCCC=CC=CC=O,['fruity']
CCCCCCC=CC=CC=O,"['empyreumatic', 'cooked', 'dairy', 'vegetal', 'green vegetal', 'fresh', 'cooked sugar']"
CCC=CCCCO,"['fresh aldehydic', 'vegetal', 'aldehydic', 'green vegetal']"
CCC=CCCOC(=O)Cc1ccccc1,"['fruity', 'vegetal', 'honeyed', 'green vegetal', 'fresh', 'bush flower', 'peponide']"
CCC=CCCOC(=O)c1ccccc1,"['green vegetal', 'vegetal']"
CC=C(C)C(=O)OCCC,"['fermented', 'floral', 'vegetal', 'fermented drink', 'chemical', 'green vegetal', 'alcoholic beverages', 'bush flower', 'fresh', 'garden flower', 'aromatic plant', 'fruit with pip']"
CCC=CCCOC(C)OCCC=CCC,"['green vegetal', 'fresh', 'vegetal']"
CC=C(C)C(=O)OCC=C(C)CCC=C(C)C,['garden flower']
CC=C(C)C(=O)OCC(C)C,"['fermented', 'floral', 'vegetal', 'fermented drink', 'chemical', 'green vegetal', 'alcoholic beverages', 'aromatic plant', 'fresh', 'garden flower']"
CCCCCC=CCC1CCCC1=O,"['dairy', 'vegetal', 'green vegetal', 'fresh', 'fruit with pip', 'stone fruit', 'peponide']"
CCCC=CCOC(=O)Cc1ccccc1,"['vegetal', 'honeyed', 'balsamic', 'chemical', 'alcoholic beverages', 'green vegetal', 'fresh', 'barrel aged alcohol', 'woody', 'sweet']"
CCCCCC(=Cc1ccccc1)CO,"['chemical', 'phenolic', 'fruit with pip', 'woody', 'medicinal']"
C=CC(C)=CCCC(C)(C)O,"['fruity', 'lemony']"
CC=C(C)C=CC=C(C)C,"['fatty', 'fruity', 'dried fruit', 'oleaginous']"
CCC=CCCC(OCC)OCC,"['fresh aldehydic', 'dairy', 'vegetal', 'aldehydic', 'green vegetal', 'fresh', 'fruit with pip', 'cucurbitacea']"
O=C(C=Cc1ccccc1)OCCc1ccccc1,"['bush flower', 'floral', 'woody']"
CC(O)C=Cc1ccccc1,['woody']
CCCC=CC1OCC(C)O1,"['fruit with pip', 'green vegetal', 'fresh', 'vegetal']"
CC=CSC=CC,"['vegetable', 'vegetal', 'alliaceous', 'sulphur']"
CC(C)CC=C(C=O)c1ccccc1,"['oleaginous', 'empyreumatic', 'dairy', 'vegetal', 'dried fruit', 'roasted', 'green vegetal', 'fatty', 'fresh', 'malt', 'milky']"
CCC(=O)C=CC1C(C)=CCCC1(C)C,"['dry vegetal', 'fatty', 'garden flower', 'vegetal']"
CCC=CCCOC(=O)c1ccccc1N,"['fruit with pip', 'green vegetal', 'fresh', 'vegetal']"
CCC=C1OC(=O)c2ccccc21,"['green vegetal', 'aromatic plant', 'vegetal']"
CC(=O)C=CC1=C(C)CCC(C)C1(C)C,['garden flower']
CCC(=O)C=CC1=C(C)CCCC1(C)C,"['dry vegetal', 'garden flower', 'dairy', 'vegetal']"
CC=Cc1ccc(OCC)c(OC)c1,"['chemical', 'phenolic', 'woody', 'sweet', 'medicinal']"
CC(=O)C=CCC(C)C,"['green vegetal', 'fatty', 'vegetal']"
OCC(O)C(O)=Cc1ccccc1,"['fermented', 'nutty', 'dried fruit', 'red berry', 'bitter almond', 'fatty', 'oleaginous']"
CCCCCC=CCOC(C)=O,"['vegetal', 'fruit with pip', 'green vegetal', 'peponide']"
CCCC(=O)C(CC)Cc1ccccc1,"['vegetal', 'green vegetal', 'fatty', 'fresh', 'aromatic plant', 'stone fruit']"
CC(=O)CCc1ccc(C)cc1,"['red berry', 'stone fruit']"
CC=Cc1ccc(OC=O)c(OC)c1,"['floral', 'vegetal', 'spicy', 'chemical', 'phenolic', 'green vegetal', 'garden flower', 'medicinal']"
CCC(C)CCCC(C)C=O,"['fresh aldehydic', 'floral', 'vegetal', 'aldehydic', 'green vegetal', 'fatty', 'bush flower', 'peponide']"
CCOC(CC(C)CCCC(C)(C)O)OCC,"['green vegetal', 'fresh', 'garden flower', 'vegetal']"
CCCCCCCCCOC(=O)CC(C)C,"['dried fruit', 'fruit with pip', 'oleaginous']"
CCOCC=C(C)C,"['fresh aldehydic', 'vegetal', 'aldehydic', 'chemical', 'phenolic', 'green vegetal', 'fresh', 'fatty', 'solvent', 'sweet', 'medicinal']"
CCCCCC(O)CCCC(=O)OCC(O)CO,"['oleaginous', 'fruity', 'dairy', 'vegetal', 'coumarin', 'dried fruit', 'balsamic', 'dry vegetal', 'fatty', 'tropical fruit', 'stone fruit', 'woody', 'sweet']"
C=C(C)C(CO)CC=C(C)C,"['bush flower', 'fruity']"
CC1=C(O)C(=O)C(C)S1,['empyreumatic']
CCC=CCCOC(=O)C=Cc1ccccc1,"['green vegetal', 'vegetal', 'woody', 'sweet']"
CCC(=O)C=Cc1ccc(OC)cc1,"['cooked', 'dairy', 'bitter almond', 'cooked sugar', 'oleaginous', 'lactone', 'empyreumatic', 'nutty', 'dried fruit', 'vegetal', 'red berry', 'floral', 'balsamic', 'dry vegetal', 'fatty', 'fresh', 'woody']"
C=C1CCC(OC(C)=O)C(C)=CCC2C1CC2(C)C,"['wood', 'vegetal', 'balsamic', 'resinous', 'sweet']"
CC(=O)CC(=O)OCC=C(C)CCC=C(C)C,"['floral', 'vegetal', 'fermented drink', 'chemical', 'green vegetal', 'alcoholic beverages', 'fresh', 'bush flower', 'fruit with pip']"
CC=CC(=O)OCC=C(C)CCC=C(C)C,"['oleaginous', 'empyreumatic', 'cooked', 'dried fruit', 'bitter almond', 'bush flower', 'fatty', 'cooked sugar']"
CC=C(C)C(=O)OC(CC)CCCCC,"['green vegetal', 'fresh', 'vegetal']"
CC1COC(C=Cc2ccccc2)O1,"['chemical', 'phenolic', 'woody', 'medicinal']"
CCC=CCCC1CCC(=O)O1,"['dairy', 'green vegetal', 'oleaginous', 'lactone', 'dried fruit', 'vegetal', 'coumarin', 'balsamic', 'dry vegetal', 'fresh', 'tropical fruit', 'stone fruit', 'woody']"
C=CC(C)=CCCC(C)(C)OC(C)=O,"['lemony', 'vegetal', 'green vegetal', 'bush flower', 'tropical fruit']"
CCCCCCC=CCOC(C)=O,"['green vegetal', 'fresh', 'vegetal', 'peponide']"
CCCCCCCC(=O)OCC=C(C)CCC=C(C)C,"['floral', 'balsamic', 'chemical', 'alcoholic beverages', 'bush flower', 'barrel aged alcohol', 'woody', 'sweet']"
CC=CCCC=CC=O,"['green vegetal', 'fresh', 'vegetal']"
CCC=CCCOC(=O)CC(C)=O,"['green vegetal', 'fresh', 'fruit with pip', 'fruity', 'vegetal']"
CC=CC(C)C(=O)OCCCCCC,"['fruit with pip', 'green vegetal', 'fresh', 'vegetal', 'peponide']"
CCCCC=CCCOC(=O)CC,"['vegetal', 'honeyed', 'fruit with pip', 'green vegetal', 'fresh', 'peponide', 'sweet']"
CC=C(C)C(=O)OCCC(C)CCC=C(C)C,"['vegetal', 'green vegetal', 'bush flower', 'dry vegetal', 'garden flower']"
CCCCCC=CCC=CC=CC=O,"['metal', 'mineral']"
CCCCC(=O)OCc1ccc(OC)cc1,"['stone fruit', 'lactone']"
CCC(S)S,"['alliaceous', 'vegetable', 'empyreumatic', 'sulphur', 'vegetal']"
CCC(=O)C1=NCCS1,"['fatty', 'empyreumatic', 'pyrazic', 'fruity', 'dried fruit', 'oleaginous']"
CC1(C)C2CC=C(COC=O)C1C2,"['wood', 'vegetal', 'phenolic', 'fatty', 'fresh', 'resinous']"
CCC=CCC=CCCOC(C)=O,"['vegetable', 'fresh aldehydic', 'vegetal', 'aldehydic', 'green vegetal', 'fatty', 'fruit with pip', 'cucurbitacea', 'peponide']"
CCCCCCCC=CCCC=O,"['green vegetal', 'fatty', 'vegetal']"
CCCCCC=CCCCCCCC=O,"['green vegetal', 'vegetal']"
CC=C(C)C(=O)OCCCCC,"['fermented', 'fermented drink', 'chemical', 'fruit with pip', 'alcoholic beverages', 'garden flower']"
CC(S)C(C)CO,"['animal', 'vegetable', 'empyreumatic', 'vegetal', 'alliaceous', 'green vegetal', 'fresh', 'sulphur']"
CCCCCC=CCC=O,"['vegetable', 'fresh aldehydic', 'vegetal', 'aldehydic', 'green vegetal', 'fresh', 'cucurbitacea']"
CCCC(O)CCCC(=O)OCC,['tropical fruit']
CC(C)=CCC=C(C)CCOC(=O)CC(C)C,"['floral', 'vegetal', 'green vegetal', 'fatty', 'bush flower', 'fresh', 'fruit with pip', 'tropical fruit', 'peponide']"
CCCCC=C1OC(=O)C(C)=C1C,"['vegetal', 'green vegetal', 'fresh', 'aromatic plant']"
CCCCCC(C=Cc1ccccc1)OC(C)=O,"['animal', 'empyreumatic', 'dairy', 'cocoa', 'chemical', 'phenolic', 'roasted', 'malt', 'milky', 'woody', 'medicinal']"
C=CC(C)(CCC=C(C)CC)OC(C)=O,"['lemony', 'citrus', 'fruit with pip', 'bush flower']"
COc1ccc(C=CC(=O)C(C)C)cc1,"['empyreumatic', 'cooked', 'dairy', 'sweet', 'fatty', 'cooked sugar']"
CCCOC(=O)C=Cc1ccco1,"['empyreumatic', 'cooked', 'red berry', 'honeyed', 'fruit with pip', 'woody', 'cooked sugar']"
CCC(C=O)=Cc1ccco1,"['animal', 'cooked', 'cooked sugar', 'oleaginous', 'lactone', 'empyreumatic', 'fruity', 'dried fruit', 'vegetal', 'coumarin', 'chemical', 'phenolic', 'balsamic', 'dry vegetal', 'fresh', 'fatty', 'tropical fruit', 'woody', 'sweet', 'medicinal']"
C=CCOC(=O)C=CC=CC,"['tropical fruit', 'peponide']"
CCCCCC(=Cc1ccccc1)COC=O,"['dairy', 'vegetal', 'green vegetal', 'fatty', 'fresh', 'woody']"
CCCCCC(=Cc1ccccc1)COC(=O)CC(C)C,"['dry vegetal', 'fatty', 'vegetal']"
CC1=CCC(C(C)(C)OC(=O)C=Cc2ccccc2)CC1,"['fermented', 'floral', 'fermented drink', 'chemical', 'alcoholic beverages', 'woody']"
CCCCC=C(C=O)CC,"['fruity', 'dried fruit', 'vegetal', 'green vegetal', 'fresh', 'oleaginous']"
CCCCCCCOC(=O)C=Cc1ccccc1,"['green vegetal', 'fresh', 'garden flower', 'vegetal']"
CCC=CCC1=C(C)C(=O)CC1,['dairy']
CCCC=CC(=O)OCCCCCC,"['green vegetal', 'fresh', 'vegetal']"
CCC=CCCCC=O,"['vegetable', 'fresh aldehydic', 'vegetal', 'aldehydic', 'green vegetal', 'fatty', 'cucurbitacea', 'peponide']"
CCC=CCCOC(=O)CC=CCC,"['vegetable', 'floral', 'vegetal', 'mineral', 'metal', 'fruit with pip', 'green vegetal', 'fresh', 'garden flower', 'peponide']"
CC=CCCCCCCCC(=O)OC,"['fermented', 'vegetal', 'balsamic', 'chemical', 'green vegetal', 'alcoholic beverages', 'fresh', 'bush flower', 'barrel aged alcohol', 'woody', 'sweet']"
CCCCCC=CC=CC(=O)OC,"['lemony', 'citrus', 'fruit with pip', 'fresh']"
CCCC=CC(OC)OC,"['fruit with pip', 'green vegetal', 'fresh', 'vegetal']"
CCCCCCCC=CC=CCO,"['green vegetal', 'fresh', 'vegetal']"
C=C1C=CC(C(C)C)CCC(C)=CCC1,"['vegetal', 'dry vegetal', 'green vegetal', 'fresh', 'aromatic plant']"
CC(C)=CCCC(C)=CCOCC=O,"['vegetal', 'chemical', 'green vegetal', 'fatty', 'bush flower', 'garden flower']"
CC=CC(=O)OCCC=CCC,"['vegetal', 'mineral', 'metal', 'green vegetal', 'fruit with pip']"
CCC=CCC1CCCC1=O,"['oleaginous', 'dried fruit', 'vegetal', 'dry vegetal', 'fresh', 'fatty', 'tropical fruit', 'stone fruit', 'woody', 'sweet']"
CCC=CCCC=CC(OCC)OCC,"['vegetable', 'fruity', 'fresh aldehydic', 'floral', 'vegetal', 'aldehydic', 'green vegetal', 'fatty', 'garden flower', 'cucurbitacea', 'peponide']"
CC(C)=CCCC(C)=CCOC(=O)c1ccccc1N,"['honeyed', 'bush flower', 'garden flower', 'sweet']"
CCCCCCOC(=O)C=Cc1ccccc1,"['woody', 'sweet']"
CC(C)=CCCC(C)=CCC1CCCC1=O,"['stone fruit', 'lactone']"
CC(=O)OC(C)C(C)=CC1C(C)=CCCC1(C)C,"['green vegetal', 'garden flower', 'vegetal']"
CCCC=CCOC(=O)c1ccccc1O,"['green vegetal', 'vegetal', 'sweet']"
CCC(C)C(=O)OCC=C(C)CCC=C(C)C,"['fruit with pip', 'bush flower', 'floral', 'stone fruit', 'lactone']"
CC=Cc1ccc(OCCCCC)c(OC)c1,"['vegetal', 'chemical', 'phenolic', 'dry vegetal', 'woody', 'medicinal']"
CCCCC=CCCCCC(=O)OCCC(C)C,"['fermented', 'fermented drink', 'chemical', 'alcoholic beverages', 'bush flower', 'sweet']"
CC=CC(=O)C1CCC(C)(C)C=C1C,"['vegetal', 'dry vegetal', 'bush flower', 'fruit with pip', 'stone fruit']"
CCC=CCC1CCCC(=O)O1,"['oleaginous', 'vegetal', 'coumarin', 'dried fruit', 'balsamic', 'dry vegetal', 'fresh', 'tropical fruit', 'stone fruit', 'woody', 'sweet']"
CCC=CCC=CC=CC=O,"['green vegetal', 'fresh', 'fruity', 'vegetal']"
C=C1C=CCC(C)(C)C12CCC(C)O2,"['fermented', 'vegetal', 'fermented drink', 'chemical', 'green vegetal', 'alcoholic beverages', 'fresh']"
CCCCCCC1COC(=O)CO1,"['dried fruit', 'fruity', 'dairy', 'oleaginous']"
CC=CC=CCOC(=O)CCC,"['fermented', 'floral', 'vegetal', 'fermented drink', 'chemical', 'green vegetal', 'alcoholic beverages', 'fatty', 'fresh']"
CC(C)=CCCC(C)=CCCC(C)C=O,"['green vegetal', 'fatty', 'garden flower', 'vegetal']"
CCC=CCCCC(=O)OC,"['oleaginous', 'dried fruit', 'vegetal', 'coumarin', 'balsamic', 'green vegetal', 'fresh', 'dry vegetal', 'fatty', 'tropical fruit', 'lactone']"
CC(C)C(=O)OCC(C)c1ccccc1,"['tropical fruit', 'woody']"
CCCCC(C)CCC(=O)O,"['animal', 'fermented']"
CCCCCC(C)CCC(=O)O,['animal']
CCCC(=O)OCC(C)c1ccccc1,"['balsamic', 'chemical', 'alcoholic beverages', 'barrel aged alcohol', 'stone fruit', 'lactone']"
CCCCC1(CCCC)CCC(=O)O1,"['oleaginous', 'fruity', 'dried fruit', 'vegetal', 'coumarin', 'dairy', 'balsamic', 'dry vegetal', 'fresh', 'fatty', 'tropical fruit', 'woody', 'sweet', 'lactone']"
CCC(C)(S)CC(C)=O,"['berry', 'black fruit']"
CCC(=O)CC(C)(C)S,"['berry', 'fruit with pip', 'lactone', 'stone fruit', 'black fruit']"
CC(C)C(=O)OC(C)(C)c1ccccc1,"['vegetal', 'green vegetal', 'fresh', 'stone fruit', 'lactone']"
CC1C(O)CC2(C(C)C)CC12,"['fruity', 'vegetal', 'lemony', 'citrus', 'chemical', 'phenolic', 'green vegetal', 'fresh', 'aromatic plant', 'medicinal']"
CCC=CCCC1CCCC(=O)O1,"['oleaginous', 'vegetal', 'coumarin', 'dried fruit', 'balsamic', 'dry vegetal', 'fatty', 'fresh', 'tropical fruit', 'stone fruit', 'woody', 'lactone']"
CC1COC(C)(C(C)O)O1,['dairy']
CCCCC(S)CCOC,"['vegetal', 'berry', 'green vegetal', 'fresh', 'black fruit']"
CC(C)C(C=O)c1ccccc1,"['green vegetal', 'fresh', 'vegetal']"
CC1=CC(=O)CO1,"['oleaginous', 'empyreumatic', 'fruity', 'cooked', 'dairy', 'dried fruit', 'fatty', 'cooked sugar']"
CCCCCCCCCCc1ccco1,"['green vegetal', 'vegetal']"
CC(=O)C(C)Sc1ccoc1C,['empyreumatic']
CC(O)C(C)CS,"['alliaceous', 'vegetable', 'sulphur', 'vegetal']"
CCC(C)CCCCC=O,"['green vegetal', 'fresh', 'fruity', 'vegetal']"
CC(C)=CCCC(C)CC(C)(C)O,['fruity']
COC(=O)CCSCc1ccco1,"['fatty', 'empyreumatic', 'dried fruit', 'oleaginous']"
CCOC(=O)SCc1ccco1,['empyreumatic']
CC(C)CCSSSCCC(C)C,"['vegetable', 'empyreumatic', 'vegetal', 'alliaceous', 'sulphur']"
CCCSSCc1ccco1,"['vegetable', 'empyreumatic', 'vegetal', 'sulphur']"
C=C(C)CCCC(C)CCOC(=O)CC(C)C,['bush flower']
c1cnc(CC2CCCCC2)cn1,"['fermented', 'empyreumatic', 'fruity', 'dried fruit', 'vegetal', 'roasted', 'green vegetal', 'fresh', 'fatty', 'malt', 'oleaginous']"
CC1OCCC(C)(C)S1,"['green vegetal', 'fresh', 'vegetal']"
CCC(C)CCCCCCC=O,"['vegetable', 'fruity', 'fresh aldehydic', 'floral', 'vegetal', 'green vegetal', 'fatty', 'bush flower', 'cucurbitacea']"
CSC(C)CC(=O)C1=C(C)CCCC1(C)C,"['dry vegetal', 'empyreumatic', 'malt', 'vegetal', 'roasted']"
CC1CC(S)C(C)O1,"['alliaceous', 'vegetable', 'empyreumatic', 'sulphur', 'vegetal']"
CC(C)CC1SSC(CC(C)C)S1,"['fatty', 'empyreumatic', 'fruity', 'dried fruit', 'oleaginous']"
C=CCCCC1CCCC(=O)O1,"['fatty', 'dried fruit', 'fruity', 'dairy', 'oleaginous']"
CSSc1ccccc1C,['empyreumatic']
CSCC(C=O)=CCC(C)C,"['alliaceous', 'vegetable', 'sulphur', 'vegetal']"
CCCCOC(CCCC)OCCCC,"['fruity', 'dried fruit', 'vegetal', 'chemical', 'phenolic', 'green vegetal', 'fresh', 'solvent', 'fatty', 'oleaginous', 'medicinal']"
C=CCOC(=O)CC1CCCCC1,"['vegetal', 'green vegetal', 'fresh', 'tropical fruit', 'stone fruit', 'lactone']"
CC(=O)OCCCCC(C)C,"['vegetal', 'green vegetal', 'fresh', 'aromatic plant']"
CCCOC(=O)C(C)S,"['vegetable', 'empyreumatic', 'vegetal', 'red berry']"
CCCCCC(CC)OC=O,"['wood', 'vegetal', 'phenolic', 'fruit with pip', 'fresh', 'green vegetal', 'resinous', 'woody']"
CSSCC(C)=O,"['vegetable', 'vegetal', 'alliaceous', 'green vegetal', 'fresh', 'sulphur']"
CC(C)C1CCC(C)(S)CC1=O,['fruity']
CCCC1OCCC(C)S1,"['vegetable', 'vegetal', 'alliaceous', 'fruit with pip', 'sulphur']"
CCCCCC(=O)OCCCSC,"['vegetable', 'vegetal', 'alliaceous', 'tropical fruit', 'sulphur']"
CSCCCOC(=O)CS,"['vegetable', 'sulphur', 'fruity', 'cruciferous', 'dairy', 'vegetal', 'dried fruit', 'root', 'earthy', 'oleaginous']"
CC(C)CC1NC(CC(C)C)SC(CC(C)C)S1,"['vegetable', 'empyreumatic', 'dairy', 'vegetal', 'cocoa', 'phenolic', 'malt', 'smoked', 'milky', 'sweet']"
CCCCCCOC(C)OCCC(C)C,"['vegetal', 'chemical', 'phenolic', 'solvent', 'fresh', 'green vegetal', 'fruit with pip', 'medicinal']"
CC(=O)c1cnc(C)c(C)n1,"['fruity', 'empyreumatic', 'dried fruit', 'vegetal', 'green vegetal', 'fatty', 'fresh', 'oleaginous']"
CCCSSSCC,"['vegetable', 'empyreumatic', 'vegetal', 'sulphur']"
CC(C)CC(=O)OCCC(C)(C)S,['fruit with pip']
C=CC=CC=CC=CCCC,"['green vegetal', 'fresh', 'vegetal']"
O=C1OC(C(O)CO)C(O)=C1O,"['fresh aldehydic', 'vegetal', 'aldehydic', 'green vegetal', 'fresh', 'fatty']"
CCCCCCOC(CCCCC)OCCC(C)C,"['fruity', 'vegetal', 'balsamic', 'chemical', 'green vegetal', 'fatty', 'alcoholic beverages', 'fresh', 'fruit with pip', 'barrel aged alcohol', 'woody']"
CCOC(=O)CCCCSC,"['green vegetal', 'fresh', 'vegetal']"
CCC1N=C(C)CS1,"['empyreumatic', 'fruity', 'vegetal', 'dried fruit', 'fatty', 'stone fruit', 'oleaginous', 'lactone']"
CC(C)CCOC(=O)CCCc1ccco1,"['empyreumatic', 'cooked', 'dairy', 'fatty', 'cooked sugar']"
CCCCCC=CCCOC(C)=O,"['fruit with pip', 'green vegetal', 'vegetal', 'peponide']"
CCCCCCCCCC(=O)OCc1ccco1,"['sweet', 'empyreumatic', 'cooked', 'dairy', 'cooked sugar']"
CCC(C)C=C(C=O)CSC,"['alliaceous', 'vegetable', 'sulphur', 'vegetal']"
CCCCCC(O)CCCC(=O)OCC1COC(C)(C)O1,"['stone fruit', 'lactone']"
CSCSSc1ccoc1C,['empyreumatic']
CCCCCCCC=CC(=O)OCCCC,"['green vegetal', 'oleaginous', 'lactone', 'dried fruit', 'vegetal', 'coumarin', 'balsamic', 'dry vegetal', 'fresh', 'tropical fruit', 'stone fruit', 'sweet']"
CC(C)CCCOC(=O)CCC(C)C,"['green vegetal', 'fatty', 'vegetal', 'aldehydic']"
CCCCC=COC(=O)CCCCCCCC,"['green vegetal', 'fatty', 'fresh', 'vegetal']"
CCCCCCCCC(OC(C)=O)C(=O)OC,"['fatty', 'fruity', 'dairy', 'stone fruit']"
CCCCC=COC(=O)C(C)CCC,"['fruit with pip', 'green vegetal', 'fresh', 'vegetal']"
CCCCCCCC=CC(=O)OC(CCCCCCCC)C(=O)O,['dairy']
CC(C)CC(C)(O)C1CCCS1,"['fruity', 'lemony', 'vegetal', 'citrus', 'green vegetal', 'fresh']"
CC(=S)OC1(C)OCCC1C,['empyreumatic']
CCCCCC(OCC)OCCC,"['fruit with pip', 'green vegetal', 'fresh', 'fruity', 'vegetal']"
CCCCC=COC(=O)c1ccco1,"['empyreumatic', 'cooked', 'vegetal', 'green vegetal', 'fresh', 'cooked sugar']"
CCC=CC(=O)OC=CCCCC,"['green vegetal', 'fresh', 'vegetal']"
CCCC(CS)OC=O,"['empyreumatic', 'berry', 'black fruit']"
CCCCCCCCC(=O)C(=O)OC(=C(C)C)C(O)CO,"['dairy', 'fatty']"
CCCC(CCOC)[SH]=C(O)OCC,"['empyreumatic', 'fruity', 'berry', 'black fruit']"
CC=CCOC(=O)C(C)CCC,"['chemical', 'solvent', 'fresh', 'fruit with pip', 'stone fruit']"
CCCCCCCCCCC(OC=O)C(=O)OC,"['fruity', 'dairy', 'stone fruit']"
CCCC(=O)CCSCc1ccco1,['empyreumatic']
CCOC(=O)C1(c2ccccc2)OC1CC,['empyreumatic']
SCC1CC=CS1,['empyreumatic']
CCCOC(CC)OC(C)CCC,"['vegetal', 'chemical', 'balsamic', 'solvent', 'fresh', 'alcoholic beverages', 'phenolic', 'green vegetal', 'barrel aged alcohol', 'woody', 'sweet', 'medicinal']"
CCCCCCCC=COC(=O)CC(C)C,"['vegetal', 'green vegetal', 'fresh', 'fruit with pip', 'peponide']"
CC=CC1(C)CCOSC1(C)C,"['green vegetal', 'fresh', 'vegetal']"
CCCSC(O)(CS)CCC,"['alliaceous', 'vegetable', 'sulphur', 'vegetal']"
CC(C)C=C(C=O)c1ccco1,"['green vegetal', 'fresh', 'fatty', 'vegetal']"
CCCC=CC(OCCCC)OCCCC,"['green vegetal', 'fresh', 'vegetal']"
CCC(=O)C(C)SSc1ccco1,"['fatty', 'fruity', 'dried fruit', 'oleaginous']"
CCCCCCCCC(S)C=O,['fruity']
CCC(=O)OC1(C)CCCCC1(C)C,"['vegetal', 'green vegetal', 'fresh', 'aromatic plant']"
O=C(O)C(=O)CS,"['dairy', 'fermented']"
O=Cc1cccc(O)c1,['chemical']
CC(C)CCC=O,"['fermented', 'empyreumatic', 'malt', 'dairy', 'roasted']"
Oc1ccccc1O,['empyreumatic']
CC(O)CC(=O)O,"['animal', 'fermented', 'dairy']"
CSCCC(=O)C(=O)O,"['dairy', 'fermented']"
CNC,"['dairy', 'fermented']"
CCOC(=O)C(C)C(C)=O,"['fermented', 'floral', 'vegetal', 'fermented drink', 'chemical', 'fruit with pip', 'alcoholic beverages', 'green vegetal', 'fresh']"
CCCCCCCCCCCCCCCC=O,"['floral', 'garden flower']"
CC1(C)COC(=O)C1O,['empyreumatic']
OCCS,['empyreumatic']
O=C(O)CCCc1ccccc1,['honeyed']
CN,"['dairy', 'fermented']"
CC(C)(C)C(=O)O,"['dairy', 'fermented']"
COC(C)(C)OC,['chemical']
O=C(O)CCS,['empyreumatic']
C=CC(=C)C,['sulphur']
CC1(O)CCC(C(C)(C)O)CC1,"['wood', 'vegetal', 'mint', 'chemical', 'phenolic', 'green vegetal', 'fresh', 'resinous', 'woody', 'sweet', 'medicinal']"
Oc1ccccc1-c1ccccc1,['chemical']
c1ccc2nccnc2c1,['empyreumatic']
Cc1ccc2ccccc2n1,"['dry vegetal', 'fatty', 'vegetal']"
COc1ccc(CO)cc1OC,"['balsamic', 'woody', 'sweet']"
c1ccc2sccc2c1,['empyreumatic']
CCOC(=O)C(=O)OCC,"['animal', 'musky', 'floral', 'fermented drink', 'chemical', 'alcoholic beverages']"
C=CC(=O)OC,"['floral', 'garden flower']"
OC1CCCC1,"['chemical', 'phenolic', 'fresh', 'medicinal']"
CC1CCCO1,"['vegetal', 'chemical', 'green vegetal', 'fresh', 'aromatic plant']"
C=C(C)C1CC=C(C)C(OC(=O)CC)C1,"['dairy', 'vegetal', 'mineral', 'metal', 'green vegetal', 'fresh', 'aromatic plant']"
CCCC(C)C(=O)O,['fermented']
C=C(C)C(=O)OCC,"['fruit with pip', 'garden flower', 'fruity', 'floral']"
C=C(C)C(=O)OCC(C)C,"['floral', 'garden flower']"
C=C(C)C(=O)OCCCC,"['chemical', 'solvent', 'fresh']"
N#Cc1ccccc1,"['fruity', 'nutty', 'dried fruit', 'red berry', 'sweet', 'bitter almond', 'fatty', 'oleaginous']"
CC1(C)OCC(CO)O1,"['chemical', 'fresh']"
CCCCN(CCCC)CCCC,"['dairy', 'fermented']"
CCOc1ccccc1,['fresh']
CC(=O)Cc1ccccc1,"['green vegetal', 'fresh', 'vegetal']"
CC(C)c1ccc(C(C)CC=O)cc1,"['green vegetal', 'fresh', 'vegetal']"
CCCC(C)CO,"['chemical', 'phenolic', 'fresh', 'medicinal']"
CCOC(=O)OCC,"['chemical', 'solvent']"
CCC(=O)CC(C)CC,['fatty']
COC(=O)CCCCCCCCC(=O)OC,"['fermented', 'floral', 'fermented drink', 'chemical', 'solvent', 'fresh', 'fruit with pip', 'alcoholic beverages']"
CCCN,"['dairy', 'fermented']"
CC(C)CCN,"['dairy', 'fermented']"
COCC(C)O,"['chemical', 'solvent', 'fresh']"
Cc1cc(C)cc(O)c1,"['floral', 'garden flower']"
Cc1cc(C)nc(C)c1,"['fermented', 'vegetal', 'phenolic', 'green vegetal', 'fresh', 'dry vegetal']"
Cc1ccncc1,"['dry vegetal', 'green vegetal', 'fresh', 'vegetal']"
Cc1cccnc1,"['fruity', 'nutty', 'dried fruit', 'vegetal', 'dry vegetal', 'fatty', 'green vegetal', 'fresh', 'oleaginous']"
COCOC,"['chemical', 'balsamic', 'solvent', 'fresh', 'alcoholic beverages', 'phenolic', 'barrel aged alcohol', 'sulphur', 'woody', 'sweet', 'medicinal']"
CC(=O)CCC(C)C,"['fermented', 'dairy', 'vegetal', 'green vegetal', 'fresh', 'aromatic plant']"
CC(=O)CCC(C)=O,['empyreumatic']
COCCOC,"['chemical', 'fresh']"
CCSCCO,"['vegetable', 'vegetal', 'alliaceous', 'sulphur']"
CCOCCOC(C)=O,"['chemical', 'fresh']"
C=CCCCCCC,['sulphur']
CCCCOCCO,"['chemical', 'phenolic', 'solvent', 'fresh', 'fatty', 'medicinal']"
CCCCOCCOC(C)=O,"['vegetable', 'sulphur', 'cruciferous', 'vegetal', 'chemical', 'solvent', 'fresh', 'root', 'earthy']"
CCCCCCCCCCCO,['fatty']
CCCCCSSCCCCC,"['green vegetal', 'fresh', 'sulphur', 'vegetal']"
CC1CC(OC(=O)c2ccccc2O)CC(C)(C)C1,"['chemical', 'phenolic']"
CCCCC(CC)COC(=O)c1ccccc1O,['woody']
CCC(=O)OC(C)c1ccccc1,"['green vegetal', 'bush flower', 'vegetal']"
Cc1nc2ccccc2s1,"['fatty', 'fruity', 'dried fruit', 'vegetal', 'oleaginous']"
CN1CCCC1,"['dairy', 'fermented']"
CCOC(=O)C1OC1c1ccccc1,"['empyreumatic', 'cooked', 'red berry', 'honeyed', 'bush flower', 'cooked sugar']"
CCCCC(CC)C(=O)O,"['fermented', 'dairy']"
CCCCOC(=O)CCC(=O)OCCCC,"['chemical', 'alcoholic beverages', 'floral', 'fermented drink']"
CC(C)COC(=O)CCCCC(=O)OCC(C)C,"['chemical', 'fresh']"
CCOC(=O)CCCCC(=O)OCC,"['chemical', 'alcoholic beverages', 'fermented', 'fatty', 'floral', 'fermented drink']"
O=c1cccc[nH]1,"['empyreumatic', 'fruity', 'dried fruit', 'phenolic', 'fatty', 'smoked', 'oleaginous']"
COc1cccc(C=O)c1O,"['balsamic', 'chemical', 'phenolic', 'woody']"
C1SCSS1,"['vegetable', 'fermented', 'empyreumatic', 'musty', 'vegetal', 'earthy', 'alliaceous', 'sulphur', 'woody']"
C1CS1,['vegetal']
CCOCOCC,"['chemical', 'solvent', 'fresh']"
CC(O)C(C)(C)C,"['vegetal', 'mint', 'chemical', 'phenolic', 'green vegetal', 'fresh', 'medicinal']"
CC(C(=O)O)c1ccccc1,['honeyed']
O=C1CCCCCC1,"['vegetal', 'green vegetal', 'fresh', 'aromatic plant']"
CCCCC(=O)CCCC,"['green vegetal', 'fresh', 'vegetal']"
COc1cc(CO)cc(OC)c1O,"['woody', 'sweet']"
COc1cc(C(=O)O)cc(OC)c1O,"['woody', 'sweet']"
CCc1ccncc1,"['green vegetal', 'fresh', 'vegetal']"
CCCCc1cccnc1,"['green vegetal', 'fresh', 'vegetal']"
CC(C)CCOCCC(C)C,"['chemical', 'solvent', 'fresh', 'green vegetal', 'vegetal']"
C=CCOCC,"['chemical', 'solvent', 'fresh']"
CCC(C)C(C)O,"['vegetal', 'chemical', 'phenolic', 'fresh', 'fatty', 'green vegetal', 'medicinal']"
CC(C)C(=O)C(C)C,"['chemical', 'solvent', 'fresh', 'fermented', 'dairy']"
Cc1cccnc1C,['empyreumatic']
CC(C)(C)c1cccc(O)c1,"['animal', 'balsamic', 'woody', 'sweet']"
CC1C=CC(=O)O1,"['oleaginous', 'fruity', 'dried fruit', 'vegetal', 'balsamic', 'dry vegetal', 'fresh', 'fatty', 'woody', 'lactone']"
Cc1cncc(C)c1,"['green vegetal', 'fresh', 'vegetal']"
C=CCOC(C)=O,"['fermented', 'floral', 'fermented drink', 'chemical', 'balsamic', 'solvent', 'fresh', 'alcoholic beverages', 'barrel aged alcohol', 'woody', 'sweet']"
C=CC(C)O,"['green vegetal', 'fresh', 'sulphur', 'vegetal']"
COC(=O)C(C)=O,"['empyreumatic', 'cooked', 'cooked sugar']"
CC(C)C(O)C(C)C,"['chemical', 'phenolic', 'fresh', 'medicinal']"
CCOc1ccccc1C=O,['fresh']
COC(=O)OC,"['chemical', 'solvent', 'fresh']"
CCCC(O)C(C)C,"['fermented', 'vegetal', 'mint', 'chemical', 'phenolic', 'green vegetal', 'fresh', 'medicinal']"
CC(C)c1cccc(O)c1,['chemical']
COc1ccc(C=O)cc1O,"['balsamic', 'dry vegetal', 'vegetal', 'woody', 'sweet']"
CCOC(=O)CS,"['vegetable', 'green vegetal', 'fresh', 'sulphur', 'vegetal']"
CCC(=O)CCC(C)C,"['vegetal', 'mint', 'chemical', 'phenolic', 'green vegetal', 'fresh', 'medicinal']"
CCC(C)(C)OC(C)=O,"['vegetal', 'green vegetal', 'aromatic plant', 'tropical fruit']"
Cc1ccc(C)[nH]1,"['green vegetal', 'fresh', 'empyreumatic', 'vegetal']"
CC(C)CCCCO,"['chemical', 'phenolic', 'fresh', 'fatty', 'medicinal']"
COc1cccc(OC)c1OC,"['animal', 'empyreumatic', 'smoked']"
CCC(=O)Oc1ccccc1,"['honeyed', 'sweet']"
CCOC(=O)C=C(C)C,"['fruit with pip', 'garden flower', 'tropical fruit', 'floral']"
CCCCSCC,"['green vegetal', 'fresh', 'sulphur', 'vegetal']"
CCOC(=O)CCCC(=O)OCC,"['chemical', 'alcoholic beverages', 'fermented', 'floral', 'fermented drink']"
CCCC(=O)OC(C)CC,"['balsamic', 'chemical', 'fruit with pip', 'alcoholic beverages', 'tropical fruit', 'barrel aged alcohol', 'stone fruit', 'woody', 'lactone']"
C=CCCCO,"['green vegetal', 'fresh', 'vegetal']"
CCCCCSCCCCC,"['green vegetal', 'fresh', 'empyreumatic', 'sulphur', 'vegetal']"
CCc1cccs1,"['green vegetal', 'fresh', 'vegetal']"
CC1CC(=O)CC(C)(C)C1,"['fruity', 'vegetal', 'honeyed', 'green vegetal', 'fresh', 'aromatic plant', 'dry vegetal']"
COC(=O)C=C(C)C,"['floral', 'chemical', 'solvent', 'fresh', 'fruit with pip', 'garden flower']"
CCCOC(=O)CCC(=O)OCCC,"['chemical', 'alcoholic beverages', 'fermented', 'floral', 'fermented drink']"
CCCCCC(=O)CCCCC,"['fermented', 'musty', 'woody']"
CC(=O)CCCC(C)C,"['vegetal', 'green vegetal', 'fresh', 'aromatic plant']"
CC(=O)c1ccc(C(C)(C)C)cc1,['woody']
CC1CCC(C)O1,"['vegetal', 'chemical', 'fresh', 'green vegetal', 'aromatic plant', 'sulphur']"
CCCCC1CCCO1,"['chemical', 'green vegetal', 'fresh', 'vegetal']"
CCCCCCCCCCC,['sulphur']
CC1=C(C)C(=O)CC1,"['sweet', 'empyreumatic', 'cooked', 'cooked sugar']"
Cn1cccc1C=O,"['fatty', 'empyreumatic', 'fruity', 'dried fruit', 'oleaginous']"
Cc1ccc(C=O)[nH]1,"['fruity', 'nutty', 'dried fruit', 'sweet', 'bitter almond', 'fatty', 'oleaginous']"
COc1ccc(C)cc1O,"['empyreumatic', 'balsamic', 'chemical', 'smoked', 'woody']"
CCCCCCCCCCCCCCCCCC(=O)OCC(O)C1OCC(O)C1O,['fatty']
CCC(=O)COC(C)=O,"['fermented', 'floral', 'dairy', 'dried fruit', 'fermented drink', 'chemical', 'fruit with pip', 'alcoholic beverages', 'fatty', 'oleaginous']"
CC(=O)CC(=O)OC(C)(C)C,"['empyreumatic', 'cooked', 'cooked sugar', 'sweet']"
OC1CCCCCCCCCCC1,"['vegetal', 'mint', 'chemical', 'phenolic', 'green vegetal', 'fresh', 'medicinal']"
COC(OC)C(C)C,"['chemical', 'solvent', 'fruit with pip']"
CC1CCCS1,"['vegetable', 'vegetal', 'sulphur']"
CC(C)CCCC(C)CCCC(C)CCCC(C)C,['fatty']
COc1cccc2ccccc12,"['fruity', 'citrus']"
COC(=O)CS,"['vegetable', 'green vegetal', 'fresh', 'sulphur', 'vegetal']"
Cc1ccc(C)c(O)c1C,"['animal', 'chemical', 'empyreumatic', 'smoked']"
CC1OCCC1=O,"['oleaginous', 'empyreumatic', 'fruity', 'cooked', 'dairy', 'dried fruit', 'chemical', 'balsamic', 'fatty', 'fresh', 'alcoholic beverages', 'barrel aged alcohol', 'woody', 'cooked sugar']"
COC(C)(C)CCCC(C)CC=O,"['garden flower', 'fruity', 'peponide']"
C=CCCCCC(C)=O,"['dairy', 'fermented']"
CC(C)(C)c1ccncc1,"['green vegetal', 'fresh', 'dry vegetal', 'vegetal']"
CCCSCC,"['empyreumatic', 'vegetal', 'alliaceous', 'sulphur']"
CC(=O)C1CC=C(C)C1(C)C,"['wood', 'vegetal', 'mint', 'chemical', 'phenolic', 'green vegetal', 'fresh', 'resinous', 'medicinal']"
C=C(C)C1CCC2=CC(=O)CC(C)C2(C)C1,['fruity']
CCOC(CC)OCC,"['chemical', 'balsamic', 'solvent', 'fresh', 'alcoholic beverages', 'fruit with pip', 'barrel aged alcohol', 'woody', 'sweet']"
CCC(OC)OC,"['balsamic', 'chemical', 'solvent', 'alcoholic beverages', 'fresh', 'barrel aged alcohol', 'woody', 'sweet']"
CCCCCCCCOC(=O)CCCCC,"['green vegetal', 'fresh', 'fatty', 'vegetal']"
OCC1COC(Cc2ccccc2)O1,['bush flower']
CC(=O)CC(=O)OC1CCCCC1,"['empyreumatic', 'cooked', 'cooked sugar']"
CCOC(OCC)C(C)Cc1ccc(C(C)C)cc1,"['green vegetal', 'fresh', 'vegetal']"
CC=CC(=O)OCCCC,"['green vegetal', 'vegetal', 'balsamic', 'chemical', 'fruit with pip', 'alcoholic beverages', 'fresh', 'tropical fruit', 'barrel aged alcohol', 'woody', 'sweet']"
CCOCCC(OCC)OCC,"['chemical', 'balsamic', 'solvent', 'fresh', 'alcoholic beverages', 'phenolic', 'barrel aged alcohol', 'woody', 'sweet', 'medicinal']"
CCCCCCCCCCC(C)O,"['chemical', 'solvent', 'fresh']"
CCCCCCCCCCCC(=O)OC(C)C,"['green vegetal', 'fresh', 'vegetal']"
CCOC(C)OC,"['fruity', 'dried fruit', 'vegetal', 'chemical', 'phenolic', 'solvent', 'fresh', 'green vegetal', 'fatty', 'oleaginous', 'medicinal']"
CCCCCCCCCCC(=O)OCCCC,"['balsamic', 'chemical', 'alcoholic beverages', 'barrel aged alcohol', 'woody', 'sweet']"
CCc1cnc(CC)cn1,"['fermented', 'empyreumatic', 'fruity', 'dried fruit', 'roasted', 'fatty', 'malt', 'oleaginous']"
CCC(C)C(=O)OC1CC(C)CCC1C(C)C,"['vegetal', 'green vegetal', 'fresh', 'aromatic plant']"
Cc1nc(C(C)C)oc1C,"['green vegetal', 'fresh', 'vegetal']"
CCCCC(=O)Oc1ccccc1,['chemical']
CC1CC(=O)CC(C)(C)C1=O,"['dry vegetal', 'vegetal']"
CCCOC(C)OCC,"['oleaginous', 'fruity', 'dried fruit', 'vegetal', 'chemical', 'balsamic', 'solvent', 'fresh', 'alcoholic beverages', 'green vegetal', 'phenolic', 'fatty', 'barrel aged alcohol', 'woody', 'sweet', 'medicinal']"
CCOC(OCC)OCC,"['wood', 'vegetal', 'mint', 'chemical', 'phenolic', 'green vegetal', 'fresh', 'resinous', 'woody', 'medicinal']"
CCCCC(C=O)CC,"['green vegetal', 'fresh', 'vegetal']"
CC(=O)CC(C)(C)O,"['vegetal', 'green vegetal', 'aromatic plant']"
CCCCCCCCOC(=O)CCCCC(=O)OCCCCCCCC,"['chemical', 'fresh']"
CCCCCOC(=O)CCC(C)C,"['fruit with pip', 'fatty']"
Cc1ccsc1C,"['fatty', 'empyreumatic', 'fruity', 'dried fruit', 'oleaginous']"
CCCCCCCCCC(=O)OCCCC,"['balsamic', 'chemical', 'fatty', 'alcoholic beverages', 'barrel aged alcohol', 'woody']"
CCc1nc(C)sc1C,"['vegetable', 'empyreumatic', 'vegetal']"
CC(=O)C(C)S,"['vegetable', 'empyreumatic', 'dairy', 'vegetal', 'cocoa', 'alliaceous', 'sulphur', 'milky', 'sweet', 'malt']"
CCCc1csc(C)n1,"['green vegetal', 'fresh', 'vegetal']"
Cc1nc(C(C)C)sc1C,"['vegetable', 'empyreumatic', 'fruity', 'dried fruit', 'vegetal', 'fatty', 'oleaginous']"
C=CC=CCCCCC,['sulphur']
CC(=O)CC(=O)OC1CC(C)CCC1C(C)C,"['vegetal', 'green vegetal', 'aromatic plant']"
CCCC(=O)OCCC(C)CCCC(C)C,['bush flower']
CC(=O)OC(C)CCCC(C)C,"['red berry', 'stone fruit', 'lactone']"
CCCCC=CCC(=O)OC,"['fruit with pip', 'green vegetal', 'fresh', 'vegetal', 'peponide']"
CCOc1ccccc1CO,"['balsamic', 'fresh', 'woody']"
CCCCc1nc(C)c(C)s1,"['empyreumatic', 'fruity', 'dried fruit', 'vegetal', 'green vegetal', 'fresh', 'fatty', 'oleaginous']"
CC1(C)CCCC2(C)C1CCC1(C)OC(=O)CC12,"['wood', 'vegetal', 'balsamic', 'dry vegetal', 'resinous', 'sweet']"
CC(C)OC(=O)C(C)O,"['sweet', 'fatty', 'empyreumatic', 'cooked', 'dairy', 'cooked sugar']"
CC(S)CS,"['alliaceous', 'vegetable', 'sulphur', 'vegetal']"
C=CC(CC=O)c1ccccc1,"['empyreumatic', 'malt', 'roasted']"
CC(=O)OCC1=CCC2CC1C2(C)C,"['wood', 'vegetal', 'green vegetal', 'resinous']"
CC(=O)OC1=C(C)OC(C)C1=O,"['empyreumatic', 'red berry', 'cooked sugar']"
CCOCCC(=O)O,"['chemical', 'animal', 'solvent', 'fresh']"
O=C1CCCC=C1O,"['sweet', 'empyreumatic', 'cooked', 'cooked sugar']"
CC(=O)OC(C)CCc1ccccc1,"['green vegetal', 'fresh', 'vegetal']"
CCOC(=O)C(=O)CC(=O)CC,"['sweet', 'empyreumatic', 'cooked', 'cooked sugar']"
CC1CC(=O)C(=O)C1C,"['empyreumatic', 'cooked', 'cooked sugar']"
CC(=O)OC1C2(C)CCC(C2)C1(C)C,"['wood', 'fruity', 'vegetal', 'phenolic', 'resinous', 'woody']"
CCc1cc(OC)c(O)c(OC)c1,"['empyreumatic', 'smoked']"
CSC(C)CC=O,"['animal', 'fermented', 'empyreumatic', 'musky', 'cruciferous', 'dairy', 'vegetal', 'green vegetal', 'fresh', 'sulphur']"
CCC(C=O)c1ccc(C)o1,"['fresh aldehydic', 'vegetal', 'aldehydic', 'green vegetal', 'fresh', 'cucurbitacea']"
C=CCC(C)C(=O)OCC,"['green vegetal', 'fresh', 'tropical fruit', 'vegetal']"
CC(O)C(C)S,"['vegetable', 'empyreumatic', 'vegetal', 'sulphur']"
CC1(O)CSC(C)(O)CS1,"['vegetable', 'vegetal', 'alliaceous', 'green vegetal', 'aromatic plant', 'sulphur']"
CC1=C(CCC(C)O)C(C)(C)CC=C1,"['animal', 'musky', 'floral', 'vegetal', 'phenolic', 'green vegetal', 'fresh', 'garden flower']"
CC1OCCC1S,"['vegetable', 'empyreumatic', 'sulphur', 'vegetal']"
CCC(S)C(C)=O,"['mineral', 'metal', 'sulphur', 'root', 'earthy', 'oleaginous', 'vegetable', 'empyreumatic', 'cruciferous', 'dried fruit', 'vegetal', 'citrus', 'fatty']"
CCOC(=O)C(O)C(O)C(=O)OCC,"['fermented', 'empyreumatic', 'cooked', 'floral', 'sweet', 'fermented drink', 'chemical', 'alcoholic beverages', 'cooked sugar']"
CC(C)C1CCC(C)C(O)C1,"['vegetal', 'green vegetal', 'fresh', 'aromatic plant']"
CC1COC(C)(C)O1,"['fermented', 'vegetal', 'chemical', 'solvent', 'fresh', 'green vegetal']"
C=CC(OCC)OCC,"['green vegetal', 'sulphur', 'vegetal']"
CCCCCCCCOC(=O)c1ccccc1O,"['woody', 'sweet']"
CC1=CC(=O)C2CC1C2(C)C,"['vegetal', 'chemical', 'phenolic', 'green vegetal', 'fresh', 'aromatic plant', 'medicinal']"
CCOC(=O)C(CC)(CC)C(=O)OCC,['fruit with pip']
CC(=O)OC(C)C(C)OC(C)=O,"['honeyed', 'sweet']"
COc1cccc(C=O)c1OC,"['balsamic', 'woody']"
COC(=O)CO,"['empyreumatic', 'cooked', 'sweet', 'chemical', 'solvent', 'fresh', 'cooked sugar']"
Cc1ccc2c(c1)CCCC2(C)C,"['vegetal', 'mint', 'chemical', 'phenolic', 'green vegetal', 'fresh', 'medicinal']"
O=c1occcc1O,"['empyreumatic', 'cooked', 'cooked sugar']"
O=Cc1ccsc1,"['empyreumatic', 'fruity', 'nutty', 'dried fruit', 'sweet', 'bitter almond', 'fatty', 'oleaginous']"
CC(=O)Oc1cc(C)ccc1C(C)C,"['phenolic', 'empyreumatic', 'smoked', 'woody', 'sweet']"
CC(=O)CC(=O)OC(C)C,"['sweet', 'fruit with pip', 'empyreumatic', 'cooked', 'cooked sugar']"
CC(C)OC(=O)c1cccnc1,"['vegetal', 'dry vegetal']"
COC(=O)C(C)(C)C,"['chemical', 'solvent']"
CCOC(=O)c1cccnc1,"['vegetal', 'dry vegetal']"
CC(C)CCOC(=O)c1ccco1,"['empyreumatic', 'dairy', 'roasted', 'cocoa', 'malt', 'milky', 'sweet']"
COc1ccncc1,"['phenolic', 'empyreumatic', 'smoked']"
CC(=O)OCCCCOC(C)=O,"['chemical', 'fresh']"
CCCCCCC(OCC)OCC,"['fermented', 'fruity', 'floral', 'vegetal', 'fermented drink', 'chemical', 'green vegetal', 'alcoholic beverages']"
CC(C)c1ccncc1,"['green vegetal', 'fresh', 'vegetal']"
O=C(O)CCC1CCCCC1,"['woody', 'sweet']"
CC(=O)C(C)C(C)=O,['empyreumatic']
CCC(CC)C(=O)OC,['fruit with pip']
C=C(C)COC(=O)C(C)C,"['chemical', 'solvent', 'tropical fruit']"
CC(C)CCOC(=O)CCC(=O)OCCC(C)C,"['fermented', 'floral', 'fermented drink', 'chemical', 'fruit with pip', 'alcoholic beverages']"
CC(=O)OC1CCCC1,"['fruit with pip', 'tropical fruit']"
CC(=O)OC1=C(C)CCC1=O,"['sweet', 'empyreumatic', 'cooked', 'cooked sugar']"
CC(=O)C(=O)c1ccc(C)o1,"['sweet', 'empyreumatic', 'cooked', 'cooked sugar']"
CCOc1ccc(C(C)=O)cc1,"['dry vegetal', 'fresh', 'vegetal']"
COCc1ccc(OC)cc1,"['balsamic', 'fresh', 'woody', 'sweet']"
CCCc1cccs1,"['sulphur', 'empyreumatic']"
CCCC(C)(C)S,"['vegetal', 'empyreumatic']"
CCCCCCC1OCC(O)CO1,"['fermented', 'woody']"
CCCOC(=O)CC(C)=O,"['sweet', 'fruit with pip', 'empyreumatic', 'cooked', 'cooked sugar']"
CCOc1ccccc1OCC,"['balsamic', 'fresh', 'woody']"
COC(=O)C(C)(C)O,"['oleaginous', 'empyreumatic', 'cooked', 'dried fruit', 'fatty', 'cooked sugar', 'sweet']"
CCCCCCCCCCOC(=O)CCCCCCC,"['fermented', 'fermented drink', 'chemical', 'alcoholic beverages', 'fatty']"
CCCCCCCCCCCCC(C)=O,"['dairy', 'fatty']"
CCOC(OCC)c1ccc(OC)cc1,['fresh']
CCOC(OCC)c1ccc(C)cc1,"['fruity', 'nutty', 'dried fruit', 'red berry', 'bitter almond', 'fatty', 'oleaginous']"
CCSC(=O)CC,"['green vegetal', 'fresh', 'fermented', 'empyreumatic', 'dairy', 'vegetal']"
CCCCCCCCCOC(=O)CCC,"['citrus', 'bush flower', 'floral']"
COc1cnc(C)cn1,"['empyreumatic', 'fruity', 'dried fruit', 'fatty', 'oleaginous']"
CCOC(=O)C(CC)CC,"['fruit with pip', 'fatty', 'dairy']"
O=C1CCCCCCCCCCCCC1,"['animal', 'musky']"
CCCCC(OCC)OCC,"['vegetal', 'chemical', 'balsamic', 'solvent', 'fresh', 'alcoholic beverages', 'green vegetal', 'fruit with pip', 'barrel aged alcohol', 'woody', 'sweet']"
CCCC(OCC)OCC,"['chemical', 'solvent', 'fresh', 'green vegetal', 'vegetal']"
CCCCCCCCCCCC(=O)OCCC,"['balsamic', 'chemical', 'alcoholic beverages', 'barrel aged alcohol', 'woody', 'sweet']"
CC(=O)CCC(=O)OCC(C)C,"['sweet', 'fatty', 'empyreumatic', 'cooked', 'cooked sugar']"
CCOC(=O)COC,"['chemical', 'fresh']"
CCCc1ccco1,"['vegetable', 'dairy', 'vegetal', 'chemical', 'solvent', 'fresh', 'fatty', 'green vegetal', 'sulphur']"
CCC(C)N=C=S,"['vegetable', 'sulphur', 'cruciferous', 'vegetal', 'green vegetal', 'fresh', 'root', 'earthy']"
CCCCCC(=O)CCC,"['fresh aldehydic', 'vegetal', 'aldehydic', 'green vegetal', 'fatty', 'fresh']"
Cc1ccc(CS)cc1,"['alliaceous', 'vegetable', 'empyreumatic', 'sulphur', 'vegetal']"
CCOc1ccc(OC)cc1,"['fruity', 'dried fruit', 'vegetal', 'dry vegetal', 'fatty', 'oleaginous']"
CCC(C)OC=O,"['balsamic', 'chemical', 'alcoholic beverages', 'barrel aged alcohol', 'woody', 'sweet']"
CCOC(=O)C(CC)C(C)=O,"['fermented', 'empyreumatic', 'cooked', 'floral', 'vegetal', 'fermented drink', 'chemical', 'solvent', 'fresh', 'alcoholic beverages', 'green vegetal', 'fruit with pip', 'cooked sugar']"
COC1CCC(OC)O1,"['chemical', 'solvent', 'fresh']"
CCCCCCCCOC(=O)CCCCCCCC,['fatty']
CCCCOC(=O)c1ccc(O)c(OC)c1,['woody']
COCc1ccc(O)cc1,"['chemical', 'green vegetal', 'fresh', 'vegetal']"
COc1ccc(CCCO)cc1,"['chemical', 'phenolic', 'woody', 'medicinal']"
CC(C)COC(=O)COc1ccccc1,['honeyed']
CCCCCCCCCCOC(=O)C(C)C,['fatty']
CCC(=O)c1cc(OC)c(O)c(OC)c1,['woody']
COc1cccc(CO)c1OC,"['balsamic', 'fresh', 'woody']"
CC(C)COC(C)OCC(C)C,"['vegetal', 'chemical', 'phenolic', 'solvent', 'fresh', 'green vegetal', 'medicinal']"
C1=NCCC1,"['fatty', 'fermented', 'dairy']"
CCCCOc1ccc(C=O)cc1,['fresh']
CC(C)CSSCC(C)C,"['green vegetal', 'fresh', 'sulphur', 'vegetal']"
CCOc1ccc(CO)cc1,"['balsamic', 'fresh', 'woody']"
CCCCCOCc1ccccc1,"['green vegetal', 'fresh', 'vegetal']"
CCCCCC(=O)OCc1ccc(OC)cc1,"['stone fruit', 'lactone']"
CCCC(=O)OCCCc1ccccc1,['woody']
CCCCC(=O)Oc1ccc(C)cc1,['musky']
CCOC(=O)CCCCCCCCCCC(=O)OCC,"['chemical', 'fresh']"
CCC(=O)c1ccc(C)o1,"['oleaginous', 'empyreumatic', 'fruity', 'cooked', 'vegetal', 'dried fruit', 'green vegetal', 'fresh', 'fatty', 'dry vegetal', 'cooked sugar', 'sweet']"
CCCCCOC(C)OCCCCC,"['empyreumatic', 'vegetal', 'roasted', 'chemical', 'balsamic', 'solvent', 'fresh', 'alcoholic beverages', 'green vegetal', 'phenolic', 'barrel aged alcohol', 'malt', 'woody', 'sweet', 'medicinal']"
CC(=O)C(=O)OCC(C)C,"['empyreumatic', 'cooked', 'chemical', 'solvent', 'fresh', 'cooked sugar']"
CC(C)COC(CC(C)C)OCC(C)C,"['empyreumatic', 'vegetal', 'roasted', 'chemical', 'phenolic', 'solvent', 'fresh', 'green vegetal', 'malt', 'medicinal']"
CCOCCOCCC(C)C,"['oleaginous', 'fruity', 'dried fruit', 'vegetal', 'chemical', 'balsamic', 'solvent', 'fresh', 'alcoholic beverages', 'green vegetal', 'phenolic', 'fatty', 'barrel aged alcohol', 'woody', 'sweet', 'medicinal']"
C=CCOC(=O)C(C)C,"['vegetal', 'green vegetal', 'fruit with pip', 'stone fruit', 'lactone']"
CCCCCCCCOC(=O)CC(C)=O,"['sweet', 'fatty', 'empyreumatic', 'cooked', 'cooked sugar']"
CCOC(OCC)C(C)c1ccccc1,"['green vegetal', 'fresh', 'fermented', 'vegetal']"
CSC(C)CC(=O)O,"['dairy', 'fermented']"
CCCCCC(C)C=O,"['citrus', 'green vegetal', 'vegetal']"
CCCCCCC=CC(=O)OCC,"['vegetal', 'fruit with pip', 'green vegetal', 'fresh', 'tropical fruit']"
CCC(C)OC(=O)C(C)O,"['fatty', 'empyreumatic', 'cooked', 'cooked sugar']"
CCC(C)CC(O)CC,"['chemical', 'phenolic', 'solvent', 'fatty', 'fresh', 'medicinal']"
CCC(O)CCC(C)C,['fatty']
CC(=O)OCc1cccc(C)c1,['red berry']
CC(=O)OCc1ccccc1C,['red berry']
CCOc1ccccc1OC,"['oleaginous', 'fruity', 'dairy', 'dried fruit', 'balsamic', 'fatty', 'woody']"
CCC=CCCC(C)=O,"['green vegetal', 'fresh', 'vegetal']"
CC1=CCCC(C)(C)C1=O,"['vegetal', 'mint', 'chemical', 'phenolic', 'dry vegetal', 'green vegetal', 'fresh', 'medicinal']"
CCOC(OCC)C(=O)CC,"['chemical', 'solvent', 'fresh', 'fatty', 'dairy']"
CCCCCOC(=O)CCC(C)=O,"['fermented', 'empyreumatic', 'cooked', 'floral', 'sweet', 'fermented drink', 'chemical', 'alcoholic beverages', 'fatty', 'cooked sugar']"
CCC(=O)OC(C)(C)C,"['balsamic', 'chemical', 'alcoholic beverages', 'barrel aged alcohol', 'woody', 'sweet']"
C=C(C)COC(=O)CC,"['chemical', 'balsamic', 'solvent', 'fresh', 'alcoholic beverages', 'barrel aged alcohol', 'woody']"
CC(=O)CCC(=O)OC(C)C,"['tropical fruit', 'peponide']"
C=CC1(C)CCC(C(C)C)=CC1C(=C)C,"['bush flower', 'floral']"
CCCC(=O)OCCOc1ccccc1,"['honeyed', 'sweet']"
CC(OCc1ccccc1)OCc1ccccc1,"['green vegetal', 'fresh', 'vegetal']"
CCC(=O)c1occc1C,"['oleaginous', 'empyreumatic', 'fruity', 'cooked', 'dried fruit', 'vegetal', 'balsamic', 'dry vegetal', 'fresh', 'fatty', 'woody', 'cooked sugar', 'sweet', 'lactone']"
O=C(OCCCc1ccccc1)c1ccccc1O,['woody']
CCOC(=O)C(C)SSC,"['vegetable', 'vegetal', 'alliaceous', 'green vegetal', 'fresh', 'tropical fruit', 'sulphur']"
CCCCCC(C(C)=O)C(=O)OCC,"['fermented', 'vegetal', 'fermented drink', 'chemical', 'green vegetal', 'alcoholic beverages', 'fresh']"
CCOC(C)OC(C)C,"['oleaginous', 'fruity', 'dried fruit', 'vegetal', 'chemical', 'balsamic', 'solvent', 'fresh', 'alcoholic beverages', 'green vegetal', 'phenolic', 'fatty', 'barrel aged alcohol', 'woody', 'sweet', 'medicinal']"
CCC(C)C(=O)OCc1ccccc1,['fruit with pip']
CCC1OCC(C)O1,"['chemical', 'solvent', 'fresh', 'green vegetal', 'vegetal']"
CC(C)CC(=O)OC(C)c1ccccc1,"['honeyed', 'sweet']"
CC(C)CC(O)C(=O)O,['fermented']
CCCCCC=CC(=O)OCCCC,"['fruit with pip', 'green vegetal', 'fresh', 'vegetal']"
CCCC1C=CC(=O)O1,"['dairy', 'oleaginous', 'lactone', 'fruity', 'dried fruit', 'vegetal', 'coumarin', 'balsamic', 'dry vegetal', 'fatty', 'fresh', 'tropical fruit', 'woody']"
CCCCCC1CC1C(=O)O,['phenolic']
CCCCCCCCC(=O)OCCc1ccccc1,"['fatty', 'bush flower', 'floral']"
CCCC(=O)OC1CC2(C)CCC1C2(C)C,"['wood', 'vegetal', 'phenolic', 'fresh', 'resinous']"
CC1=CCCC(C)(C)C1C=O,"['fruity', 'fresh aldehydic', 'vegetal', 'aldehydic', 'green vegetal', 'fresh', 'fatty', 'dry vegetal']"
CC(=O)OCC(C)O,"['chemical', 'solvent', 'fresh']"
C=C(C)C1CCC(C)(O)C(O)C1,"['fruity', 'citrus']"
COC(=O)C(C)O,"['empyreumatic', 'cooked', 'dairy', 'sweet', 'chemical', 'balsamic', 'solvent', 'fresh', 'fatty', 'alcoholic beverages', 'barrel aged alcohol', 'woody', 'cooked sugar']"
CCCCCCCCCCCC(=O)OCCCCCC,['dairy']
CCCCOC(=O)COC(=O)CCC,"['sweet', 'empyreumatic', 'cooked', 'cooked sugar']"
CC1OCC(CO)O1,"['chemical', 'solvent', 'fresh', 'green vegetal', 'vegetal']"
CCCC(C)CC(=O)O,"['dairy', 'fermented']"
CCCCCOC(=O)C(C)CCC,['fruit with pip']
CCC(=O)C(O)CC,"['empyreumatic', 'cooked', 'sweet', 'fatty', 'cooked sugar']"
CC1COC(Cc2ccccc2)O1,"['green vegetal', 'bush flower', 'vegetal']"
COC(CCc1ccccc1)OC,"['green vegetal', 'fresh', 'vegetal']"
CCCCCCCCCC=CC(=O)O,"['green vegetal', 'fresh', 'vegetal']"
CCCCCCCCCCCCC1CCC(=O)O1,['dairy']
CCCCCC(=O)OC(C)CCCCC,"['green vegetal', 'fresh', 'vegetal']"
CC(O)COC(=O)Cc1ccccc1,"['honeyed', 'woody', 'sweet']"
COc1ccc(C2OCC(C)O2)cc1,['fresh']
CCC1(C)OCC(C)O1,"['vegetal', 'chemical', 'solvent', 'fresh', 'green vegetal', 'aromatic plant']"
CCCC1OCC(C)O1,"['chemical', 'solvent', 'fresh', 'green vegetal', 'vegetal']"
C=CCSCC(N)C(=O)O,"['vegetable', 'empyreumatic', 'vegetal', 'sulphur']"
CC1CCOC1=O,"['oleaginous', 'lactone', 'fruity', 'dried fruit', 'vegetal', 'balsamic', 'dry vegetal', 'fresh', 'fatty', 'tropical fruit', 'woody', 'sweet']"
OC1CSC(O)CS1,"['vegetable', 'vegetal']"
CC(=O)C1CCCC1=O,"['sweet', 'empyreumatic', 'cooked', 'cooked sugar']"
CCOC(=O)C(C)c1ccccc1,"['honeyed', 'woody']"
CSC(C)C(=O)O,"['green vegetal', 'fresh', 'fermented', 'dairy', 'vegetal']"
Cc1nccnc1SCc1ccco1,"['oleaginous', 'empyreumatic', 'fruity', 'cooked', 'dried fruit', 'fatty', 'cooked sugar', 'sweet']"
Cc1cncc(SCc2ccco2)n1,['empyreumatic']
O=COCc1ccc2c(c1)OCO2,"['red berry', 'fruity']"
CCCCCCCCCCCC(=O)OCC(C)C,"['floral', 'dairy', 'fermented drink', 'chemical', 'alcoholic beverages']"
CC1=CC(O)CC(C)C2CC(=C(C)C)CC12,"['woody', 'sweet']"
CC(OCCc1ccccc1)OCCc1ccccc1,"['green vegetal', 'bush flower', 'vegetal', 'woody', 'sweet']"
CCCCC(CC)C(=O)OC,"['floral', 'garden flower']"
CCCCCCC(C)CO,['fatty']
COC(CC(C)CCC=C(C)C)OC,['fruity']
CCCCC(C)C=O,"['green vegetal', 'fermented', 'dairy', 'vegetal']"
C=C1C(OC(C)=O)CC2CC1C2(C)C,"['vegetal', 'chemical', 'phenolic', 'green vegetal', 'fresh', 'aromatic plant', 'medicinal']"
CC1CCC(C(C)C)C(OC(=O)Cc2ccccc2)C1,"['vegetal', 'honeyed', 'green vegetal', 'fresh', 'aromatic plant', 'woody', 'sweet']"
CC(C)=CCCC(C)(O)C1CO1,"['dairy', 'vegetal', 'green vegetal', 'aromatic plant']"
CC1=CC(C)(C)C(C=O)CC1,"['green vegetal', 'fresh', 'vegetal']"
CC1CCC(C(C)C)C(OC=O)C1,"['vegetal', 'green vegetal', 'aromatic plant']"
COC(C)(OC)C(C)O,"['dairy', 'fatty']"
CCCCCCC1C=CC(=O)O1,"['earthy', 'oleaginous', 'fermented', 'fruity', 'musty', 'dried fruit', 'vegetal', 'coumarin', 'balsamic', 'dry vegetal', 'fresh', 'fatty', 'tropical fruit', 'woody', 'sweet']"
CCCC(C)C(C)=O,"['chemical', 'solvent', 'fresh']"
CC1OC(C)C(C)O1,"['fermented', 'floral', 'vegetal', 'fermented drink', 'chemical', 'phenolic', 'solvent', 'alcoholic beverages', 'green vegetal', 'medicinal']"
CCCCCC(=O)OC(C)c1ccccc1,"['floral', 'bush flower']"
CCC(C)COC(=O)c1ccccc1,"['green vegetal', 'fresh', 'vegetal', 'woody']"
CSC(C)C(C)=O,"['vegetable', 'fruity', 'dairy', 'vegetal', 'berry', 'sulphur', 'black fruit']"
C=C(C)C1CCC2=CC(O)CC(C)C2(C)C1,['fruity']
COC(=O)C(C)S,['vegetal']
CCCCCCCCCCOC(=O)CCCCC,['tropical fruit']
CCCCCCCCCOC(=O)CC,"['fermented', 'floral', 'vegetal', 'fermented drink', 'chemical', 'solvent', 'fresh', 'alcoholic beverages', 'green vegetal', 'fatty', 'bush flower']"
CCCCCCCCCCCC(OCC)OCC,"['green vegetal', 'fresh', 'fatty', 'vegetal']"
C=CCCC1=C(C)C(=O)CCC1(C)C,"['vegetal', 'dry vegetal']"
CCOC(CCCCCC(C)C)OCC,"['green vegetal', 'fresh', 'garden flower', 'vegetal']"
CCc1cnc(OC)cn1,"['fermented', 'empyreumatic', 'fruity', 'dried fruit', 'vegetal', 'roasted', 'green vegetal', 'fresh', 'fatty', 'malt', 'oleaginous']"
C=CCOC(=O)COCC(C)CC,"['green vegetal', 'fresh', 'vegetal']"
CCCCCCCCCC(C)C(OCC)OCC,"['fruity', 'sweet']"
CC(=O)C1=C(C)C2CC3(C1)C(C)CCC3C2(C)C,"['animal', 'wood', 'musky', 'vegetal', 'balsamic', 'phenolic', 'green vegetal', 'resinous', 'sweet']"
COC(=O)C(C)CS,['fruit with pip']
CC1=NC(C)SC1,"['empyreumatic', 'fruity', 'dried fruit', 'vegetal', 'fatty', 'oleaginous']"
O=C(CCc1ccccc1)OCCCc1ccccc1,['woody']
CC(C)CCCC(C)CCOC=O,"['green vegetal', 'vegetal']"
CC12CCC(C1)C(C)(C)C2OC=O,"['wood', 'phenolic', 'fresh', 'resinous', 'vegetal', 'woody']"
CCCC(=O)OC1CC(C)CCC1C(C)C,"['vegetal', 'green vegetal', 'aromatic plant']"
CCCCCC(=O)OC1CC(C)CCC1C(C)C,"['vegetal', 'green vegetal', 'fresh', 'aromatic plant']"
CC1(C)C2CCC(CS)C1C2,"['green vegetal', 'fresh', 'vegetal']"
CCOC(C)OCC(C)C,"['vegetal', 'chemical', 'balsamic', 'solvent', 'fresh', 'alcoholic beverages', 'green vegetal', 'phenolic', 'barrel aged alcohol', 'woody', 'sweet', 'medicinal']"
CCCCC(CC)CS,"['empyreumatic', 'sulphur', 'vegetal']"
CC(=O)CCO,"['empyreumatic', 'cooked', 'dairy', 'cooked sugar']"
CC(C)CC(=O)OCc1ccc(O)cc1,"['stone fruit', 'lactone']"
CCOC(CCCCC(C)C)OCC,"['green vegetal', 'fresh', 'vegetal']"
CCC(C)COC(=O)Cc1ccccc1,"['empyreumatic', 'malt', 'woody', 'roasted']"
CCCCCCCCCC(=O)OCCc1ccccc1,"['fermented', 'vegetal', 'fermented drink', 'chemical', 'green vegetal', 'alcoholic beverages', 'fatty', 'fresh', 'bush flower']"
CCCCCCC1CCCC1=O,"['green vegetal', 'fresh', 'vegetal']"
CCCCCOC(C)OCC,"['vegetal', 'chemical', 'balsamic', 'solvent', 'fresh', 'alcoholic beverages', 'green vegetal', 'phenolic', 'barrel aged alcohol', 'woody', 'sweet', 'medicinal']"
CCOC(C)(C)C1CC=C(C)CC1,"['green vegetal', 'fresh', 'fruity', 'vegetal']"
CCC(=O)Nc1ccccc1C(=O)OC,"['fruit with pip', 'fruity']"
CCCCC(OC)OC,"['vegetal', 'chemical', 'balsamic', 'solvent', 'fresh', 'alcoholic beverages', 'green vegetal', 'barrel aged alcohol', 'woody', 'sweet']"
CC(=O)OC1C=C(C)C2CC1C2(C)C,"['vegetal', 'green vegetal', 'fresh', 'aromatic plant']"
CCOC(=O)C1C(C)=CC=CC1(C)C,"['fruit with pip', 'bush flower', 'floral']"
CCC(C)COC=O,"['fermented', 'floral', 'vegetal', 'fermented drink', 'chemical', 'green vegetal', 'alcoholic beverages', 'fresh', 'fruit with pip']"
CCC(C)(C)SSC(C)(C)CC,"['green vegetal', 'fresh', 'sulphur', 'vegetal']"
CC1=C(O)C(=O)C(O)CO1,"['sweet', 'empyreumatic', 'cooked', 'cooked sugar']"
CC(=O)OCC1CCC2CC1C2(C)C,"['wood', 'phenolic', 'fresh', 'resinous', 'vegetal', 'woody']"
CCCCCCCCC(=O)OC(C)C,"['floral', 'fermented drink', 'chemical', 'alcoholic beverages', 'fatty', 'peponide']"
CCCCCCCCCCCCOC=O,"['honeyed', 'green vegetal', 'fresh', 'vegetal', 'sweet']"
CCOC1OC(CO)C(O)C(O)C1O,"['chemical', 'phenolic', 'solvent', 'fresh', 'medicinal']"
CCCC(=O)CC(=O)OC,"['sweet', 'empyreumatic', 'cooked', 'cooked sugar']"
CC1=CC(=O)CC1C,"['sweet', 'empyreumatic', 'cooked', 'cooked sugar']"
C=C(C)C1CC=C(C)C(OC=O)C1,"['vegetal', 'green vegetal', 'fresh', 'aromatic plant']"
CCSc1ccccc1O,"['phenolic', 'empyreumatic', 'smoked']"
CCCC(=O)OCC(C)O,"['chemical', 'solvent', 'fresh']"
CC(C)C1C=CC(C)(O)CC1,['fermented']
C=CC=CC=CCC=CCC,"['green vegetal', 'fresh', 'vegetal']"
CCc1ccccc1C=O,"['fruity', 'nutty', 'dried fruit', 'sweet', 'bitter almond', 'fatty', 'oleaginous']"
Cc1cncs1,"['fatty', 'empyreumatic', 'fruity', 'dried fruit', 'oleaginous']"
CC(C)OC(C)OC(C)C,"['vegetal', 'chemical', 'balsamic', 'solvent', 'fresh', 'alcoholic beverages', 'green vegetal', 'phenolic', 'barrel aged alcohol', 'woody', 'sweet', 'medicinal']"
CCOC(C)(OCC)c1ccccc1,"['green vegetal', 'fresh', 'vegetal']"
CCCC(OC)OC,"['vegetal', 'chemical', 'balsamic', 'solvent', 'alcoholic beverages', 'green vegetal', 'phenolic', 'barrel aged alcohol', 'woody', 'sweet', 'medicinal']"
CCC=S,"['vegetable', 'vegetal', 'sulphur']"
CCCCOC(=O)C(C)(C)C,['fruit with pip']
CC1CCCCCCCCCCCCC(=O)O1,"['animal', 'musky']"
CC=CSC,"['vegetable', 'empyreumatic', 'vegetal', 'alliaceous', 'sulphur']"
COC(CC(C)C)OC,"['empyreumatic', 'vegetal', 'roasted', 'chemical', 'solvent', 'fresh', 'green vegetal', 'malt']"
CSc1cc(C)oc1C,['empyreumatic']
CCCC1NCCS1,"['vegetable', 'sulphur', 'empyreumatic', 'cruciferous', 'cooked', 'vegetal', 'earthy', 'green vegetal', 'fresh', 'root', 'cooked sugar', 'sweet']"
CCCCCCCCCCCCC=CC=O,['fatty']
CCCC(O)CC(=O)O,"['dairy', 'fermented']"
CC(CS)C(=O)O,"['fermented', 'dairy', 'vegetal']"
C=CC1(C)CCC(C(C)C=O)O1,['garden flower']
C=C1CCC2SC1C1C(C(C)C)CCC21C,['fermented']
CCC(C)C(O)C(=O)O,"['fatty', 'fermented', 'dairy']"
CCCCCCCCCCOC(=O)CC(C)C,"['fermented', 'floral', 'fermented drink', 'chemical', 'fruit with pip', 'alcoholic beverages', 'sweet']"
CCCCCCCCC(=O)OCC(C)C,"['fermented', 'floral', 'fermented drink', 'chemical', 'bush flower', 'alcoholic beverages', 'fatty']"
C=CC(C)(S)CCC=C(C)C,['citrus']
CC1C(S)CC2CC1C2(C)C,"['green vegetal', 'fresh', 'vegetal']"
C=CCCCCN=C=S,"['green vegetal', 'fresh', 'vegetal']"
CC=CCOC(=O)CCCCC,['tropical fruit']
CCCCCC(OCCC(C)C)OCCC(C)C,"['fruity', 'vegetal', 'balsamic', 'chemical', 'fruit with pip', 'alcoholic beverages', 'green vegetal', 'fresh', 'fatty', 'barrel aged alcohol', 'woody', 'sweet']"
CN1CCNc2ccccc21,['empyreumatic']
CCCCOC(OCCCC)c1ccccc1,"['fruity', 'nutty', 'dried fruit', 'red berry', 'bitter almond', 'fatty', 'oleaginous']"
CCOC(=O)C(C)OC(C)=O,"['empyreumatic', 'cooked', 'cooked sugar', 'balsamic', 'chemical', 'alcoholic beverages', 'barrel aged alcohol', 'woody', 'sweet']"
O=COCCC1CCCCC1,['fruit with pip']
CCCCCC(=O)OCCCc1ccccc1,"['green vegetal', 'fresh', 'vegetal']"
CCC(=O)OCCC1CCCCC1,['tropical fruit']
CCOC(=O)c1ccccc1OCC,"['green vegetal', 'fresh', 'vegetal']"
COc1ccc(C2OC(C)C(C)O2)cc1,"['dry vegetal', 'fresh', 'vegetal']"
CCCCOC(=O)C(C)OC(C)=O,['dairy']
CCCC(C)C(=O)OCC(C)C,['fruit with pip']
CCCC(C)C(=O)OCCC(C)C,['fruit with pip']
CCCCCCOC(=O)C(C)CCC,"['fermented', 'floral', 'fermented drink', 'chemical', 'fruit with pip', 'alcoholic beverages', 'fatty']"
CC(C)CCCOC(=O)c1ccccc1,['woody']
CCCCCCOC(=O)C(CC)CC,"['fermented', 'floral', 'fermented drink', 'chemical', 'fruit with pip', 'alcoholic beverages']"
CC(C=O)Cc1ccc(C(C)(C)C)cc1,"['green vegetal', 'garden flower', 'vegetal']"
CCCCCc1cccnc1,"['green vegetal', 'fresh', 'vegetal']"
CC(=O)OC(C)(C)C1CCC(C)C2=C(C1)C(C)CC2,"['vegetal', 'green vegetal', 'bush flower', 'fresh', 'dry vegetal']"
CC(C)=CCCC(C)CO,"['peponide', 'fruity']"
CCCCCCCCCCCCOC(=O)CC(C)C,"['fruit with pip', 'fatty']"
CCOC(=O)C(Cc1ccccc1)C(C)=O,"['fermented', 'woody']"
CCCOC(=O)CCC1CCCCC1,"['fruit with pip', 'tropical fruit', 'stone fruit', 'lactone']"
CCCCC(C(=O)OCC)c1ccccc1,"['dairy', 'vegetal', 'honeyed', 'green vegetal', 'fresh']"
CCOC(=O)c1ccccc1NC(C)=O,['fruit with pip']
C=C(C)C1CCC2=CCCC(C)C2(C)C1,"['green vegetal', 'fatty', 'fruity', 'vegetal']"
C=C1C2CCC3C2C(C)(C)CCCC13C,"['floral', 'vegetal', 'mint', 'chemical', 'phenolic', 'green vegetal', 'fresh', 'bush flower']"
CCCC(C)(C)SSC(C)(C)CCC,"['green vegetal', 'fresh', 'sulphur', 'vegetal']"
COC(=O)c1ccccc1NC(=O)Cc1ccccc1,"['honeyed', 'fruit with pip', 'fruity', 'sweet']"
C=C1CCC2C1C1C(C(C)C)CCC21C,"['vegetal', 'green vegetal', 'fresh', 'aromatic plant', 'sweet']"
O=C(OCCCc1ccccc1)c1ccccc1,"['green vegetal', 'fresh', 'vegetal', 'woody']"
O=C(OCCOc1ccccc1)c1ccccc1,"['woody', 'sweet']"
CCCCCCCCOCc1ccccc1,"['woody', 'sweet']"
C=CCc1cccc(OC)c1O,"['empyreumatic', 'smoked']"
CC(C)CCOC(=O)c1ccccc1N,"['fruit with pip', 'fruity', 'stone fruit']"
CCCCCCC(OCCCC)OCCCC,"['vegetal', 'balsamic', 'chemical', 'green vegetal', 'alcoholic beverages', 'fresh', 'fatty', 'barrel aged alcohol', 'woody', 'sweet']"
CC1=CC(=O)C(=C(C)C)CC1,"['vegetal', 'green vegetal', 'fresh', 'aromatic plant']"
CC(C)C12CCC(C)(O)C1C2,"['vegetal', 'chemical', 'phenolic', 'green vegetal', 'fresh', 'aromatic plant', 'medicinal']"
CC1=CCC23CC1C(C)(C)C2CCC3C,"['wood', 'dry vegetal', 'resinous', 'vegetal']"
CC1=CCC2C3C(C(C)C)CCC2(C)C13,"['honeyed', 'sweet']"
CC1CCC2(O)C(C)(C)C3CCC2(C)C1C3,"['floral', 'vegetal', 'mint', 'chemical', 'phenolic', 'green vegetal', 'fresh', 'medicinal']"
C=C1C=CC(C(C)C)CC1,"['fruity', 'vegetal', 'green vegetal', 'aromatic plant']"
O=C(O)C=CC(=O)O,"['chemical', 'alcoholic beverages', 'fermented', 'floral', 'fermented drink']"
CC=CC(=O)CCCCC,"['fermented', 'musty', 'woody']"
CCCCc1ccc2ccccc2n1,"['phenolic', 'dry vegetal', 'vegetal']"
CC=CCCO,"['green vegetal', 'vegetal']"
CCCCCCCCCOC(=O)C(C)C,"['fruity', 'floral', 'vegetal', 'citrus', 'green vegetal', 'fresh', 'bush flower', 'stone fruit', 'lactone']"
CCCOC(=O)CC(=O)OCCC,"['fermented', 'floral', 'fermented drink', 'chemical', 'solvent', 'fresh', 'fruit with pip', 'alcoholic beverages']"
CCC=CC(=O)OC,"['chemical', 'solvent', 'fresh', 'green vegetal', 'vegetal']"
CCCCCCCCC=CC(=O)O,"['green vegetal', 'fresh', 'vegetal']"
CCOC(OCC)C(C)C,"['vegetal', 'chemical', 'solvent', 'fresh', 'green vegetal', 'fruit with pip']"
CCC(C)c1nccs1,"['green vegetal', 'fresh', 'vegetal']"
CCSCc1ccco1,"['vegetable', 'sulphur', 'empyreumatic', 'cruciferous', 'vegetal', 'alliaceous', 'root', 'earthy']"
CC(C)C(=O)Oc1ccccc1,"['honeyed', 'sweet']"
CC(C)C(C)S,"['fermented', 'empyreumatic', 'dairy']"
CCCC(C)C(=O)OC,"['vegetal', 'green vegetal', 'fresh', 'fruit with pip', 'tropical fruit', 'peponide']"
CC(=O)CS,"['vegetable', 'vegetal', 'alliaceous', 'sulphur']"
CSc1cncc(C)n1,"['fatty', 'empyreumatic', 'fruity', 'dried fruit', 'oleaginous']"
CCc1csc(C)n1,"['green vegetal', 'fresh', 'empyreumatic', 'vegetal']"
CCCCCCC=COC(C)=O,"['vegetal', 'green vegetal', 'fresh', 'tropical fruit', 'peponide']"
Cc1ccc(CO)o1,"['fruity', 'empyreumatic', 'nutty', 'dried fruit', 'cooked', 'bitter almond', 'fatty', 'cooked sugar', 'oleaginous']"
CCCc1nc(C)c(C)s1,"['empyreumatic', 'dried fruit', 'vegetal', 'green vegetal', 'fresh', 'fatty', 'malt', 'oleaginous']"
CC1(C)C2CCC(CO)C1C2,"['vegetal', 'green vegetal', 'fresh', 'aromatic plant']"
CCc1ncsc1C,"['green vegetal', 'fresh', 'empyreumatic', 'vegetal']"
CCCCC(=O)OCC(C)CC,"['fruit with pip', 'tropical fruit', 'stone fruit', 'lactone']"
CCCCSSC,"['vegetable', 'empyreumatic', 'vegetal', 'sulphur']"
CCCC(=O)CO,"['dry vegetal', 'fatty', 'dairy', 'vegetal']"
CSSCC(C)C,"['green vegetal', 'fresh', 'sulphur', 'vegetal']"
CC(=O)Cc1cnccn1,"['empyreumatic', 'fruity', 'dried fruit', 'fatty', 'pyrazic', 'oleaginous']"
CC(=O)C1CCSS1,"['alliaceous', 'vegetable', 'sulphur', 'vegetal']"
CCCCCOC(=O)CC(=O)OCCCCC,"['chemical', 'alcoholic beverages', 'fermented', 'floral', 'fermented drink']"
C=CCSSSSC,"['vegetable', 'empyreumatic', 'vegetal', 'alliaceous', 'sulphur']"
CSC(C)S,"['vegetable', 'vegetal', 'alliaceous', 'sulphur']"
c1coc(CCc2ccco2)c1,"['metal', 'empyreumatic', 'mineral']"
C=C(CO)C1CC=C(C)CC1,"['vegetal', 'green vegetal', 'fresh', 'aromatic plant']"
CCCCCCCC(=O)OCCC(C)CCC=C(C)C,"['fatty', 'bush flower']"
C=C(C)C1(O)CC=C(C)CC1,['fermented']
CCC(C=O)CS,"['dairy', 'fermented']"
CC(C)CCC(=O)OC(C)C,"['fruit with pip', 'tropical fruit']"
CCCOC(=O)CCC(C)C,"['fruit with pip', 'tropical fruit']"
CSc1cnc(C)cn1,"['fatty', 'empyreumatic', 'fruity', 'dried fruit', 'oleaginous']"
CCCCCCc1nccnc1OC,"['green vegetal', 'fresh', 'vegetal']"
CC1NC(C)SC(C)N1,"['fatty', 'empyreumatic', 'fruity', 'dried fruit', 'oleaginous']"
CCCSSSSC,"['vegetable', 'empyreumatic', 'vegetal', 'alliaceous', 'sulphur']"
CC=CSSSC,"['vegetable', 'vegetal', 'alliaceous', 'sulphur']"
CCCCCC(CC(=O)OCC)OC(C)=O,"['chemical', 'alcoholic beverages', 'fermented', 'floral', 'fermented drink']"
CCCC=CC(=O)OCC(C)C,"['vegetal', 'fruit with pip', 'green vegetal']"
CC1CSSS1,"['vegetable', 'empyreumatic', 'vegetal', 'sulphur']"
C=CCSSC=CC,"['vegetable', 'empyreumatic', 'vegetal', 'sulphur']"
COc1cc(CCC=O)ccc1O,"['balsamic', 'woody']"
CCCCCCOC(=O)CCC(C)C,"['green vegetal', 'fresh', 'vegetal']"
Cc1ccccc1OC(=O)Cc1ccccc1,"['honeyed', 'woody', 'sweet']"
CSSCCC(C)C,"['alliaceous', 'vegetable', 'empyreumatic', 'sulphur', 'vegetal']"
C=CCCCCOC(C)=O,"['green vegetal', 'fresh', 'vegetal']"
C=CCCCCCC(=O)OCC,"['balsamic', 'chemical', 'alcoholic beverages', 'barrel aged alcohol', 'woody']"
CCC(C)C(=O)C(=O)OC,"['empyreumatic', 'cooked', 'cooked sugar', 'balsamic', 'chemical', 'alcoholic beverages', 'barrel aged alcohol', 'woody', 'sweet']"
CC(C)COC(OCC(C)C)C(C)C,"['empyreumatic', 'vegetal', 'roasted', 'chemical', 'phenolic', 'solvent', 'fresh', 'green vegetal', 'malt', 'medicinal']"
CCCCCCCCOC(=O)C(C)(C)C,"['dairy', 'vegetal', 'green vegetal', 'fatty', 'fresh', 'fruit with pip']"
CCCCCCCCC(O)C(=O)OC,['tropical fruit']
CC(=O)OC(C)C=C(C)CCC=C(C)C,"['fresh', 'fruity', 'lemony']"
CCCCC(O)CS,"['fruity', 'berry', 'black fruit']"
CCCCC(O)C(=O)OC,"['fermented', 'floral', 'fermented drink', 'chemical', 'alcoholic beverages', 'tropical fruit']"
CCCCCCCCCC(=O)OC(C)CCC,"['balsamic', 'chemical', 'fatty', 'alcoholic beverages', 'barrel aged alcohol', 'woody']"
CC=CSCCC,"['vegetable', 'vegetal', 'sulphur']"
CCOC(=O)CC(C)CC,['tropical fruit']
CCC(SC)C(=O)OC,"['vegetable', 'fermented', 'cruciferous', 'dairy', 'vegetal', 'alliaceous', 'green vegetal', 'fresh', 'sulphur']"
CCCCC(=S)OC,"['dairy', 'fermented']"
CCCCCCCCCOC(=O)Cc1ccccc1,"['honeyed', 'fruity', 'woody', 'sweet']"
CCOC(OCC)C(C)CC,"['vegetal', 'chemical', 'solvent', 'fresh', 'green vegetal', 'fruit with pip']"
CNc1ccccc1C(=O)OC(C)C,"['fruit with pip', 'fruity']"
CCCCC(=O)c1cccs1,"['oleaginous', 'empyreumatic', 'fruity', 'cooked', 'dried fruit', 'fatty', 'cooked sugar', 'sweet']"
Cc1csc(CC(C)C)n1,"['green vegetal', 'fresh', 'vegetal']"
CCCC=CC(=O)OCCCC,"['fruit with pip', 'green vegetal', 'fresh', 'tropical fruit', 'vegetal']"
CCCCCCCCCOC(=O)CCCCC,"['fermented', 'floral', 'dried fruit', 'fermented drink', 'chemical', 'solvent', 'fresh', 'alcoholic beverages', 'fatty', 'oleaginous']"
CCOC(=S)c1ccccc1,['dairy']
Cc1cnc(CC(C)C)c(C)n1,"['musky', 'empyreumatic', 'fruity', 'nutty', 'dried fruit', 'vegetal', 'roasted', 'green vegetal', 'fresh', 'aromatic plant', 'fatty', 'malt', 'oleaginous']"
CCCCCCCC(=O)OC(C)CCC,"['fermented', 'floral', 'vegetal', 'fermented drink', 'chemical', 'green vegetal', 'alcoholic beverages', 'fresh']"
C1CSSSS1,"['fermented', 'musty', 'woody', 'earthy']"
CC=C(C)C(=O)OCCCCCC,"['green vegetal', 'fatty', 'vegetal']"
CC(=O)C=Cc1ccccc1,"['dairy', 'lactone', 'fermented', 'red berry', 'vegetal', 'chemical', 'dry vegetal', 'fresh', 'woody', 'medicinal']"
CCC=CCCCC,['sulphur']
CCC(C)CN,"['dairy', 'fermented']"
COc1ccccc1C=CC=O,"['chemical', 'phenolic', 'fatty', 'medicinal']"
CC=CCO,"['chemical', 'solvent', 'fresh', 'sulphur']"
S=c1[nH]c2ccccc2s1,"['alliaceous', 'vegetable', 'empyreumatic', 'sulphur', 'vegetal']"
COc1ccccc1C=CC(=O)O,"['woody', 'sweet']"
CC(=O)C=Cc1ccco1,"['dairy', 'oleaginous', 'lactone', 'fruity', 'floral', 'vegetal', 'dried fruit', 'chemical', 'dry vegetal', 'fresh', 'phenolic', 'fatty', 'medicinal']"
COc1cc(C(O)C(=O)O)ccc1O,"['balsamic', 'woody']"
COc1ccc(C=CC(C)=O)cc1,['dairy']
O=C(CSCc1nc2ccccc2[nH]1)Nc1ccc2ccccc2c1,"['vegetable', 'fermented', 'empyreumatic', 'cruciferous', 'vegetal', 'sulphur']"
CCC(C=O)=Cc1ccccc1,['fatty']
O=CC=Cc1ccco1,"['fresh aldehydic', 'aldehydic', 'green vegetal', 'oleaginous', 'dried fruit', 'vegetal', 'chemical', 'phenolic', 'balsamic', 'fresh', 'fatty', 'sweet', 'medicinal']"
CCCCCCC(C=O)=Cc1ccccc1,"['green vegetal', 'vegetal']"
CC=Cc1ccc(OCc2ccccc2)c(OC)c1,"['woody', 'sweet']"
CC(S)c1cccs1,"['fresh', 'empyreumatic']"
CCCCCCCCCCOC(=O)CCCCCCCC,"['fermented', 'fermented drink', 'chemical', 'citrus', 'fruit with pip', 'alcoholic beverages', 'fatty']"
CC(C)=CCCC(C)CC1OCC(C)O1,"['green vegetal', 'fresh', 'vegetal']"
CCOC(=O)CC=C(C)C,"['vegetal', 'red berry', 'green vegetal', 'fresh', 'fruit with pip']"
CC1OCC=C1SC1(S)CCOC1C,['empyreumatic']
CC(=O)C1NCCS1,"['empyreumatic', 'fruity', 'dried fruit', 'fatty', 'pyrazic', 'oleaginous']"
CCCCCCCCC=CC(OCC)OCC,"['dairy', 'sweet']"
CCOC(CC(C)CCC=C(C)C)OCC,"['fruity', 'lemony', 'vegetal', 'citrus', 'green vegetal', 'fresh']"
CCCCCCCCC=COC,"['green vegetal', 'vegetal']"
CC(C)CCOC(C)OCC(C)C,"['oleaginous', 'fruity', 'dried fruit', 'vegetal', 'chemical', 'balsamic', 'solvent', 'fresh', 'alcoholic beverages', 'green vegetal', 'phenolic', 'fatty', 'barrel aged alcohol', 'woody', 'sweet', 'medicinal']"
C=C(C)CCOC(=O)C(C)CC,"['fruit with pip', 'green vegetal', 'fresh', 'fruity', 'vegetal']"
CSCCCOC(=O)CC(C)C,"['dairy', 'fermented']"
CCOC(CC(C)C)OCC(C)C,"['empyreumatic', 'vegetal', 'roasted', 'balsamic', 'chemical', 'green vegetal', 'alcoholic beverages', 'fresh', 'solvent', 'phenolic', 'barrel aged alcohol', 'malt', 'woody', 'sweet', 'medicinal']"
CCCCC(CC)C(=O)OCCc1ccccc1,['bush flower']
C=CC(CCCCC)OC(=O)C(C)C,"['fermented', 'musty', 'woody', 'earthy']"
C=CCOC(=O)C(C)CC,"['green vegetal', 'fatty', 'fresh', 'tropical fruit', 'vegetal']"
CCC=CCCOC(=O)C(CC)CC,"['fruit with pip', 'green vegetal', 'fresh', 'vegetal']"
CCCC(=O)OC1CC(C)CC(C)(C)C1,"['vegetal', 'green vegetal', 'fresh', 'aromatic plant', 'tropical fruit']"
CC(C)CCOC(OCCC(C)C)c1ccccc1,"['nutty', 'dried fruit', 'red berry', 'bitter almond', 'fatty', 'oleaginous']"
CC(=O)CC(C)SCc1ccco1,"['empyreumatic', 'dairy', 'cocoa', 'malt', 'milky', 'sweet']"
CC(C)=CCCC(C)=C1CC=C(C)CC1,"['vegetal', 'green vegetal', 'fresh', 'tropical fruit']"
C=CC(C)(C)OC(C)=O,"['green vegetal', 'fresh', 'tropical fruit', 'vegetal']"
CC(=O)SCC=C(C)C,"['green vegetal', 'fresh', 'vegetal']"
CC(C)CCCCCCCCCC=O,['fruity']
CCCC(=O)OC(C)(OC(=O)CCC)C(C)=O,"['fatty', 'fermented', 'dairy']"
Cc1nccnc1OC(C)C,"['green vegetal', 'fresh', 'vegetal']"
CCCCCCC(C=O)CC,"['fruity', 'citrus']"
CC1CCCC(=O)C1=O,"['sweet', 'empyreumatic', 'cooked', 'cooked sugar']"
CCC=C(C)C(=O)OC,"['vegetal', 'red berry', 'green vegetal', 'fresh', 'tropical fruit', 'peponide']"
CCCCCCCC(C)C=O,"['green vegetal', 'fresh', 'fruity', 'dairy', 'vegetal']"
O=C(C=Cc1ccccc1)OCC1CCCO1,"['fermented', 'floral', 'fermented drink', 'chemical', 'alcoholic beverages', 'woody']"
CCCCOC(=O)CC(=O)OCC,"['fermented', 'floral', 'vegetal', 'fermented drink', 'chemical', 'green vegetal', 'alcoholic beverages', 'fatty', 'fresh', 'fruit with pip']"
O=C(C=Cc1ccccc1)OCc1ccccc1,"['vegetal', 'red berry', 'honeyed', 'dry vegetal', 'fresh', 'woody', 'lactone']"
CC(C)=CCCC(C)=CC(=O)O,"['green vegetal', 'vegetal']"
CC1=CC(=O)CC(C)(C)C1(O)C=CC(C)O,"['vegetal', 'dry vegetal']"
OCC=Cc1ccccc1,"['vegetal', 'chemical', 'phenolic', 'green vegetal', 'fresh', 'garden flower', 'woody', 'medicinal']"
COc1cc(C=CC=O)ccc1O,"['empyreumatic', 'chemical', 'phenolic', 'woody', 'medicinal']"
CC(C)=CCCC(C)=CCCC(C)=CC=O,"['fruity', 'vegetal', 'green vegetal', 'fatty', 'fresh', 'aromatic plant']"
CC(=O)C=CC1C(C)=CCC(C)C1(C)C,"['fruity', 'garden flower', 'red berry']"
CC(=CCCC1(C)C2CC3C(C2)C31C)CO,"['wood', 'vegetal']"
CC=CCC(=O)O,"['green vegetal', 'fresh', 'fermented', 'dairy', 'vegetal']"
CCCCC=CC(=O)O,"['fermented', 'empyreumatic', 'cooked', 'fresh aldehydic', 'vegetal', 'dairy', 'aldehydic', 'sweet', 'chemical', 'solvent', 'fresh', 'green vegetal', 'cooked sugar']"
CCCC=CCC(=O)O,"['green vegetal', 'fresh', 'vegetal']"
CCC=CCCC(=O)O,"['green vegetal', 'fresh', 'vegetal']"
CCCCC=CCC(=O)O,"['green vegetal', 'fresh', 'vegetal', 'peponide']"
CCCCCC=CCC(=O)O,"['green vegetal', 'fresh', 'vegetal', 'peponide']"
CCCCCCC=CCC(=O)O,"['green vegetal', 'fresh', 'vegetal']"
CCCCCC=CCCC(=O)O,"['green vegetal', 'fresh', 'vegetal']"
CCCCCCCC=CCCC(=O)O,"['green vegetal', 'fresh', 'vegetal']"
CCCCCCCCC=CCCCCCCCC=O,['empyreumatic']
CCCCCCCCC=CCCCCCCCC(=O)OCC(O)CO,['fatty']
CCCCCCCCCCC(=O)C(=O)O,"['fruity', 'dairy', 'stone fruit', 'lactone']"
CC(C)=CCC=C(C)C1CC=C(C)CC1,['fruity']
C=C(C)C=CC(CCC(C)=O)C(C)C,"['dry vegetal', 'vegetal', 'peponide']"
CCC=C(C)C=O,"['vegetable', 'vegetal', 'red berry', 'green vegetal', 'fatty', 'fresh', 'sulphur']"
CC=CSSCCC,"['vegetable', 'empyreumatic', 'fruity', 'dried fruit', 'vegetal', 'alliaceous', 'fatty', 'sulphur', 'oleaginous']"
CC1=CC(=O)CC(C)(C)C12CCC(C)O2,"['vegetal', 'dry vegetal']"
COC(C=C(C)CCC=C(C)C)OC,"['green vegetal', 'fresh', 'fruity', 'vegetal', 'lemony']"
CC(=O)C=CC12OC1(C)CCCC2(C)C,"['garden flower', 'red berry']"
CCCCCC=C(C=O)CCCC,"['animal', 'fresh aldehydic', 'vegetal', 'mineral', 'metal', 'green vegetal', 'fresh']"
CCC=CCC(C)OC(C)=O,"['green vegetal', 'fresh', 'vegetal']"
CC=CCCCOC(C)=O,"['green vegetal', 'fresh', 'tropical fruit', 'vegetal']"
CCC=CCCCCO,"['fermented', 'musty', 'vegetal', 'aldehydic', 'green vegetal', 'fatty', 'fresh', 'woody', 'peponide']"
CCCC=C1OC(=O)c2ccccc21,"['green vegetal', 'fresh', 'aromatic plant', 'vegetal']"
CCCC=C(C=O)CC,"['lemony', 'citrus', 'fruit with pip', 'fresh']"
CC=Cc1ccc(OCC)c(O)c1,"['balsamic', 'dry vegetal', 'floral', 'vegetal']"
CC=CC(=O)OCCc1ccccc1,"['bush flower', 'fermented', 'floral']"
CC=CC(=O)OC(C)C,"['fruit with pip', 'garden flower', 'floral']"
O=COCC=Cc1ccccc1,"['vegetal', 'spicy', 'chemical', 'phenolic', 'green vegetal', 'fresh', 'fruit with pip', 'woody', 'sweet', 'medicinal']"
CC(C=O)=Cc1ccccc1,"['chemical', 'phenolic', 'woody', 'medicinal']"
CC(C)C=CC=O,"['fruity', 'fresh aldehydic', 'vegetal', 'chemical', 'balsamic', 'solvent', 'alcoholic beverages', 'green vegetal', 'fatty', 'fruit with pip', 'barrel aged alcohol', 'sweet']"
CC=CC=CC(=O)OCCC,"['green vegetal', 'tropical fruit', 'vegetal']"
CCCCCOC(=O)C=Cc1ccccc1,"['empyreumatic', 'roasted', 'malt', 'woody']"
CC(=O)C(C)=Cc1ccccc1,"['empyreumatic', 'cooked', 'vegetal', 'mint', 'chemical', 'phenolic', 'green vegetal', 'fresh', 'cooked sugar', 'medicinal']"
CCOC(C=Cc1ccccc1)OCC,"['vegetal', 'chemical', 'phenolic', 'green vegetal', 'woody', 'medicinal']"
CC=CC(=O)OCCCCC,"['fruit with pip', 'garden flower', 'floral']"
CC=CC(=O)OCc1ccccc1,"['woody', 'sweet']"
CC=CC(C)=O,['fermented']
C=CC=CC=O,"['green vegetal', 'fresh', 'vegetal']"
CC(=O)C(C)=CC1C(C)=CCCC1(C)C,['garden flower']
CC(=O)C(C)=CC1=C(C)CCCC1(C)C,"['fruity', 'red berry', 'balsamic', 'garden flower', 'sweet']"
CC=CCCCCC,['sulphur']
CC=CC(=O)OCCCCCCCC,"['fermented', 'musty', 'vegetal', 'earthy', 'fermented drink', 'chemical', 'dry vegetal', 'alcoholic beverages', 'bush flower', 'woody']"
CCOC(=O)C(=Cc1ccccc1)C(C)=O,"['sweet', 'empyreumatic', 'cooked', 'woody', 'cooked sugar']"
C=CC(C)(CCC=C(C)CCC=C(C)C)OC(=O)C(C)C,"['lemony', 'vegetal', 'citrus', 'fruit with pip', 'fatty', 'green vegetal', 'fresh']"
CCCC=CCCC,['sulphur']
CCCCCCC=CC(=O)OC,"['green vegetal', 'oleaginous', 'peponide', 'lactone', 'floral', 'vegetal', 'coumarin', 'dried fruit', 'balsamic', 'fruit with pip', 'fresh', 'dry vegetal', 'garden flower', 'tropical fruit', 'woody']"
CCCCC=CC(C)O,"['fermented', 'fruity', 'musty', 'dairy', 'vegetal', 'dried fruit', 'green vegetal', 'fresh', 'fatty', 'woody', 'peponide', 'oleaginous']"
CCCCC=CC(=O)OCC,"['fruit with pip', 'green vegetal', 'fresh', 'vegetal', 'peponide']"
CC=CC(=O)CC,"['mineral', 'metal', 'solvent', 'green vegetal', 'sulphur', 'root', 'earthy', 'vegetable', 'cruciferous', 'vegetal', 'chemical', 'balsamic', 'fresh', 'alcoholic beverages', 'barrel aged alcohol', 'woody', 'sweet']"
CCC(CC)C(=O)OCC=C(C)CCC=C(C)C,['fruit with pip']
CCCCCC=CC=CC(=O)OCCC,"['fruit with pip', 'green vegetal', 'vegetal', 'peponide']"
CCC=CCCC(=O)OCC,"['vegetal', 'fruit with pip', 'green vegetal', 'fresh', 'tropical fruit', 'peponide']"
CC(C)=CCCC(C)=CCOC(=O)CC(C)C,"['animal', 'lemony', 'fruit with pip', 'fresh', 'bush flower', 'stone fruit', 'lactone']"
CC(C)=CCC=C(C)CCO,['bush flower']
CC(=O)C=CC(C)C,"['metal', 'fermented', 'dairy', 'mineral']"
CCCC=CCCOC(C)=O,"['green vegetal', 'fresh', 'tropical fruit', 'vegetal']"
CCCCC=CC(C)=O,"['fermented', 'musty', 'dried fruit', 'vegetal', 'dry vegetal', 'fatty', 'woody', 'oleaginous']"
CCCCCCCCC=CCCCCCCCC(=O)OCCCCCC,['fatty']
CC=C(C)C1CCC(C)(C)O1,"['fruity', 'lemony', 'vegetal', 'chemical', 'phenolic', 'green vegetal', 'aromatic plant', 'medicinal']"
CC1=CCCC(C)(C)C1C=CC(C)O,"['green vegetal', 'fruity', 'garden flower', 'vegetal']"
CC=CCCCCCCCC,['sulphur']
CCCCC=CCCO,"['green vegetal', 'fruity', 'vegetal', 'peponide']"
CCC(C)=CCCC(C)=CC=O,['lemony']
CCCC=CC(C)=O,"['fermented', 'fresh aldehydic', 'vegetal', 'aldehydic', 'green vegetal', 'fresh', 'fatty']"
CCCCC=CC=CCO,"['fruity', 'fresh aldehydic', 'vegetal', 'green vegetal', 'fresh', 'cucurbitacea', 'peponide']"
CCOC(C=C(C)CCC=C(C)C)OCC,"['green vegetal', 'fruity', 'vegetal', 'lemony']"
CC=CC(=O)OCCC,"['empyreumatic', 'cooked', 'floral', 'sweet', 'chemical', 'solvent', 'fresh', 'fruit with pip', 'garden flower', 'cooked sugar']"
CCOCC=C(C)CCC=C(C)C,"['vegetal', 'chemical', 'solvent', 'fresh', 'green vegetal', 'bush flower']"
CC=CC(=O)OC1CC(C)CCC1C(C)C,"['vegetal', 'green vegetal', 'aromatic plant']"
CCCC=CCOC(C)OCC,"['green vegetal', 'fruit with pip', 'vegetal']"
CC=CSSC,"['alliaceous', 'vegetable', 'sulphur', 'vegetal']"
CCCC=CCCC(=O)OC,"['green vegetal', 'tropical fruit', 'vegetal']"
C=CC=CC=CCCCCC,"['fruity', 'fresh aldehydic', 'vegetal', 'aldehydic', 'green vegetal', 'fatty', 'cucurbitacea', 'peponide']"
CCC=CCC1C(=O)CCC1CC(=O)OC,"['green vegetal', 'fatty', 'vegetal']"
CCC=CC(=O)OCC,"['fruit with pip', 'tropical fruit']"
CC=C(C)C(=O)OCC=Cc1ccccc1,"['vegetal', 'spicy', 'chemical', 'phenolic', 'green vegetal', 'fresh', 'medicinal']"
CCCCC(=O)OCC=Cc1ccccc1,['bush flower']
CC=CC=CC(=O)OC(C)C,"['green vegetal', 'fresh', 'vegetal']"
CC=CC=CC(OCC)OCC,"['green vegetal', 'fresh', 'vegetal']"
CC=CC=CC(=O)OCCCC,"['green vegetal', 'fresh', 'vegetal']"
CC(=O)C=CC=C(C)C,"['green vegetal', 'oleaginous', 'lactone', 'fruity', 'dried fruit', 'vegetal', 'coumarin', 'chemical', 'phenolic', 'balsamic', 'fresh', 'dry vegetal', 'fatty', 'tropical fruit', 'medicinal']"
O=C(Cc1ccccc1)OCC=Cc1ccccc1,"['honeyed', 'woody']"
Cc1ccc(C=CC=O)cc1,"['chemical', 'phenolic', 'woody', 'medicinal']"
CC1=C(C=CC(C)O)C(C)(C)CCC1,['garden flower']
CC=CC=CCOC(=O)CC,"['fermented', 'floral', 'fermented drink', 'chemical', 'alcoholic beverages', 'tropical fruit']"
CC=CC=CCOC(=O)C(C)C,"['vegetal', 'fruit with pip', 'green vegetal', 'fresh', 'tropical fruit']"
CCCCC(C=O)=Cc1ccccc1,"['green vegetal', 'fresh', 'garden flower', 'vegetal']"
CC=CC(=O)OCCC(C)C,"['floral', 'balsamic', 'chemical', 'fruit with pip', 'alcoholic beverages', 'garden flower', 'barrel aged alcohol', 'woody', 'sweet']"
COC(C=Cc1ccccc1)OC,"['vegetal', 'chemical', 'phenolic', 'green vegetal', 'woody', 'medicinal']"
CC=CC(=O)CCC,"['fruity', 'dried fruit', 'chemical', 'solvent', 'fresh', 'fatty', 'oleaginous']"
CC=CC(C)C(=O)OCC,"['vegetal', 'red berry', 'green vegetal', 'fatty', 'fresh', 'tropical fruit', 'peponide']"
CCCCCCCC=CC(=O)OCC,"['vegetal', 'mineral', 'metal', 'fruit with pip', 'green vegetal', 'fresh', 'peponide']"
CCCCCC=CCCC=CC=O,"['fruity', 'vegetal', 'green vegetal', 'fresh', 'peponide']"
CCC=CCCOC(C)OCC,"['sulphur', 'fermented', 'cruciferous', 'fresh aldehydic', 'floral', 'vegetal', 'aldehydic', 'green vegetal', 'fresh', 'fatty', 'garden flower', 'root', 'woody']"
CCCCCC=CCCCO,"['vegetable', 'fresh aldehydic', 'vegetal', 'aldehydic', 'green vegetal', 'fresh', 'cucurbitacea', 'peponide']"
O=C(OCC=Cc1ccccc1)c1ccccc1,"['fatty', 'dairy', 'woody']"
CC(=O)OC(C)C=CC1=C(C)CCCC1(C)C,"['garden flower', 'red berry']"
CCCCCC(=Cc1ccccc1)C(OCC)OCC,"['vegetal', 'chemical', 'solvent', 'fresh', 'green vegetal', 'fatty']"
CCCCCC(=Cc1ccccc1)C(OC)OC,"['fruity', 'lemony', 'vegetal', 'citrus', 'green vegetal', 'fresh', 'garden flower']"
CCC=CCCOC(=O)c1ccccc1O,"['vegetal', 'mineral', 'metal', 'green vegetal', 'fresh']"
CC=Cc1ccc(OC(=O)Cc2ccccc2)c(OC)c1,"['honeyed', 'chemical', 'phenolic', 'balsamic', 'woody', 'medicinal']"
CC=CC(OCC)OCC,"['chemical', 'solvent', 'fresh']"
C(=CC1OCCO1)c1ccccc1,"['chemical', 'phenolic', 'woody', 'medicinal']"
CCOC(=O)CC(=CC(=O)O)C(=O)O,"['fermented', 'empyreumatic', 'cooked', 'floral', 'fermented drink', 'chemical', 'balsamic', 'alcoholic beverages', 'barrel aged alcohol', 'woody', 'cooked sugar']"
CCC=CCCCCCOC(C)=O,"['fruity', 'vegetal', 'mineral', 'honeyed', 'metal', 'fruit with pip', 'green vegetal', 'fresh', 'peponide', 'sweet']"
CCC=CCC=CC=CC(=O)OCC,"['fruit with pip', 'green vegetal', 'fresh', 'fruity', 'vegetal']"
CCC=CCCOC(=O)CCCCCCCCC,"['green vegetal', 'fresh', 'vegetal']"
CCC=CCCOC(=O)CCC(C)=O,"['empyreumatic', 'cooked', 'vegetal', 'green vegetal', 'fresh', 'fruit with pip', 'cooked sugar', 'sweet']"
CCCC=CCOC(=O)C(C)O,"['green vegetal', 'vegetal']"
CCCCCC=CC=CC(C)=O,"['vegetable', 'fresh aldehydic', 'vegetal', 'aldehydic', 'green vegetal', 'fresh', 'cucurbitacea']"
C=C1CCC(C(=C)C)CC1O,"['fruity', 'vegetal', 'green vegetal', 'fresh', 'aromatic plant']"
Cc1nc2c(nc1C)CCC2,"['fatty', 'empyreumatic', 'fruity', 'dried fruit', 'oleaginous']"
CSCCC=C(C=O)CSC,"['cruciferous', 'sulphur', 'vegetal']"
CSSSCc1ccco1,['empyreumatic']
CC1OC=CC1=O,"['oleaginous', 'empyreumatic', 'fruity', 'cooked', 'dairy', 'dried fruit', 'fatty', 'cooked sugar']"
CC=C(C=O)c1ccccc1,"['roasted', 'honeyed', 'sulphur', 'root', 'earthy', 'oleaginous', 'vegetable', 'fermented', 'empyreumatic', 'fruity', 'cruciferous', 'vegetal', 'dried fruit', 'fatty', 'malt']"
C=CCc1ccc(OCC)c(OC)c1,"['dry vegetal', 'fermented', 'vegetal']"
CCOC(=O)C(C)(O)c1ccccc1,"['balsamic', 'dairy', 'woody']"
CCc1ccsc1CC,"['alliaceous', 'vegetable', 'empyreumatic', 'sulphur', 'vegetal']"
CCCCCC=CCCCCC=O,"['wood', 'fruity', 'vegetal', 'phenolic', 'fresh', 'resinous', 'woody']"
CCCC=CCCCCCCC=O,['fruity']
CC=CCCCCCCCC=O,"['fruity', 'vegetal', 'chemical', 'metal', 'green vegetal', 'fatty', 'fresh', 'mineral']"
CC(C)=CCCC(C)=CC(O)C=O,"['green vegetal', 'fresh', 'vegetal']"
CC=C(C)CO,"['fermented', 'floral', 'vegetal', 'fermented drink', 'chemical', 'phenolic', 'green vegetal', 'alcoholic beverages', 'fatty', 'fresh', 'solvent', 'medicinal']"
CCCC=CCCC(=O)O,"['green vegetal', 'fresh', 'vegetal']"
CCCC=CC=CCCCO,['fruity']
C=CC(C)(CCC=C(C)CCC=C(C)C)OC(C)=O,['fruity']
CCC=CCCOC(=O)CCCCCC,"['green vegetal', 'fresh', 'vegetal']"
CC=C(C)C(=O)OCCC=CCC,"['sulphur', 'fermented', 'musty', 'cruciferous', 'vegetal', 'green vegetal', 'fresh', 'tropical fruit', 'root', 'woody']"
O=C(C=Cc1ccccc1)OCCCc1ccccc1,"['floral', 'bush flower', 'stone fruit', 'woody', 'lactone']"
CC=CC(=O)OCC(C)C,"['cooked', 'green vegetal', 'solvent', 'cooked sugar', 'empyreumatic', 'vegetal', 'balsamic', 'chemical', 'fruit with pip', 'alcoholic beverages', 'fresh', 'phenolic', 'tropical fruit', 'barrel aged alcohol', 'medicinal']"
CC(C=O)=Cc1ccco1,"['chemical', 'phenolic']"
CC=CC(C)C(=O)O,"['fermented', 'dairy', 'dried fruit', 'fatty', 'oleaginous']"
CC(C)=CCCC(C)=CCS,"['vegetal', 'green vegetal', 'fresh', 'aromatic plant']"
CC(C)C=C(C=O)c1ccccc1,"['oleaginous', 'empyreumatic', 'fruity', 'dairy', 'dried fruit', 'roasted', 'honeyed', 'bush flower', 'fatty', 'malt', 'milky']"
CC=C(C=O)CSC,"['vegetable', 'empyreumatic', 'cruciferous', 'vegetal', 'alliaceous', 'sulphur']"
CCCC=CC(=O)OCCC,"['green vegetal', 'vegetal']"
CCC=CCCC1(C)CCC(=O)O1,"['dairy', 'green vegetal', 'oleaginous', 'lactone', 'fruity', 'dried fruit', 'vegetal', 'coumarin', 'balsamic', 'dry vegetal', 'fresh', 'tropical fruit', 'woody', 'sweet']"
CCCC=CC=CCO,"['fruity', 'dairy', 'peponide']"
CC=C(C)COC(C)=O,"['green vegetal', 'fresh', 'tropical fruit', 'vegetal']"
CC1=CCCC(C)(C)C1C=CC(C)C=O,"['floral', 'garden flower']"
CCC=CCCOC(=O)OC,"['fruity', 'vegetal', 'green vegetal', 'fresh', 'fruit with pip', 'garden flower']"
CCCC=CCCOC(=O)C(C)C,"['fruit with pip', 'green vegetal', 'fresh', 'vegetal']"
CC1=CCC(C=CC(C)C(C)O)C1(C)C,"['wood', 'animal', 'musky', 'vegetal']"
CCC(C)COC(=O)C=Cc1ccccc1,"['empyreumatic', 'malt', 'woody', 'roasted']"
CC(C)=CCCC(C)=CC1OC(C)CC(C)(C)O1,"['fruity', 'lemony', 'fatty', 'fresh']"
CC(C)=CCCC(C)=CC1OCC(CO)O1,"['fresh', 'fruity', 'lemony', 'citrus']"
CC=CC=C1C(C)=CC(=O)CC1(C)C,"['dried fruit', 'vegetal', 'dry vegetal', 'fatty', 'oleaginous']"
CCCCCC=CC=CC(=O)OCCCC,"['fruit with pip', 'green vegetal', 'fresh', 'vegetal']"
CC=CCCC1CCCC(=O)O1,"['oleaginous', 'dried fruit', 'vegetal', 'coumarin', 'balsamic', 'dry vegetal', 'fatty', 'fresh', 'tropical fruit', 'stone fruit', 'woody', 'sweet', 'lactone']"
CCC=C(C=O)c1ccccc1,"['vegetable', 'sulphur', 'empyreumatic', 'cruciferous', 'vegetal', 'roasted', 'honeyed', 'green vegetal', 'fresh', 'garden flower', 'root', 'earthy', 'sweet', 'malt']"
CCC=CCOC(=O)CCCCC,"['green vegetal', 'fresh', 'tropical fruit', 'vegetal']"
CCOC(C)OCc1ccccc1,"['green vegetal', 'fresh', 'vegetal']"
CC(=O)C=C(C)CCC=C(C)C,"['bush flower', 'lemony']"
CC=C(C=O)CCCC,"['empyreumatic', 'fruity', 'nutty', 'dried fruit', 'oleaginous']"
CCCCC(CC)CCC(=O)O,['fermented']
CC1=NC(C)OC1C,"['fermented', 'empyreumatic', 'fruity', 'dried fruit', 'vegetal', 'roasted', 'green vegetal', 'fresh', 'fatty', 'malt', 'oleaginous']"
CCCCC(C)C(=O)O,"['fermented', 'empyreumatic', 'dairy']"
C=CCC(C)C(=O)O,"['fermented', 'dairy', 'red berry']"
CC1CC(C)(C)CC(=O)C1=O,"['fermented', 'empyreumatic', 'cooked', 'vegetal', 'dry vegetal', 'cooked sugar']"
CC1CCC2=C1N=CCN2,"['vegetable', 'empyreumatic', 'fruity', 'dried fruit', 'vegetal', 'fatty', 'oleaginous']"
CCC(C)SSC(C)CC,"['green vegetal', 'fresh', 'sulphur', 'vegetal']"
CCCCCCC(=O)OC(C)CCC,"['fermented', 'floral', 'vegetal', 'fermented drink', 'chemical', 'fruit with pip', 'alcoholic beverages', 'fatty', 'green vegetal', 'fresh', 'tropical fruit']"
C=CCSSSSSSCC=C,"['vegetable', 'empyreumatic', 'vegetal', 'sulphur']"
C=CCSSSSSCC=C,"['vegetable', 'empyreumatic', 'vegetal', 'sulphur']"
CCCCCCC(O)S,['vegetal']
CCCC(=S)OCC,"['fermented', 'empyreumatic', 'dairy', 'roasted', 'malt']"
O=CCC1CCOC1=O,"['sweet', 'empyreumatic', 'cooked', 'cooked sugar']"
CCCCNc1ccccc1C(=O)OC,"['fruit with pip', 'fruity']"
CCC(=O)N1C=CCC1,"['fatty', 'empyreumatic', 'pyrazic', 'fruity', 'dried fruit', 'oleaginous']"
CCCCC(OC(C)=O)C(=O)OC,"['fruit with pip', 'tropical fruit']"
CCCCCC=CCCCC(=O)O,"['green vegetal', 'fresh', 'vegetal']"
C=CCOC(=O)C(C)(C)C,"['green vegetal', 'fresh', 'vegetal']"
C=CC1=C(C=O)CCCC1,"['green vegetal', 'fresh', 'vegetal']"
CCCCCCCC(=S)OC,"['vegetable', 'fermented', 'empyreumatic', 'cruciferous', 'dairy', 'vegetal', 'sulphur']"
CC(=O)OCCCCCCCS,"['dry vegetal', 'vegetal', 'stone fruit', 'lactone']"
CCCCCCCCCC(=S)OC,"['vegetable', 'cruciferous', 'sulphur', 'vegetal']"
CC(=CC=O)CCC1CC1(C)C,"['fresh', 'fruity', 'lemony']"
CC(C)=CCCC(C)CC1OCCO1,"['green vegetal', 'fresh', 'vegetal']"
CCCCCC(C=O)SC,"['green vegetal', 'fresh', 'empyreumatic', 'fruity', 'vegetal']"
CCCCSSSCCCC,"['vegetable', 'empyreumatic', 'vegetal', 'alliaceous', 'sulphur']"
CCCCCOC(C)OC,"['vegetal', 'chemical', 'balsamic', 'solvent', 'fresh', 'alcoholic beverages', 'green vegetal', 'phenolic', 'barrel aged alcohol', 'woody', 'sweet', 'medicinal']"
CCCCOC(C)OC,"['vegetal', 'chemical', 'balsamic', 'solvent', 'fresh', 'alcoholic beverages', 'green vegetal', 'phenolic', 'barrel aged alcohol', 'woody', 'sweet', 'medicinal']"
CCCOC(CC(C)C)OCCC,"['empyreumatic', 'vegetal', 'roasted', 'chemical', 'solvent', 'fresh', 'green vegetal', 'malt']"
CCCCCCCCCC(=O)OC1CC(C)CCC1C(C)C,"['vegetal', 'green vegetal', 'fresh', 'aromatic plant']"
CSCc1cccs1,"['vegetable', 'fermented', 'musty', 'vegetal', 'earthy', 'sulphur', 'woody']"
CCOC(OC)c1ccccc1,"['fruity', 'nutty', 'dried fruit', 'vegetal', 'sweet', 'bitter almond', 'green vegetal', 'fatty', 'fresh', 'oleaginous']"
Cc1ccoc1CS,['empyreumatic']
CCNc1ccccc1C(=O)OC,"['fruit with pip', 'fruity']"
CCOC(=O)C(CC)COC(C)=O,"['fruit with pip', 'tropical fruit']"
CCOC(=O)C(S)CC,"['vegetal', 'berry', 'fruit with pip', 'green vegetal', 'fresh', 'black fruit']"
CCC(=O)C(O)c1ccccc1,"['empyreumatic', 'cooked', 'dairy', 'cooked sugar']"
CCCCCC1OC(=O)C(C)=C1C,"['vegetal', 'dry vegetal', 'green vegetal', 'aromatic plant', 'fresh']"
CCOC(=O)CC(C)(OCC)OCC,['fruit with pip']
CCCC=CCC(C)=O,"['green vegetal', 'fresh', 'vegetal']"
CCCCOC(CC(C)C)OCCCC,"['green vegetal', 'fresh', 'empyreumatic', 'malt', 'vegetal', 'roasted']"
CC(=O)C1=CNCCS1,"['fatty', 'empyreumatic', 'pyrazic', 'fruity', 'dried fruit', 'oleaginous']"
CCC(OC(C)=O)C(=O)OC,"['fruit with pip', 'tropical fruit']"
CCCCCCC(=O)C(=O)CC,"['empyreumatic', 'cooked', 'vegetal', 'green vegetal', 'fresh', 'dry vegetal', 'cooked sugar', 'sweet']"
CCCCC(=O)CCO,"['fermented', 'empyreumatic', 'dairy', 'vegetal', 'green vegetal', 'fresh', 'malt']"
CCCCCC1OC1C=O,"['vegetal', 'green vegetal']"
CCCCC=CCC=O,"['green vegetal', 'vegetal']"
CCCCC=CCCCC=O,"['green vegetal', 'vegetal', 'peponide']"
CCC(C)CCCCCCCCC=O,['fruity']
CCC(C)C(=S)OC,"['fermented', 'dairy', 'vegetal']"
CCCCOC(=O)C(C)S,['vegetal']
CCC(S)C(=O)OC,"['green vegetal', 'fresh', 'vegetal', 'berry', 'black fruit']"
CCOC(=O)C(C)(O)C(=O)CC,"['fatty', 'dairy']"
CCCC(=O)C(C)(O)C(=O)OCC,"['dairy', 'fatty']"
C=CC(=C)CCC=C(C)C=O,"['green vegetal', 'vegetal']"
CC(C)CC1N=CCS1,"['green vegetal', 'fresh', 'vegetal']"
CCCCCCOC(=O)CCC(C)=O,"['fermented', 'empyreumatic', 'cooked', 'floral', 'sweet', 'fermented drink', 'chemical', 'alcoholic beverages', 'cooked sugar']"
C=CCOC(=O)C(C)=O,"['empyreumatic', 'cooked', 'chemical', 'balsamic', 'solvent', 'fresh', 'alcoholic beverages', 'barrel aged alcohol', 'woody', 'cooked sugar']"
CCCCCCCCCCC(OC(C)=O)C(=O)OC,"['fruity', 'dairy', 'stone fruit']"
CC(=O)OCCCCS,"['vegetable', 'fermented', 'nutty', 'dairy', 'vegetal', 'dried fruit', 'fatty', 'sulphur', 'oleaginous']"
O=C(CCc1ccccc1)c1ccc[nH]1,"['empyreumatic', 'cooked', 'balsamic', 'woody', 'cooked sugar', 'sweet']"
CSCC(C=O)=Cc1ccccc1,"['cruciferous', 'vegetal', 'alliaceous', 'green vegetal', 'fresh', 'sulphur']"
CCCC(=O)Oc1c(CC)occc1=O,"['sweet', 'empyreumatic', 'cooked', 'cooked sugar']"
C=C(C)C1CC=C(C)C(OC(=O)CCC)C1,"['vegetal', 'green vegetal', 'fresh', 'aromatic plant']"
CC1(C)CSSSS1,"['vegetable', 'vegetal', 'alliaceous', 'sulphur']"
CCCC(=O)CSC,['vegetal']
Cc1cccc2c1C(C)C(=O)O2,"['oleaginous', 'fruity', 'dried fruit', 'vegetal', 'balsamic', 'dry vegetal', 'fresh', 'fatty', 'tropical fruit', 'woody', 'lactone']"
CCCOS(C)=S,"['vegetable', 'vegetal', 'alliaceous', 'sulphur']"
CC(=O)OC(O)c1ccccc1,"['green vegetal', 'fresh', 'vegetal']"
C=CCOC(=O)CCC(C)C,"['fruit with pip', 'tropical fruit']"
CCC(C)COC(=O)CC(O)C(=O)OCC(C)CC,"['chemical', 'alcoholic beverages', 'floral', 'fermented drink']"
CC(C)CCCCOC(=O)C(C)C,"['chemical', 'alcoholic beverages', 'fermented', 'fatty', 'floral', 'fermented drink']"
CCCC(=O)Oc1ccco1,"['empyreumatic', 'cooked', 'dairy', 'red berry', 'sweet', 'fatty', 'cooked sugar']"
CCC(C)C(=O)S,"['dairy', 'fermented']"
CCCCC1OC1C=O,"['fruity', 'fresh aldehydic', 'vegetal', 'aldehydic', 'green vegetal', 'fresh']"
CCC(OCC(C)C)OCC(C)C,"['vegetal', 'chemical', 'phenolic', 'solvent', 'fresh', 'green vegetal', 'medicinal']"
CCOC(CC)OCC(C)C,"['vegetal', 'chemical', 'balsamic', 'solvent', 'fresh', 'alcoholic beverages', 'green vegetal', 'barrel aged alcohol', 'woody', 'sweet']"
CCOC(CC)OC,"['balsamic', 'chemical', 'solvent', 'alcoholic beverages', 'fresh', 'barrel aged alcohol', 'woody', 'sweet']"
CCCCC(O)S,"['green vegetal', 'fresh', 'fruity', 'vegetal']"
C=CC=CCCCCCC,"['green vegetal', 'fresh', 'fatty', 'sulphur', 'vegetal']"
CCc1cnc(C(C)=O)cn1,"['empyreumatic', 'fruity', 'dried fruit', 'fatty', 'pyrazic', 'oleaginous']"
Cc1nc(CC(C)C)cs1,"['dried fruit', 'vegetal', 'green vegetal', 'fatty', 'fresh', 'oleaginous']"
CCCCSSS,"['vegetable', 'sulphur', 'cruciferous', 'vegetal', 'alliaceous', 'root', 'earthy']"
CSC(C)c1ccco1,"['alliaceous', 'vegetable', 'empyreumatic', 'sulphur', 'vegetal']"
CCOC(=S)C(C)CC,"['fermented', 'dairy', 'vegetal']"
CC(C)=C(C)C1CCCCO1,"['vegetal', 'mint', 'chemical', 'phenolic', 'green vegetal', 'medicinal']"
CC(C)=CCCC(C)=CC(C)(C)O,"['wood', 'fruity', 'vegetal', 'phenolic', 'fresh', 'resinous', 'woody', 'peponide']"
CCCCCOC(CCCCC)OCCCCC,"['fruity', 'vegetal', 'balsamic', 'chemical', 'fruit with pip', 'alcoholic beverages', 'green vegetal', 'fresh', 'fatty', 'barrel aged alcohol', 'woody', 'sweet']"
CC=CC=CC(=O)OCCCCCC,"['green vegetal', 'fresh', 'vegetal']"
CCCCCc1nccs1,"['empyreumatic', 'fruity', 'dried fruit', 'vegetal', 'roasted', 'green vegetal', 'fresh', 'malt', 'oleaginous']"
CCCC(=O)OCCCCC(C)C,"['chemical', 'alcoholic beverages', 'fermented', 'fatty', 'floral', 'fermented drink']"
CCCCCCOC(=O)C(S)CC,"['green vegetal', 'fresh', 'vegetal', 'citrus']"
CCCOS(=O)(=S)CCC,"['alliaceous', 'vegetable', 'sulphur', 'vegetal']"
CC(=O)Cc1ccc[nH]1,['empyreumatic']
CCC1(C)COC(=O)O1,"['chemical', 'solvent', 'fresh', 'dairy']"
CC(C)CCOC(=O)C(C)c1ccccc1,['woody']
CC(C)C=NCc1ccco1,"['empyreumatic', 'dairy', 'vegetal', 'cocoa', 'roasted', 'green vegetal', 'fatty', 'fresh', 'malt', 'milky', 'sweet']"
CCCCc1sc(C)nc1C,"['empyreumatic', 'fruity', 'dried fruit', 'vegetal', 'green vegetal', 'fatty', 'fresh', 'oleaginous']"
CC1CC(C)c2nccnc21,"['fatty', 'empyreumatic', 'fruity', 'dried fruit', 'oleaginous']"
CC=CC=CC(=O)OCCC(C)C,"['fermented', 'floral', 'vegetal', 'fermented drink', 'chemical', 'green vegetal', 'alcoholic beverages', 'fresh']"
CSSCc1ccc(C)o1,"['vegetable', 'empyreumatic', 'sulphur', 'vegetal']"
CC(=O)CCc1nccs1,"['fatty', 'empyreumatic', 'fruity', 'dried fruit', 'oleaginous']"
CNc1ccccc1C(=O)OCCc1ccccc1,"['fruit with pip', 'fruity']"
CCCCCCCCCC=CC(=O)OCC,"['fruit with pip', 'green vegetal', 'fresh', 'fruity', 'vegetal', 'peponide']"
CCCCC(OCC(C)C)OCC(C)C,"['vegetal', 'chemical', 'phenolic', 'solvent', 'fresh', 'green vegetal', 'medicinal']"
CCOC(CC)OCCC(C)C,"['vegetal', 'chemical', 'phenolic', 'solvent', 'fresh', 'green vegetal', 'medicinal']"
CCCCCOC(CCC)OCC,"['vegetal', 'chemical', 'balsamic', 'solvent', 'fresh', 'alcoholic beverages', 'green vegetal', 'phenolic', 'barrel aged alcohol', 'woody', 'sweet', 'medicinal']"
CCCOC(OCC)C(C)C,"['empyreumatic', 'vegetal', 'roasted', 'chemical', 'phenolic', 'solvent', 'fresh', 'green vegetal', 'malt', 'medicinal']"
CCc1cncc(C(C)=O)n1,"['empyreumatic', 'fruity', 'dried fruit', 'fatty', 'pyrazic', 'oleaginous']"
CCCCCCCC=C(C=O)CCCCCC,"['metal', 'citrus', 'fruity', 'mineral']"
CC=CC(=O)OCc1ccco1,"['fermented', 'musty', 'woody']"
CCOC(C)OCC(C)CC,"['oleaginous', 'fruity', 'dried fruit', 'vegetal', 'chemical', 'balsamic', 'solvent', 'fresh', 'alcoholic beverages', 'green vegetal', 'phenolic', 'fatty', 'barrel aged alcohol', 'woody', 'sweet', 'medicinal']"
CCC(C)COC(C)OCCC(C)C,"['oleaginous', 'fruity', 'dried fruit', 'vegetal', 'chemical', 'balsamic', 'solvent', 'fresh', 'alcoholic beverages', 'green vegetal', 'phenolic', 'fatty', 'barrel aged alcohol', 'woody', 'sweet', 'medicinal']"
CCCCOC(C)OCCC(C)C,"['vegetal', 'chemical', 'balsamic', 'solvent', 'fresh', 'alcoholic beverages', 'green vegetal', 'phenolic', 'barrel aged alcohol', 'woody', 'sweet', 'medicinal']"
CCOC(OCCC(C)C)C(C)C,"['empyreumatic', 'vegetal', 'roasted', 'chemical', 'phenolic', 'solvent', 'fresh', 'green vegetal', 'malt', 'medicinal']"
CCCCCOC(C)OCCC(C)C,"['vegetal', 'chemical', 'balsamic', 'solvent', 'fresh', 'alcoholic beverages', 'green vegetal', 'phenolic', 'barrel aged alcohol', 'woody', 'sweet', 'medicinal']"
CCCOC(C)OCCC(C)C,"['vegetal', 'chemical', 'balsamic', 'solvent', 'fresh', 'alcoholic beverages', 'phenolic', 'green vegetal', 'barrel aged alcohol', 'woody', 'sweet', 'medicinal']"
C=C(C)C=CSC,"['vegetable', 'vegetal', 'alliaceous', 'sulphur']"
CCCC=CO,"['green vegetal', 'fresh', 'vegetal']"
CCCCCC=C(C)O,"['green vegetal', 'fresh', 'vegetal']"
CSCSC(=O)C(C)C,"['green vegetal', 'fresh', 'fermented', 'empyreumatic', 'dairy', 'vegetal']"
CCCCC=COC(=O)c1ccccc1,"['green vegetal', 'fresh', 'vegetal', 'sweet']"
CCCC=CC(=O)OC=CCCCC,"['vegetal', 'fruit with pip', 'green vegetal', 'fresh', 'tropical fruit', 'peponide']"
O=C1C=CCCCCCCO1,"['oleaginous', 'lactone', 'dried fruit', 'vegetal', 'balsamic', 'dry vegetal', 'fresh', 'fatty', 'tropical fruit', 'woody', 'sweet']"
CCCC=CC=CC=CC=O,['fruity']
O=C(CCO)c1cccs1,"['sweet', 'empyreumatic', 'cooked', 'cooked sugar']"
CCCCCC(=S)OC,"['fermented', 'dairy', 'vegetal', 'green vegetal', 'fresh', 'tropical fruit']"
O=CC(=Cc1ccccc1)c1ccco1,['honeyed']
CCCCCCCCCCC(=O)OCCC(C)C,"['bush flower', 'fatty', 'floral', 'sweet']"
CCCCCCC=COC(=O)CC,"['vegetal', 'green vegetal', 'fresh', 'fruit with pip', 'tropical fruit']"
CCCCC=COC(=O)CCC,"['green vegetal', 'fresh', 'tropical fruit', 'vegetal']"
CCC=CC(=O)OC(C)C,"['chemical', 'solvent', 'fresh', 'green vegetal', 'vegetal']"
CCC=C(C)OC=O,"['fermented', 'floral', 'vegetal', 'fermented drink', 'chemical', 'solvent', 'fresh', 'alcoholic beverages', 'green vegetal']"
CC1=CC(S)C(C(C)C)CC1,['citrus']
CCC1(CC)CSSS1,"['alliaceous', 'vegetable', 'sulphur', 'vegetal']"
CCCCC=COC(=O)C(C)C,"['vegetal', 'green vegetal', 'fruit with pip', 'tropical fruit']"
CCCCCCCCCC=CC(=O)OC,"['fruit with pip', 'green vegetal', 'fresh', 'vegetal', 'peponide']"
CCCCCCCC1OC1C=O,"['green vegetal', 'fatty', 'fruity', 'vegetal', 'aldehydic']"
CCCCCc1nc(C)cs1,['vegetal']
COc1ccccc1CC1CC1,['fresh']
CCC1SC(CC(C)C)N=C1C,"['empyreumatic', 'fruity', 'dried fruit', 'vegetal', 'dairy', 'cocoa', 'sweet', 'fatty', 'malt', 'milky', 'oleaginous']"
CCc1nc(C)sc1CC,"['empyreumatic', 'fruity', 'dried fruit', 'vegetal', 'green vegetal', 'fresh', 'fatty', 'oleaginous']"
CC(C)CCOC(OCCC(C)C)C(C)C,"['empyreumatic', 'vegetal', 'roasted', 'chemical', 'phenolic', 'solvent', 'fresh', 'green vegetal', 'malt', 'medicinal']"
CC(C)CCOC(CC(C)C)OCCC(C)C,"['empyreumatic', 'vegetal', 'roasted', 'chemical', 'phenolic', 'solvent', 'fresh', 'green vegetal', 'malt', 'medicinal']"
CC(C)=CC(=O)C=C1COC1=O,"['fruity', 'vegetal', 'chemical', 'phenolic', 'dry vegetal', 'green vegetal', 'fresh', 'aromatic plant', 'medicinal']"
CCCCCCCCCC(=O)OCCC(C)CCC=C(C)C,['bush flower']
CCCCC=CC1OC(=O)CC1C,"['fruity', 'dried fruit', 'dairy', 'vegetal', 'green vegetal', 'fatty', 'fresh', 'oleaginous']"
C=CCOC(=S)CCCCC,['tropical fruit']
CCCCCC(C)OC(=O)CC(C)C,"['fermented', 'floral', 'vegetal', 'fermented drink', 'chemical', 'green vegetal', 'alcoholic beverages', 'fatty', 'fresh']"
CCCCCCCOC(=O)CCC(C)C,"['chemical', 'alcoholic beverages', 'fermented', 'fatty', 'floral', 'fermented drink']"
CCCCCCCCCCOC(=O)CCC(C)C,['fatty']
CCOC(=O)C(C)CSC,"['vegetable', 'green vegetal', 'fresh', 'sulphur', 'vegetal']"
CCCCCCCCOC(=O)CCC(C)C,"['vegetal', 'balsamic', 'chemical', 'green vegetal', 'alcoholic beverages', 'fresh', 'fatty', 'barrel aged alcohol', 'woody', 'sweet']"
CCCCCCC(=O)CSC,"['fermented', 'fruity', 'dairy', 'vegetal']"
CCCCCC(=O)CSCCC,"['fruity', 'berry', 'citrus', 'black fruit']"
CCCCCCCC1(C(=O)O)CC1,"['green vegetal', 'fresh', 'vegetal', 'sweet']"
CCCCCCCCCCCCCC(=O)OCC=Cc1ccccc1,"['woody', 'sweet']"
CCCCCCCC(=O)OC1CC(C)CCC1C(C)C,"['vegetal', 'green vegetal', 'fresh', 'aromatic plant']"
COC(C=Cc1ccccc1)OC(C)=O,"['woody', 'sweet']"
CC(=O)OC1(C(C)C)CCCCC1,"['vegetal', 'chemical', 'phenolic', 'green vegetal', 'fresh', 'aromatic plant', 'medicinal']"
Cc1nc(C)c(CC(C)C)o1,"['green vegetal', 'fresh', 'empyreumatic', 'vegetal']"
O=C1C=CCCCCCCCCCO1,"['vegetal', 'green vegetal', 'fresh', 'aromatic plant']"
COC(C)OC(C)OCc1ccccc1,"['nutty', 'dried fruit', 'vegetal', 'bitter almond', 'green vegetal', 'fresh', 'fatty', 'oleaginous']"
CCCCCC(OCC(C)C)OCC(C)C,"['fruity', 'vegetal', 'balsamic', 'chemical', 'fruit with pip', 'alcoholic beverages', 'green vegetal', 'fresh', 'fatty', 'barrel aged alcohol', 'woody', 'sweet']"
CCCCCCCCCCCC(=O)OC(C)CCC,"['floral', 'dairy', 'fermented drink', 'chemical', 'alcoholic beverages']"
CCCCC=CC=CO,"['fermented', 'musty', 'floral', 'vegetal', 'earthy', 'green vegetal', 'fresh', 'garden flower', 'woody']"
CCCCCCCC=CC=CO,"['fermented', 'musty', 'floral', 'vegetal', 'earthy', 'green vegetal', 'fresh', 'garden flower', 'woody']"
CCOC(C)c1cnccn1,"['vegetable', 'empyreumatic', 'fruity', 'dried fruit', 'vegetal', 'fatty', 'oleaginous']"
CCCCCCC=CCC(=O)OCC,"['fruit with pip', 'green vegetal', 'fresh', 'vegetal']"
CC1SC(C)N2CCCC2S1,['empyreumatic']
CC(C)CCCOC(=O)CC(C)C,"['green vegetal', 'fresh', 'vegetal']"
CCC1SC(C(C)CC)N=C1C,"['empyreumatic', 'fruity', 'dried fruit', 'vegetal', 'dairy', 'cocoa', 'sweet', 'fatty', 'malt', 'milky', 'oleaginous']"
CCCCC=COC(=O)C=Cc1ccccc1,"['green vegetal', 'fresh', 'vegetal', 'woody', 'sweet']"
CCC=C(C)SC,['dairy']
CC=Cc1ccc(OCCCC)c(OC)c1,"['chemical', 'phenolic', 'woody', 'medicinal']"
CCC1CCc2nccnc21,"['fatty', 'fermented', 'empyreumatic', 'fruity', 'dried fruit', 'oleaginous']"
CCOC(=O)C(CC)OC(C)=O,"['vegetal', 'green vegetal', 'fresh', 'aromatic plant']"
C=C(C)C=COC(=O)c1ccccc1,"['dry vegetal', 'vegetal', 'woody']"
CC=CC(=S)OCC,"['fruit with pip', 'stone fruit']"
CCCCC=COC(=O)c1ccc(OC)cc1,"['green vegetal', 'fresh', 'vegetal']"
CCCCCCCC=CO,"['green vegetal', 'fruity', 'vegetal', 'peponide']"
CCCCCCC(S)C=O,"['green vegetal', 'vegetal']"
CCCCCCC(OC(C)=O)C(=O)OCC,"['chemical', 'alcoholic beverages', 'fermented', 'fatty', 'floral', 'fermented drink']"
CCCC(C)OC(=O)C(C)O,"['fermented', 'empyreumatic', 'cooked', 'floral', 'sweet', 'fermented drink', 'chemical', 'alcoholic beverages', 'fatty', 'cooked sugar']"
CCCCC(=S)OCC,"['dairy', 'fermented']"
CC(C)CCOC(CC(C)C)OCC(C)C,"['empyreumatic', 'vegetal', 'roasted', 'balsamic', 'chemical', 'green vegetal', 'alcoholic beverages', 'fresh', 'solvent', 'phenolic', 'barrel aged alcohol', 'malt', 'woody', 'sweet', 'medicinal']"
CC(=O)c1cccnc1C(C)C,"['fresh aldehydic', 'floral', 'vegetal', 'aldehydic', 'green vegetal', 'fresh', 'fatty', 'garden flower']"
CCC=CCC(=O)OCCCC,"['fruit with pip', 'green vegetal', 'fresh', 'vegetal']"
C=C(C)C(=S)OCC,"['vegetable', 'vegetal', 'alliaceous', 'fruit with pip', 'sulphur', 'stone fruit']"
CS1=CNCC1,"['alliaceous', 'vegetable', 'sulphur', 'vegetal']"
C=C(C)C(=S)OCCCC,"['fruit with pip', 'stone fruit']"
CC1=CC(C=O)C(C(C)C)CC1,"['fruity', 'floral', 'lemony', 'vegetal', 'green vegetal', 'bush flower', 'fresh']"
CC=C(OCC)C(=O)OCC,"['empyreumatic', 'cooked', 'floral', 'sweet', 'fruit with pip', 'garden flower', 'cooked sugar']"
CCCC(O)SCC,"['fatty', 'fruity', 'dried fruit', 'oleaginous']"
CCCCCc1csc(C)n1,"['green vegetal', 'fresh', 'vegetal']"
CCCCOC(C)OCC(C)CC,"['vegetal', 'chemical', 'balsamic', 'solvent', 'fresh', 'alcoholic beverages', 'green vegetal', 'phenolic', 'barrel aged alcohol', 'woody', 'sweet', 'medicinal']"
CCCCCC=COC(=O)CC(C)C,"['fruit with pip', 'green vegetal', 'fresh', 'vegetal']"
CCCC(CS)OC(C)=O,"['citrus', 'vegetable', 'green vegetal', 'fresh', 'vegetal']"
CC(=O)OCCCC(C)c1ccccc1,"['green vegetal', 'vegetal']"
CCCCC(=O)OCCC1CCCCC1,['fruit with pip']
CCCCCOC(C)OCCCC,"['vegetal', 'chemical', 'balsamic', 'solvent', 'fresh', 'alcoholic beverages', 'green vegetal', 'phenolic', 'barrel aged alcohol', 'woody', 'sweet', 'medicinal']"
CCCCCC(OCC)OCCC(C)C,"['fruity', 'vegetal', 'balsamic', 'chemical', 'fruit with pip', 'alcoholic beverages', 'green vegetal', 'fresh', 'barrel aged alcohol', 'woody', 'sweet']"
CCC(C)CC(=O)OCCC(C)C,"['fruit with pip', 'fatty', 'dry vegetal', 'vegetal']"
CC(C)CC(=O)OCCC1CCCCC1,['fruit with pip']
CCCCCCOC(CCCCC)OCC,"['fruity', 'vegetal', 'balsamic', 'chemical', 'fruit with pip', 'alcoholic beverages', 'green vegetal', 'fresh', 'fatty', 'barrel aged alcohol', 'woody', 'sweet']"
CCCCCCOC(C)OCc1ccccc1,"['green vegetal', 'fresh', 'vegetal']"
CCCCCCOC(CCCC)OCCCCCC,"['vegetal', 'chemical', 'phenolic', 'solvent', 'fresh', 'green vegetal', 'medicinal']"
CCCCOC(CC(C)CCCC(C)(C)O)OCCCC,"['green vegetal', 'fresh', 'vegetal']"
CCCCCCCCCC(=O)OCCCc1ccccc1,"['green vegetal', 'fresh', 'fatty', 'tropical fruit', 'vegetal']"
COc1cnc(C)c(C)n1,['fermented']
CC1(C)CSSC1=O,"['vegetable', 'empyreumatic', 'vegetal']"
CCCCCCCC(CC=O)SC,['sulphur']
CCCCCC(=O)CCS,"['nutty', 'dried fruit', 'fruit with pip', 'fatty', 'oleaginous']"
CCCCCCCC=CC(=O)OCC(C)C,"['fruit with pip', 'green vegetal', 'fresh', 'tropical fruit', 'vegetal']"
CSOC(=O)C(C)OC(C)=O,['tropical fruit']
COC(=S)CCc1ccco1,['empyreumatic']
CC=Cc1ccc(O)c(OC)c1OC,"['empyreumatic', 'smoked']"
CCCCCC=CC=CC=CO,"['chemical', 'green vegetal', 'fresh', 'vegetal']"
CC(=O)OC1=C(C(C)C)CCC(C)=C1,"['vegetal', 'red berry', 'green vegetal', 'fresh', 'aromatic plant']"
C=C(C)C=COC(=O)CCCCC,"['green vegetal', 'fresh', 'tropical fruit', 'vegetal']"
CC(=O)OC(O)CC(C)CCC=C(C)C,"['green vegetal', 'fresh', 'vegetal']"
CC(=O)SC1CCOC1C,['empyreumatic']
c1ccc(CCCc2ccn[nH]2)cc1,['empyreumatic']
C=CCOC(=S)C(C)C,['tropical fruit']
CCCC=CC(OCCCCCC)OCCCCCC,"['green vegetal', 'fresh', 'vegetal']"
CCCCCCOC(C)OCCCCC,"['vegetal', 'chemical', 'balsamic', 'solvent', 'fresh', 'alcoholic beverages', 'green vegetal', 'phenolic', 'barrel aged alcohol', 'woody', 'sweet', 'medicinal']"
CCCCCCOC(C)OCCCC,"['vegetal', 'chemical', 'balsamic', 'solvent', 'fresh', 'alcoholic beverages', 'green vegetal', 'phenolic', 'barrel aged alcohol', 'woody', 'sweet', 'medicinal']"
CCCCCCCOC(=O)C(C)(O)C(=O)CCC,"['fatty', 'dairy']"
CCCCCCOC(CC(C)C)OCCCCCC,"['empyreumatic', 'vegetal', 'roasted', 'chemical', 'phenolic', 'solvent', 'fresh', 'green vegetal', 'malt', 'medicinal']"
CCCCCC(OCCCC)OCCC(C)C,"['fruity', 'vegetal', 'balsamic', 'chemical', 'fruit with pip', 'alcoholic beverages', 'green vegetal', 'fresh', 'fatty', 'barrel aged alcohol', 'woody', 'sweet']"
CCCCCCCCCCCC(OCCCCCC)OCCCCCC,"['green vegetal', 'fresh', 'vegetal']"
SCC1CC=CO1,['empyreumatic']
CCC(COC(C)=O)C(=O)OC,"['empyreumatic', 'tropical fruit']"
CC(C)CCOC(OCC(C)C)C(C)C,"['empyreumatic', 'vegetal', 'roasted', 'chemical', 'phenolic', 'solvent', 'fresh', 'green vegetal', 'malt', 'medicinal']"
CCOC(OCC(C)C)C(C)C,"['empyreumatic', 'vegetal', 'roasted', 'chemical', 'phenolic', 'solvent', 'fresh', 'green vegetal', 'malt', 'medicinal']"
CCOC(CC(C)C)OCCC(C)C,"['empyreumatic', 'vegetal', 'roasted', 'balsamic', 'chemical', 'green vegetal', 'alcoholic beverages', 'fresh', 'solvent', 'phenolic', 'barrel aged alcohol', 'malt', 'woody', 'sweet', 'medicinal']"
CCCCC1OCCOC1=O,"['fermented', 'empyreumatic', 'cooked', 'floral', 'sweet', 'fermented drink', 'chemical', 'alcoholic beverages', 'stone fruit', 'cooked sugar', 'lactone']"
C=C(C)C=COC(=O)CCC,"['fruit with pip', 'green vegetal', 'fresh', 'vegetal']"
CCCCC=COC(=O)CCCCCCCCC,"['green vegetal', 'fresh', 'vegetal']"
CCCCCC1OCCOC1=O,"['fermented', 'empyreumatic', 'cooked', 'floral', 'dairy', 'sweet', 'fermented drink', 'chemical', 'alcoholic beverages', 'fatty', 'stone fruit', 'cooked sugar']"
CCCc1nc(CC)c(CC)s1,"['green vegetal', 'fresh', 'vegetal']"
CCCC(C)C(=S)OC,['vegetal']
CC(OCc1ccco1)SCc1ccco1,['empyreumatic']
CCCCCCOC(CCCCC)OCCCC,"['fruity', 'vegetal', 'balsamic', 'chemical', 'fruit with pip', 'alcoholic beverages', 'green vegetal', 'fresh', 'fatty', 'barrel aged alcohol', 'woody', 'sweet']"
CCOC(=O)C1(c2ccccc2)OC1(C)CC,['empyreumatic']
CCCCOC(=S)C(C)C,"['vegetable', 'sulphur', 'fermented', 'musty', 'cruciferous', 'vegetal', 'earthy', 'root', 'woody']"
CCC1CSSSC1(CC)CC,"['vegetable', 'vegetal', 'green vegetal', 'fresh', 'sulphur']"
CC(S)SS,"['vegetable', 'empyreumatic', 'sulphur', 'vegetal']"
CCC(C)C(=S)OCC(C)C,"['fermented', 'dairy', 'red berry']"
CCCCCCCC=COC(=O)CCC,"['green vegetal', 'fresh', 'vegetal', 'peponide']"
SC(S)CCSCCC(S)S,"['vegetable', 'vegetal', 'green vegetal', 'fresh', 'sulphur']"
O=C(O)c1ccc(O)c(O)c1,"['woody', 'sweet']"
OC1COC(O)C(O)C1O,"['empyreumatic', 'cooked', 'phenolic', 'smoked', 'cooked sugar']"
CC(O)C(C)O,"['fatty', 'dairy']"
O=c1ccc2ccccc2o1,"['vegetal', 'dry vegetal']"
O=C(O)c1ccccc1O,"['fatty', 'fruity', 'dried fruit', 'oleaginous']"
CS(C)=O,"['vegetable', 'fermented', 'musty', 'dairy', 'vegetal', 'earthy', 'sulphur', 'woody']"
CO,"['chemical', 'phenolic', 'solvent', 'fresh', 'medicinal']"
CCOCC,"['chemical', 'solvent', 'fresh']"
CS(C)(=O)=O,['empyreumatic']
CC1CO1,"['chemical', 'solvent', 'fresh']"
C=C(C)C=O,"['green vegetal', 'fresh', 'garden flower', 'vegetal']"
CC(=O)OC1(C(C)C)C=CC(C)CC1,"['wood', 'fruity', 'vegetal', 'lemony', 'citrus', 'phenolic', 'fresh', 'bush flower', 'resinous', 'woody']"
CC(CC=O)c1ccc(C(C)(C)C)cc1,"['green vegetal', 'fresh', 'garden flower', 'vegetal']"
CC1=C(O)C(=O)CC1,"['sweet', 'empyreumatic', 'cooked', 'cooked sugar']"
CC(=O)c1c(C)c([N+](=O)[O-])c(C(C)(C)C)c([N+](=O)[O-])c1C,"['animal', 'musky', 'vegetal', 'aldehydic', 'green vegetal']"
COc1ccccc1-c1ccccc1,['bush flower']
CC(=O)c1cccs1,"['fruity', 'dried fruit', 'fatty', 'oleaginous']"
CCc1cc2c(cc1C(C)=O)C(C)(C)CCC2(C)C,"['animal', 'musky']"
CC(=O)OC(c1ccccc1)C(Cl)(Cl)Cl,"['vegetal', 'aldehydic', 'green vegetal', 'fatty', 'bush flower', 'woody', 'sweet']"
O=C1CCCCC1C1CCCCC1,"['floral', 'vegetal', 'chemical', 'green vegetal', 'fresh', 'aromatic plant', 'garden flower']"
OC(c1ccccc1)c1ccccc1,"['green vegetal', 'bush flower', 'fresh', 'floral', 'vegetal']"
Cc1ccccc1C,"['floral', 'garden flower']"
OCc1ccco1,"['fermented', 'empyreumatic', 'cooked', 'chemical', 'phenolic', 'solvent', 'fresh', 'cooked sugar', 'medicinal']"
O=C1CCC(C(=O)O)N1,"['chemical', 'solvent', 'fresh']"
C=C(C)C1CC=C(C)C(=O)C1,"['vegetal', 'green vegetal', 'fresh', 'aromatic plant']"
CC1CCC(C(C)C)CC1,"['wood', 'phenolic', 'fresh', 'resinous', 'vegetal', 'woody']"
CC(=O)c1ccc(Cl)cc1,"['dry vegetal', 'bush flower', 'vegetal']"
BrC=Cc1ccccc1,"['green vegetal', 'fresh', 'garden flower', 'floral', 'vegetal']"
CCCC(=O)OC(=O)CCC,"['dairy', 'fatty']"
C#CCO,['garden flower']
CC1COC(=O)O1,"['vegetal', 'green vegetal', 'fresh', 'aromatic plant']"
CC(O)COCC(C)O,"['chemical', 'phenolic', 'solvent', 'fresh', 'medicinal']"
COCCOCCO,['fermented']
CCCCCCCCCCCC(=O)OC,"['dairy', 'aldehydic', 'green vegetal', 'earthy', 'oleaginous', 'lactone', 'fermented', 'musty', 'fruity', 'dried fruit', 'vegetal', 'coumarin', 'balsamic', 'dry vegetal', 'fatty', 'fresh', 'tropical fruit', 'woody', 'sweet']"
CCOCCOCCO,"['chemical', 'solvent', 'fresh']"
COC,"['chemical', 'solvent', 'fresh']"
Nc1ccccc1C(=O)OCCc1ccccc1,"['fruity', 'citrus', 'honeyed', 'fruit with pip', 'bush flower', 'garden flower']"
CC1CCC(C(C)C)C(OC(=O)c2ccccc2N)C1,['fruit with pip']
CCCCCCCC1CCCC1=O,"['fatty', 'stone fruit', 'lactone']"
C1CCOCC1,"['chemical', 'solvent', 'fresh']"
CCCCCCC,"['chemical', 'solvent', 'fresh']"
C=C(C)C1CCC2(C)CCC=C(C)C2C1,"['balsamic', 'woody', 'sweet']"
CC1CCC2CC1C2(C)C,"['wood', 'vegetal', 'phenolic', 'resinous', 'woody', 'sweet']"
COc1ccc2ccc(=O)oc2c1CC=C(C)C,['fermented']
CC(C)C1=CC(=O)C(C)CC1,"['vegetal', 'green vegetal', 'fresh', 'aromatic plant']"
O=C1CCCCCCCCCCCCCC1,"['musky', 'floral']"
C1CSCSC1,"['vegetable', 'empyreumatic', 'sulphur', 'vegetal']"
CC1=CCC2C(C)=CCC(C(C)C)C2C1,"['green vegetal', 'fresh', 'vegetal']"
COc1ccc2ccc(=O)oc2c1,['woody']
CCCCCOC(=O)CCC,"['tropical fruit', 'red berry']"
CCCC(N)=O,"['fatty', 'fruity', 'dried fruit', 'oleaginous']"
CC1C(=O)CC2(C(C)C)CC12,"['wood', 'resinous', 'vegetal']"
CSC#N,"['alliaceous', 'vegetable', 'sulphur', 'vegetal']"
CC1CCCCC1O,"['oleaginous', 'fruity', 'dried fruit', 'vegetal', 'coumarin', 'balsamic', 'dry vegetal', 'fresh', 'fatty', 'tropical fruit', 'woody', 'sweet', 'lactone']"
CC(C)=C1CCC(C)(O)CC1,"['wood', 'vegetal', 'phenolic', 'fresh', 'resinous', 'woody']"
CC1CCCC(O)C1,"['fermented', 'chemical', 'balsamic', 'fresh', 'alcoholic beverages', 'barrel aged alcohol', 'woody', 'sweet']"
CC1CC=CCC1,['fruity']
CC1C=CCCC1,['fruity']
CC1=CCCCC1,"['fresh', 'fruity', 'lemony']"
OCCOCc1ccccc1,"['floral', 'bush flower']"
N#CCCCCCCC#N,['fruity']
CCCCCCCCCCCCCCCCCC=O,['fatty']
Cc1cc(C)oc(=O)c1,"['empyreumatic', 'cooked', 'vegetal', 'cooked sugar', 'green vegetal', 'fresh', 'woody']"
C=COCCCCCCCCCC,"['floral', 'bush flower']"
O=C1CCCCC1=O,"['oleaginous', 'empyreumatic', 'fruity', 'cooked', 'dried fruit', 'fatty', 'cooked sugar']"
CCCCOc1ccccc1,['fresh']
CC(C)CCCCCCC=O,"['fruity', 'vegetal', 'lemony', 'green vegetal', 'fresh', 'bush flower']"
COC(=O)c1ccoc1,"['chemical', 'alcoholic beverages', 'fermented', 'floral', 'fermented drink']"
CC=CC(C)O,"['green vegetal', 'fresh', 'vegetal']"
CC(=O)c1cc2ccccc2o1,"['vegetal', 'honeyed', 'balsamic', 'dry vegetal', 'fresh', 'woody']"
CCCCCCC1OCC(CO)O1,"['green vegetal', 'fresh', 'vegetal']"
C=Cc1scnc1C,"['fermented', 'empyreumatic', 'fruity', 'dried fruit', 'vegetal', 'roasted', 'fatty', 'malt', 'oleaginous']"
CCCCOC(=O)c1ccccc1O,"['green vegetal', 'fresh', 'vegetal']"
Cc1cccc(C(C)(C)C)c1O,"['animal', 'chemical']"
CC1(O)CC2CCC1(C)C2(C)C,['fermented']
Cc1ccc(O)c(C(C)(C)C)c1,"['animal', 'phenolic', 'chemical']"
C=CC(C)CCC=C(C)C,"['bush flower', 'fruity']"
CCCCCCCCCCCC#N,"['metal', 'fruity', 'mineral']"
Cc1ccc2ccc(=O)oc2c1,"['oleaginous', 'lactone', 'fruity', 'dried fruit', 'vegetal', 'floral', 'balsamic', 'dry vegetal', 'fresh', 'fatty', 'tropical fruit', 'woody']"
CCOC(=O)COc1ccccc1,"['green vegetal', 'bush flower', 'fresh', 'vegetal']"
CCC(=O)OC1CC2(C)CCC1C2(C)C,"['wood', 'floral', 'vegetal', 'mint', 'chemical', 'phenolic', 'green vegetal', 'fresh', 'bush flower', 'resinous', 'sweet', 'medicinal']"
CC1=CCC2(C(C)C)CC12,"['green vegetal', 'fresh', 'vegetal']"
CC1CCCC(C)(C)C1,"['green vegetal', 'fresh', 'vegetal']"
O=C1CCCCCCCCCOCCCCCO1,"['balsamic', 'fatty', 'musky', 'woody']"
CC(=O)c1occc1O,"['sweet', 'empyreumatic', 'cooked', 'cooked sugar']"
Cc1cccc(Oc2ccccc2)c1,"['bush flower', 'garden flower']"
C=C(C)C1CCC(C)(O)C1C,"['fruity', 'vegetal', 'mint', 'chemical', 'phenolic', 'green vegetal', 'fresh', 'medicinal']"
CCC=CC=CC=O,"['vegetal', 'chemical', 'phenolic', 'green vegetal', 'fresh', 'woody', 'medicinal']"
CC1=CCC(C(=O)O)CC1,"['animal', 'wood', 'vegetal', 'phenolic', 'resinous', 'woody']"
CCCCCC1CCCC1=O,"['oleaginous', 'fruity', 'dried fruit', 'vegetal', 'coumarin', 'balsamic', 'green vegetal', 'fatty', 'fresh', 'dry vegetal', 'bush flower', 'tropical fruit', 'woody', 'sweet', 'lactone']"
C1CSCS1,"['alliaceous', 'vegetable', 'sulphur', 'vegetal']"
C=CC(C)CCCC(C)C,"['wood', 'phenolic', 'fresh', 'resinous', 'vegetal']"
CC1SCCS1,"['empyreumatic', 'vegetal', 'phenolic', 'sulphur', 'smoked']"
O=C1CCCCCCCCCCOCCCCO1,"['animal', 'musky']"
Cc1cnc2ccccc2n1,"['fatty', 'empyreumatic', 'dried fruit', 'oleaginous']"
C=CCOC(=O)c1ccccc1N,"['green vegetal', 'fresh', 'fruit with pip', 'fruity', 'vegetal']"
CC(=O)OCC(C)c1ccccc1,"['green vegetal', 'fresh', 'garden flower', 'vegetal']"
O=COC1CCC2CCCCC2C1,"['wood', 'fatty', 'vegetal']"
CCCCCCC#CC(OC)OC,"['green vegetal', 'garden flower', 'floral', 'vegetal']"
CCC(=O)c1cccs1,"['sweet', 'empyreumatic', 'cooked', 'dairy', 'cooked sugar']"
CC(C)c1ccc(C#N)cc1,"['green vegetal', 'fresh', 'vegetal']"
CC(C)=CCCC(C)C1(O)CC=C(C)CC1,"['fruity', 'lemony']"
C=C1CC2CCC1C2(C)C,"['vegetal', 'mint', 'chemical', 'phenolic', 'green vegetal', 'fresh', 'medicinal']"
CC(C)CCOCc1ccccc1,"['green vegetal', 'fresh', 'vegetal']"
CCCCCCCCCCCCOC(=O)CCSCCC(=O)OCCCCCCCCCCCC,"['chemical', 'solvent', 'fresh']"
C=CC(=C)CCC=C(C)C,"['floral', 'vegetal', 'green vegetal', 'bush flower', 'aromatic plant', 'sweet']"
CCCCCCCC#N,"['green vegetal', 'fresh', 'vegetal']"
Cc1cc(C(C)(C)C)c(O)c(C(C)(C)C)c1,"['vegetal', 'mint', 'chemical', 'green vegetal', 'fresh', 'medicinal']"
OCCCOCCCO,"['chemical', 'phenolic', 'solvent', 'fresh', 'medicinal']"
COC(=O)c1ccccc1C,"['fruit with pip', 'fruity']"
CC=CCCCCCC,['fruity']
CCC1OC(C)=C(O)C1=O,"['empyreumatic', 'cooked', 'cooked sugar']"
CC(C)Cc1cnccn1,"['green vegetal', 'fresh', 'vegetal']"
C=Cc1cncc(CC)n1,"['vegetable', 'fatty', 'dairy', 'vegetal']"
CC1CSCS1,"['vegetable', 'sulphur', 'vegetal']"
O=C1CCCCCCCCCCC(=O)OCCO1,['musky']
O=C1CCC(C2CCCCC2)CC1,"['chemical', 'garden flower']"
CC(C)=CCC(=O)c1ccoc1,"['vegetal', 'green vegetal', 'fresh', 'aromatic plant']"
CCCC(=O)C(CC)Sc1ccoc1C,['empyreumatic']
CC(=O)C1CC2C(C=C1C)C2(C)C,"['floral', 'bush flower']"
CC(=O)c1cc2c(cc1C)C(C)(C)C(C)C2(C)C,"['balsamic', 'animal', 'musky', 'floral', 'woody']"
CCOCCC(C)CCC=C(C)C,"['bush flower', 'fruity']"
C=CCOC(=O)CC(C)CC(C)(C)C,['tropical fruit']
CCCC=CCC=O,"['vegetal', 'dry vegetal']"
CC1=CCCC(=C(C)C)C1=O,"['vegetal', 'green vegetal', 'fresh', 'aromatic plant']"
O=C(OCC(COC(=O)c1ccccc1)OC(=O)c1ccccc1)c1ccccc1,"['green vegetal', 'fresh', 'vegetal', 'woody', 'sweet']"
CC(=O)OCCC1CC=C(C)C1(C)C,"['bush flower', 'garden flower', 'fruity']"
CCCCCCOC(=O)CCc1ccccc1,"['green vegetal', 'fresh', 'vegetal']"
CC(C)CC(=O)O.N,"['dairy', 'fermented']"
CC(=O)c1cc(C(C)(C)C)cc2c1CCC2(C)C,"['wood', 'musky', 'vegetal', 'balsamic', 'resinous', 'sweet']"
CCC(C)C(C)C=O,"['vegetal', 'chemical', 'solvent', 'fresh', 'green vegetal']"
CC1CCC(C(C)(C)S)C(=O)C1,"['vegetal', 'red berry', 'green vegetal', 'fresh', 'aromatic plant', 'stone fruit', 'lactone']"
CCCC(CCOC(C)=O)SC,"['green vegetal', 'fresh', 'vegetal']"
Cc1cc(SC(=O)c2ccco2)c(C)o1,['empyreumatic']
CC1CCC(C(C)C)C(OC(=O)C(C)O)C1,"['vegetal', 'green vegetal', 'fresh', 'aromatic plant']"
Nc1ccccc1C(=O)Oc1ccc2ccccc2c1,"['fermented', 'fermented drink', 'chemical', 'fruit with pip', 'alcoholic beverages']"
CCC(C)(C)C1CCCCC1OC(C)=O,"['fruity', 'red berry']"
COC1(C)CCC23CC1C(C)(C)C2CCC3C,"['wood', 'vegetal', 'balsamic', 'green vegetal', 'resinous', 'sweet']"
Cc1c([N+](=O)[O-])c(C)c([N+](=O)[O-])c(C(C)(C)C)c1[N+](=O)[O-],"['animal', 'green vegetal', 'musky', 'vegetal', 'aldehydic']"
CC(=O)OC(C)c1ccccc1,"['vegetal', 'red berry', 'green vegetal', 'fruit with pip', 'stone fruit', 'lactone']"
Cc1coc2c1CC(C)CC2,"['fermented', 'empyreumatic', 'fruity', 'dried fruit', 'fatty', 'oleaginous']"
C#CC(C)(O)CCC=C(C)C,"['animal', 'musky']"
CCNC(=O)C1CC(C)CCC1C(C)C,"['vegetal', 'chemical', 'phenolic', 'green vegetal', 'fresh', 'aromatic plant', 'solvent', 'medicinal']"
CCCCCCCCCCCCCC#N,"['green vegetal', 'vegetal']"
COC(=O)c1ccccc1N=CC(C)Cc1ccc(C(C)(C)C)cc1,"['green vegetal', 'garden flower', 'fruity', 'vegetal']"
Cc1ccc(CCC=O)cc1,['garden flower']
COc1ccc(CC(C)C=O)cc1,"['green vegetal', 'fresh', 'fruity', 'vegetal', 'red berry']"
CCC(C)C(=O)SC,"['vegetable', 'cruciferous', 'sulphur', 'vegetal']"
CNC(=O)C(C)(C(C)C)C(C)C,"['vegetal', 'green vegetal', 'fresh', 'aromatic plant']"
CC1CCC2(O1)C(C)(C)CCCC2(C)O,"['wood', 'vegetal', 'mint', 'chemical', 'phenolic', 'green vegetal', 'fresh', 'resinous', 'medicinal']"
CC(=O)OCC(CO)OC(C)=O,"['chemical', 'phenolic', 'solvent', 'fresh', 'medicinal']"
CCCCC(=O)c1ccccc1,"['woody', 'sweet']"
N#CC(=C1CCCCC1)c1ccccc1,"['garden flower', 'fruity', 'citrus']"
C=CCOC(=O)c1ccccc1O,['tropical fruit']
CCCCCC#CC(=O)OCC,"['green vegetal', 'fatty', 'garden flower', 'floral', 'vegetal']"
CCCCCCCCCC(C)CO,"['woody', 'sweet']"
Cc1c([N+](=O)[O-])cc2c(c1[N+](=O)[O-])C(C)(C)CC2(C)C,"['animal', 'musky', 'floral']"
CCC(=O)c1ccc(OC)cc1,"['fresh', 'fermented']"
O=C(Cc1ccccc1)OCCCc1ccccc1,"['vegetal', 'green vegetal', 'bush flower', 'fresh', 'garden flower', 'woody', 'sweet']"
CC(C)c1ccc2ncccc2c1,"['fruity', 'dried fruit', 'vegetal', 'mineral', 'metal', 'green vegetal', 'fresh', 'fatty', 'oleaginous']"
Cc1c(C)c([N+](=O)[O-])c(C(C)(C)C)c([N+](=O)[O-])c1C,"['animal', 'musky', 'floral']"
c1ccc2c(c1)CCCN2,"['honeyed', 'sweet']"
O=C1CCC2=C(CCCC2)O1,"['oleaginous', 'lactone', 'fruity', 'dried fruit', 'vegetal', 'balsamic', 'dry vegetal', 'fresh', 'fatty', 'tropical fruit', 'woody', 'sweet']"
CC1(C)COC2(CCCCC2)OC1,"['phenolic', 'dry vegetal', 'vegetal']"
CC(=O)c1ccc2c(c1)CCCC2,"['animal', 'fruit with pip', 'musky', 'fruity']"
COc1ccc(C#N)cc1,"['vegetal', 'balsamic', 'dry vegetal', 'fresh', 'bush flower', 'woody', 'lactone']"
COC1(OC)CCCCCCCCCCC1,"['wood', 'vegetal', 'balsamic', 'resinous', 'sweet']"
CCCCCCCC(=O)N(CC)CC,"['vegetal', 'green vegetal', 'aromatic plant', 'dry vegetal']"
COC1CCc2ccccc21,"['vegetal', 'green vegetal', 'bush flower', 'fresh', 'aromatic plant']"
O=COCCCC1CCCCC1,"['vegetal', 'mineral', 'metal', 'chemical', 'phenolic', 'spicy', 'green vegetal', 'fresh', 'woody', 'medicinal']"
c1coc(Cc2ccco2)c1,['empyreumatic']
CCCCCCCc1ccccn1,"['green vegetal', 'fresh', 'garden flower', 'vegetal']"
C=C1C(=O)OC2C1CCC(=C)C1CCC(=C)C12,"['fatty', 'fruity', 'dried fruit', 'oleaginous']"
CC(C)c1ccnc2ccccc12,"['metal', 'green vegetal', 'fresh', 'vegetal', 'mineral']"
CC(C)Cc1ccnc2ccccc12,"['phenolic', 'green vegetal', 'fresh', 'vegetal']"
CC(C)c1cccc(CC=O)c1,"['green vegetal', 'fresh', 'vegetal']"
COC(=O)CC(O)(CC(=O)OC)C(=O)OC,"['chemical', 'solvent', 'fresh']"
CCCCCCC1OCCO1,"['green vegetal', 'vegetal']"
O=C1CCCCCCCCOCCCCCCO1,"['fatty', 'musky']"
Cc1cccc(CCO)c1,"['bush flower', 'garden flower']"
N#CC=Cc1ccccc1,"['chemical', 'phenolic', 'woody', 'medicinal']"
CCCCCCCCCC#N,"['fermented', 'balsamic', 'chemical', 'alcoholic beverages', 'barrel aged alcohol', 'woody', 'sweet']"
CC(=O)c1c(C)cc(C(C)(C)C)cc1C,"['animal', 'bush flower', 'musky', 'floral']"
CC(C)(C)C(=O)OCc1ccccc1,['garden flower']
CCCCCC(=O)SC,"['vegetable', 'fermented', 'cruciferous', 'dairy', 'vegetal', 'chemical', 'solvent', 'fresh', 'green vegetal', 'sulphur']"
O=C1CCCCCCCCCCCCCCC1,"['musky', 'floral']"
CCOc1cc(C)ccc1O,"['balsamic', 'sweet']"
COC1CCCCCCCCCCC1,"['wood', 'animal', 'musky', 'vegetal', 'balsamic', 'dry vegetal', 'resinous', 'sweet']"
Cl.NCCCC(N)C(=O)O,"['green vegetal', 'fresh', 'vegetal']"
CC(=O)OC(C)CCC=C(C)CCC=C(C)C,"['green vegetal', 'fruity', 'vegetal']"
O=C1CCCCCCCCCCCCCCCC1,"['animal', 'musky']"
Cc1ccccc1Oc1ccccc1,"['bush flower', 'garden flower', 'floral']"
CCCCCCCC1OCCO1,"['green vegetal', 'fruity', 'vegetal']"
OC1COC(Cc2ccccc2)OC1,"['vegetal', 'honeyed', 'dry vegetal', 'green vegetal', 'fresh', 'garden flower', 'bush flower', 'sweet']"
C=CCCCCCC=C,['fruity']
CCC(=O)CC(C)(C)c1ccccc1,['bush flower']
CC(=O)CC(C)(C)C1CCCCC1,"['vegetal', 'green vegetal']"
C#CC1(OC(C)=O)CCCCC1,"['vegetal', 'dry vegetal']"
O=C(O)C1CC2C=CC1C2,"['green vegetal', 'fresh', 'vegetal']"
CCCCOCCc1ccccc1,"['fermented', 'musty', 'vegetal', 'earthy', 'mineral', 'metal', 'green vegetal', 'fresh', 'woody']"
CCCC(=O)c1cccs1,['empyreumatic']
CC(CO)C1CCCCC1,"['vegetal', 'green vegetal', 'fresh', 'aromatic plant', 'garden flower', 'woody', 'sweet']"
CCCCCCCCCOC(=O)c1ccccc1,"['fruity', 'vegetal', 'citrus', 'green vegetal', 'fresh', 'aromatic plant', 'woody']"
CCCCCCC(=O)OCc1ccccc1,"['stone fruit', 'lactone']"
CCc1ccc(OC)c(OC)c1,['fermented']
COc1ccc(CS)cc1,"['fresh', 'empyreumatic', 'woody', 'sweet']"
CCCCOC(=O)C1CCCCC1,"['green vegetal', 'fresh', 'vegetal']"
CC(=O)OCCOc1ccc(C)cc1,"['woody', 'sweet']"
CC(C)=CCCC(C)=CCOC(Cc1ccccc1)OCC=C(C)CCC=C(C)C,"['green vegetal', 'fresh', 'bush flower', 'vegetal']"
CCCCCCCOC(=O)c1ccccc1,"['vegetal', 'mineral', 'metal', 'green vegetal', 'fresh', 'woody', 'sweet']"
C=C(CCOC(C)=O)c1ccccc1,"['bush flower', 'fresh', 'woody']"
O=C1CCC=C1O,"['sweet', 'empyreumatic', 'cooked', 'cooked sugar']"
CCCCCCCCC#CC(=O)OCC,"['green vegetal', 'fresh', 'vegetal']"
CC(C)(CO)Cc1ccccc1,['garden flower']
CC(C)C1CCC(CO)CC1,"['fresh aldehydic', 'vegetal', 'aldehydic', 'green vegetal', 'fatty', 'garden flower']"
C=CCOCCc1ccccc1,"['fermented', 'musty', 'vegetal', 'earthy', 'honeyed', 'green vegetal', 'fresh', 'woody', 'sweet']"
CC=Cc1cc(C(C)C)ccc1C,"['green vegetal', 'fresh', 'vegetal']"
COC(=O)c1ccccc1N=Cc1ccc(OC)cc1,['bush flower']
CCCCc1nccnc1C,['fresh']
CC(=O)OC1CC2CC1C1CCCC21,"['green vegetal', 'fresh', 'vegetal']"
CC1=CCC(CC#N)C1(C)C,"['wood', 'vegetal', 'phenolic', 'dry vegetal', 'fresh', 'resinous', 'woody']"
CC1=CCC(C(C)CCO)CC1,"['bush flower', 'fruity']"
CC(CC=O)c1ccccc1,"['green vegetal', 'fresh', 'garden flower', 'floral', 'vegetal']"
CCCC1CC(C(=O)OCC)=C(C)O1,"['floral', 'vegetal', 'green vegetal', 'aromatic plant', 'garden flower']"
C=C(C)C12CC(CC1CO)C(C)=C2C,['chemical']
C=C(C)c1cccc(C(C)CC=O)c1,"['chemical', 'green vegetal', 'fruity', 'vegetal', 'peponide']"
CC(C)c1cccc(C(C)CC=O)c1,"['green vegetal', 'garden flower', 'vegetal']"
CCC1(C)C(C)C(=O)C=C(C)C1C,"['sweet', 'empyreumatic', 'cooked', 'cooked sugar']"
CCCCCCC1CCOC1=O,"['fresh aldehydic', 'aldehydic', 'green vegetal', 'oleaginous', 'lactone', 'dried fruit', 'vegetal', 'coumarin', 'balsamic', 'dry vegetal', 'fresh', 'fatty', 'tropical fruit', 'woody']"
C=CC(C)(O)CCCC(C)C,"['fruity', 'vegetal', 'mint', 'chemical', 'phenolic', 'green vegetal', 'fresh', 'medicinal']"
CCC(C)(O)C=CC=C(C)C,"['garden flower', 'fruity']"
CCOC1CC2CCC1(C)C2(C)C,"['wood', 'vegetal', 'mint', 'chemical', 'phenolic', 'green vegetal', 'fresh', 'resinous', 'medicinal']"
CCCCCCOCC(OC)OC,"['green vegetal', 'vegetal']"
CC(C)OC(=O)c1ccccc1N,"['honeyed', 'bush flower', 'sweet']"
CCCCCCCCCCOC(=O)c1ccccc1N,"['fruit with pip', 'fruity']"
CCCc1nc(C)cnc1C,"['fruity', 'dried fruit', 'fatty', 'oleaginous']"
Cc1ccccc1CCO,"['green vegetal', 'fresh', 'bush flower', 'vegetal']"
Cc1ccc(CC(C)(C)O)cc1,"['green vegetal', 'fresh', 'garden flower', 'vegetal']"
COc1ccc(OC)c(C(C)(C)C)c1,"['vegetal', 'green vegetal']"
CCCCCCCC(C=O)=Cc1ccccc1,"['green vegetal', 'fresh', 'vegetal']"
CC(C)=CCCC(C)CCOC(=O)C=C(C)C,"['bush flower', 'garden flower']"
CCC(C)(CCCC(C)C)OC(C)=O,"['fruity', 'lemony']"
CC(C)C1CCC(C)(O)CC1,"['wood', 'fruity', 'lemony', 'vegetal', 'citrus', 'phenolic', 'fresh', 'resinous']"
CC(=O)c1cc2c(cc1C)C(C)(C)C(C)CC2(C)C,"['balsamic', 'animal', 'musky', 'floral', 'woody']"
CC12CCC3(CCCC(C)(C)C3C1)OC2=O,"['musky', 'balsamic', 'woody', 'sweet']"
CC1=C(O)C(=O)CC1C,"['sweet', 'empyreumatic', 'cooked', 'cooked sugar']"
CC(C)=CCCC(C)CC=NO,"['fruity', 'lemony', 'fresh']"
CC(=O)C1=CC(C)(C)CCC1,['fatty']
COC(=O)c1cc(C)ccc1O,"['animal', 'vegetal', 'red berry', 'phenolic', 'green vegetal', 'fresh', 'aromatic plant']"
CCOC1CC(C)CC(C)(C)C1,"['green vegetal', 'vegetal']"
C=C(C=O)C(C)CC(C)(C)C,"['vegetal', 'chemical', 'phenolic', 'green vegetal', 'fresh', 'aromatic plant', 'medicinal']"
C=C(C=O)C(C)CCC=C(C)C,"['fruity', 'lemony', 'vegetal', 'green vegetal']"
CCC(CC(C)CC)=NO,"['green vegetal', 'fresh', 'vegetal']"
C=C(C)C(O)CCC(C)CCO,"['floral', 'bush flower']"
CCCCCCCCCCC=CC#N,"['green vegetal', 'fatty', 'fruity', 'vegetal']"
CCOCCC(C)CCCC(C)C,"['green vegetal', 'bush flower', 'fruity', 'vegetal']"
CC1OC(C)(O)C(C)OC1(C)O,['fatty']
CC1(C)C2CCC3(C2)C1C(=O)CCC3(C)C,"['wood', 'dry vegetal', 'resinous', 'vegetal']"
CC(C)=CCCC(C)=CCCC(C)CO,"['vegetal', 'green vegetal', 'fatty']"
CCCCC1C=C(C)CC(C)O1,"['green vegetal', 'fresh', 'garden flower', 'vegetal']"
CC1=CC(=O)C2(C(C)C)CC12,"['vegetal', 'green vegetal', 'fresh', 'aromatic plant']"
CC(OC=O)C1CCCC(C)(C)C1,['fruit with pip']
CC(O)C1CCCC(C)(C)C1,"['vegetal', 'chemical', 'phenolic', 'green vegetal', 'fresh', 'aromatic plant', 'medicinal']"
CC(=O)OC(C)C1CCCC(C)(C)C1,"['animal', 'bush flower', 'musky', 'garden flower']"
C=C1CCCC2(C)CCC(C(C)(C)O)CC12,"['green vegetal', 'fresh', 'vegetal']"
CC1COCc2cc3c(cc21)C(C)(C)C(C)C3(C)C,"['animal', 'musky']"
CC(=O)c1cc2c(cc1C)C(C)(C)C(C)C2C(C)C,"['balsamic', 'animal', 'musky', 'dairy', 'woody']"
C=C1CCC2C(C3C1CCC3(C)O)C2(C)C,"['honeyed', 'sweet']"
CC1C(C)(C)C2=C(C(=O)CCC2)C1(C)C,"['animal', 'musky']"
C=CC(=C)CC(O)C=C(C)C,"['wood', 'vegetal', 'phenolic', 'fresh', 'resinous', 'woody', 'sweet']"
C=C1CCC(C(C)C)C2C=C(C)CCC12,['fatty']
CC(O)C(C)Cc1ccccc1,"['green vegetal', 'bush flower', 'fresh', 'garden flower', 'vegetal']"
C=CCCC(=O)C1=CCCC(C)(C)C1,"['floral', 'vegetal', 'green vegetal', 'garden flower', 'tropical fruit']"
CCC(O)Cc1ccccc1,['garden flower']
CC1(C)C(=O)C2CCC1C2,"['vegetal', 'mint', 'chemical', 'phenolic', 'green vegetal', 'fresh', 'medicinal']"
CSCCCCC#N,"['vegetable', 'cruciferous', 'sulphur', 'vegetal']"
CC(C)(C)c1cc(CCC(=O)OCCNC(=O)C(=O)NCCOC(=O)CCc2cc(C(C)(C)C)c(O)c(C(C)(C)C)c2)cc(C(C)(C)C)c1O,"['green vegetal', 'fresh', 'vegetal']"
CCCCc1ncsc1C,"['green vegetal', 'fresh', 'vegetal']"
CC12CCC3C(CCC4C(C)(C)CCCC43C)(CO1)O2,"['balsamic', 'animal', 'musky', 'floral', 'sweet']"
CC12CCCC(OC=O)(C1)C1CC(C)(C)C1CC2,"['vegetal', 'mint', 'chemical', 'phenolic', 'green vegetal', 'fresh', 'medicinal']"
CCC=CCCCCCCC=O,"['green vegetal', 'fatty', 'fruity', 'vegetal']"
CC1(C)C(=CCO)C2CCC1C2,"['vegetal', 'chemical', 'phenolic', 'green vegetal', 'fresh', 'aromatic plant', 'medicinal']"
CCOCOC1CCCCCCCCCCC1,"['wood', 'vegetal', 'balsamic', 'resinous', 'sweet']"
CC(=CC=O)CCC=C(C)CC(C)C,"['green vegetal', 'fatty', 'vegetal']"
OC(Cc1ccccc1)c1ccccc1,['garden flower']
CC(O)Cc1ccccc1,['bush flower']
CCCCC1OC(C)CC(C)(C)O1,"['green vegetal', 'fresh', 'garden flower', 'floral', 'vegetal']"
C=CC(C)=CCC1OC1(C)C,"['metal', 'fruit with pip', 'bush flower', 'fruity', 'floral', 'mineral']"
O=C(Cc1ccccc1)OCc1ccco1,"['honeyed', 'sweet']"
CC(=O)OCC(OC(C)=O)c1ccccc1,"['vegetal', 'honeyed', 'green vegetal', 'garden flower', 'woody', 'sweet']"
Cc1ccc(CCO)cc1,"['vegetal', 'green vegetal', 'bush flower', 'fresh', 'woody', 'sweet']"
CCCCCCC1OCCC(C)O1,"['bush flower', 'garden flower']"
CCOC(C)Oc1ccccc1,"['green vegetal', 'bush flower', 'floral', 'vegetal']"
CC(C=O)C1CCCCC1,"['green vegetal', 'vegetal']"
CC(C)c1ccc(C=CC=O)cc1,"['balsamic', 'woody', 'sweet']"
CC(C)=CCCC1=CCC(C)(C=O)CC1,"['chemical', 'green vegetal', 'fatty', 'vegetal']"
CC1CC(C)(C)OC(c2ccccc2)O1,"['green vegetal', 'bush flower', 'fresh', 'floral', 'vegetal']"
CC(C)C1OCOCC1(C)C,"['vegetal', 'mint', 'chemical', 'phenolic', 'green vegetal', 'medicinal']"
CCCCC(C#N)c1ccccc1,"['green vegetal', 'fresh', 'vegetal', 'woody', 'sweet']"
CC1=CC(C)CC(C=O)C1,"['green vegetal', 'fatty', 'fresh', 'vegetal']"
CC1(C)C2CCC1(C)C(OC(=O)c1ccccc1O)C2,"['green vegetal', 'vegetal', 'sweet']"
OCC1CC2C3CCC(C3)C2C1,"['vegetal', 'mint', 'chemical', 'phenolic', 'green vegetal', 'fresh', 'medicinal']"
CCC(C)CCCO,"['animal', 'fruity', 'dried fruit', 'vegetal', 'green vegetal', 'fresh', 'oleaginous']"
CCOC(=O)CC(O)c1ccccc1,"['phenolic', 'dry vegetal', 'vegetal', 'red berry']"
CC(O)CC(C)(C)c1ccccc1,"['green vegetal', 'fresh', 'garden flower', 'vegetal']"
CSCc1cnccn1,"['cooked', 'bitter almond', 'oleaginous', 'cooked sugar', 'fermented', 'empyreumatic', 'fruity', 'dried fruit', 'vegetal', 'fatty', 'pyrazic', 'sweet']"
CC(=O)OCC1CCC(C)(C)C23CC4CC2C13C4(C)C,"['wood', 'vegetal', 'balsamic', 'green vegetal', 'sweet']"
CC1(C)CCC(CO)C23C4CC(CC412)C3(C)C,"['balsamic', 'sweet']"
CC1(C)CCC(COC=O)C23C4CC(CC412)C3(C)C,"['wood', 'vegetal', 'balsamic', 'green vegetal', 'resinous', 'sweet']"
CCCCCC1CC(=O)C=C(C)C1C(=O)OCC,['fresh']
CCCCCCCOC(=O)Cc1ccccc1,"['fruity', 'fresh aldehydic', 'lemony', 'vegetal', 'aldehydic', 'honeyed', 'green vegetal', 'fresh', 'fatty']"
C=CCCC(=O)c1ccccc1,"['bush flower', 'floral', 'woody', 'sweet']"
COC(=O)c1ccccc1N=CC(C)Cc1ccc(C(C)C)cc1,['garden flower']
CC1(C)C2CCC(C2)C1(C)O,"['fermented', 'vegetal', 'chemical', 'phenolic', 'green vegetal', 'fresh', 'aromatic plant', 'medicinal']"
CC12C=CCC1C1CCC3CC(O)CCC3(C)C1CC2,['musky']
CC(=O)OCC1=CCC23CC1C(C)(C)C2CCC3C,"['wood', 'vegetal', 'green vegetal', 'resinous']"
CC1CCC2OC2(C)CCC2C1CC2(C)C,"['vegetal', 'balsamic', 'dry vegetal', 'sweet']"
CC1COCc2cc3c(cc21)C(C)(C)CCC3(C)C,"['animal', 'musky']"
C=CCOC1CC2CC1C1C=CCC21,['fresh']
CCCCCCCC1CCCO1,"['green vegetal', 'fresh', 'bush flower', 'vegetal']"
CCCCCCCCC(CC)C(=O)O,"['green vegetal', 'fatty', 'fruity', 'vegetal', 'aldehydic']"
CC1C2CC(CC2C2CCCC(O)C2)C1(C)C,"['wood', 'vegetal']"
CC1=CCC(CCC(C)C(C)O)C1(C)C,"['wood', 'resinous', 'dairy', 'vegetal']"
CC1=CCCC2(C)C(OC=O)C(C)CCC12C,"['floral', 'balsamic', 'sweet']"
CCC(C)c1ccc2ncccc2c1,"['phenolic', 'green vegetal', 'vegetal']"
CCCCCC1(C)CCC(C)(C)C1=O,"['bush flower', 'floral', 'stone fruit']"
CC(=CC1=C(C)CCCC1(C)C)C(C)O,"['vegetal', 'green vegetal']"
CC(=O)OC(C)C=CC1C(C)=CCCC1(C)C,"['garden flower', 'fruity']"
CC(C)=CCCC1=CCCC(C)(C=O)C1,"['fruity', 'floral', 'vegetal', 'chemical', 'green vegetal', 'fatty', 'garden flower']"
CC(C)=CCCC1=CCCC(C=O)C1,"['chemical', 'green vegetal', 'fatty', 'vegetal', 'citrus']"
COc1cc(C2OC(C)CC(C)(C)O2)ccc1O,"['empyreumatic', 'dairy', 'balsamic', 'phenolic', 'smoked', 'woody']"
CCOc1cc(C2OC(C)CC(C)(C)O2)ccc1O,"['balsamic', 'dairy', 'woody']"
COC(=O)C1CC2CC1C(C)(C)C2,"['wood', 'vegetal', 'phenolic', 'green vegetal', 'fresh', 'resinous', 'sweet']"
COC1CC2CC1C1C=CCC21,"['green vegetal', 'fresh', 'vegetal', 'peponide']"
CC(CC#N)CCc1ccccc1,"['metal', 'garden flower', 'fruity', 'mineral']"
CC(C)CCCCC=O,"['citrus', 'green vegetal', 'fruity', 'vegetal']"
CC(=CC#N)CCc1ccccc1,"['fresh aldehydic', 'aldehydic', 'spicy', 'green vegetal', 'bush flower', 'lemony', 'vegetal', 'chemical', 'phenolic', 'fresh', 'fatty', 'woody', 'sweet', 'medicinal']"
CC(C)CCC1(C)OCC=CCO1,"['balsamic', 'bush flower', 'floral', 'woody']"
COc1ccc(COC(C)=O)cc1OC,"['bush flower', 'fruity']"
CC(=O)c1nc(C)cnc1C,"['empyreumatic', 'fruity', 'nutty', 'dried fruit', 'cooked', 'sweet', 'fatty', 'pyrazic', 'cooked sugar', 'oleaginous']"
COC(=O)c1ccccc1N=CCc1ccccc1,"['green vegetal', 'fresh', 'garden flower', 'vegetal']"
CCCCCCCC=Nc1ccccc1C(=O)OC,"['fruit with pip', 'fruity']"
CCOC(=O)OC1CCCCC1C(C)(C)C,"['green vegetal', 'fresh', 'vegetal']"
CCOc1cnc(C)cn1,"['fatty', 'empyreumatic', 'fruity', 'dried fruit', 'oleaginous']"
Cc1ccc(OCC=O)cc1,"['chemical', 'dry vegetal', 'fruity', 'vegetal', 'peponide']"
CC(C)=CCCC(C)CC(OCCCCCCCCCCC(C)C)OCCCCCCCCCCC(C)C,"['vegetal', 'green vegetal', 'bush flower', 'aromatic plant']"
CC(C)OCCc1ccccc1,"['floral', 'vegetal', 'mineral', 'metal', 'green vegetal', 'bush flower', 'fresh']"
CCCCCCCCC=CCC=O,['fruity']
CC(O)C1C2CCC(C2)C1(C)C,"['vegetal', 'green vegetal']"
CC1C2CC(CC2C2CCC(O)CC2)C1(C)C,"['wood', 'vegetal']"
CC1(C)C2CCC1(C)C(C1CCC(O)CC1)C2,"['wood', 'vegetal']"
CC(C)CCCC1=CCC(C)(C=O)CC1,"['fruity', 'vegetal', 'mineral', 'metal', 'green vegetal', 'fatty']"
CC1=CC(C)CC(C#N)C1,"['vegetal', 'balsamic', 'dry vegetal', 'fresh', 'woody', 'sweet', 'lactone']"
CCOC(OCC)C1CC2CC1C1C=CCC21,"['fresh', 'garden flower', 'floral']"
CC1=CC(C)C(C)C(C=O)C1,"['green vegetal', 'vegetal']"
CC1CCC(O)C(C(C)(C)C)C1,"['vegetal', 'green vegetal', 'aromatic plant']"
COC(=O)c1ccccc1N=CC1CC=C(CCCC(C)(C)O)CC1,['garden flower']
CC1=CC(C)C(CO)CC1,"['vegetal', 'green vegetal', 'aromatic plant']"
CC(C)C(=O)OC1CC2CC1C1C=CCC21,"['empyreumatic', 'dairy', 'cocoa', 'roasted', 'fresh', 'malt', 'milky', 'woody', 'sweet']"
CC(=O)OCC1CCC(C)CC1C,"['citrus', 'fruity']"
CC(=O)OCC1CC(C)=CC(C)C1,"['green vegetal', 'fresh', 'fruity', 'vegetal']"
CCCCC1(CC)CCC(=O)OC1,"['oleaginous', 'fruity', 'dried fruit', 'vegetal', 'coumarin', 'balsamic', 'dry vegetal', 'fresh', 'tropical fruit', 'woody', 'sweet', 'lactone']"
CCCCCCC(CO)C(C)=O,"['green vegetal', 'vegetal']"
CC(=O)C1(C)CC(=O)C(C)(SCc2ccco2)O1,['empyreumatic']
CC1=CC2CC(C=O)C1CC2C(C)C,"['fresh aldehydic', 'vegetal', 'aldehydic', 'green vegetal', 'fatty']"
COC(=O)c1ccccc1N=CCC(C)CCC=C(C)C,"['fruity', 'fresh aldehydic', 'vegetal', 'aldehydic', 'green vegetal', 'fatty']"
CC(C)CCCC(C)CCOC(=O)Cc1ccccc1,['bush flower']
CC(C)C(=O)OC1CCC2CCCCC2C1,"['bush flower', 'floral', 'stone fruit', 'lactone']"
CC12CCCC3(CC1)C1(C)OC1CCC23C,"['animal', 'musky']"
CC(C)CCCCCCCCCCOC(CC(C)CCCC(C)(C)O)OCCCCCCCCCCC(C)C,"['garden flower', 'floral', 'dairy']"
CC1(C)CCC2OC23C(C)(C)C2CCC13C2,['fruity']
COC(C)OCCC(C)CCC=C(C)C,"['fresh', 'fruity', 'lemony']"
CC(C)C(=O)OC1CC2CC1C1CC=CC21,"['green vegetal', 'fatty', 'fresh', 'vegetal']"
CC(C)(C)C(=O)OC1CC2CC1C1CC=CC21,"['vegetal', 'green vegetal', 'fresh', 'stone fruit', 'lactone']"
CC(=O)OC(C)CC(C)(C)c1ccccc1,"['fruity', 'vegetal', 'citrus', 'green vegetal', 'fatty', 'sweet']"
CC(C)=CCCC1=CCCC(C#N)C1,"['chemical', 'fruity']"
CC1(C)CCCC2(C)C1CCC1(C)OCCC12,"['wood', 'animal', 'musky', 'vegetal', 'balsamic', 'phenolic', 'green vegetal', 'fresh', 'dry vegetal', 'resinous']"
CCCCC(CC)C1OCCO1,"['vegetable', 'sulphur', 'cruciferous', 'vegetal', 'mineral', 'metal', 'green vegetal', 'fresh', 'root', 'earthy']"
CC(O)CCC1C(C)CCCC1(C)C,"['animal', 'phenolic', 'garden flower']"
CC(=O)c1ccc2c(c1)C(C)(C)C(C)C2(C)C,"['animal', 'musky']"
CCCCCCOC(C)OC,"['green vegetal', 'fresh', 'vegetal']"
CC(=O)C1(C)CC2=C(CCCC2(C)C)CC1C,"['wood', 'vegetal', 'balsamic', 'resinous', 'sweet']"
CC(CCO)CCc1ccccc1,"['vegetal', 'honeyed', 'green vegetal', 'bush flower', 'garden flower', 'sweet']"
CC(CC=O)CCc1ccccc1,"['green vegetal', 'fatty', 'garden flower', 'floral', 'vegetal']"
CC(C)=CC1OCCC(C)O1,"['green vegetal', 'fresh', 'vegetal']"
CC(C)CC(=O)OC1C2(C)CCC(C2)C1(C)C,"['wood', 'phenolic', 'fresh', 'resinous', 'vegetal', 'woody']"
CCC(O)CCC1C(C)CCCC1(C)C,"['wood', 'vegetal', 'balsamic', 'resinous', 'sweet']"
CC(O)C(C)CC1C(C)CCCC1(C)C,"['wood', 'vegetal', 'balsamic', 'garden flower', 'resinous', 'sweet']"
CC(=O)OC(C)C(C)CC1C(C)CCCC1(C)C,"['green vegetal', 'floral', 'vegetal']"
CC1=CCOC(c2ccccc2)C1,"['vegetal', 'mineral', 'metal', 'green vegetal', 'fresh', 'bush flower', 'garden flower']"
CC1=C(C)C2(C)CCC1(C)C(C)(C)C2(C)O,"['vegetal', 'mint', 'chemical', 'phenolic', 'green vegetal', 'fresh', 'medicinal']"
CCC(C)CCC(C)(CC)OC(C)=O,['honeyed']
CCOC(=O)C(=O)OCCC(C)CCC=C(C)C,"['vegetal', 'green vegetal', 'fatty', 'bush flower', 'garden flower']"
CC(=O)OC1=CCC2C3CCC(C3)C12,"['wood', 'vegetal', 'phenolic', 'green vegetal', 'fresh', 'resinous']"
C=C(CC=O)CCC=C(C)C,"['fruity', 'fresh aldehydic', 'lemony', 'vegetal', 'citrus', 'green vegetal', 'fresh', 'fatty', 'bush flower']"
CC(=O)OCCCC1CCCCC1,"['chemical', 'solvent', 'fresh']"
COC(=O)OC1CCCCCCC1,['fatty']
CC(C)(C)c1cccc2ncccc12,"['phenolic', 'green vegetal', 'vegetal']"
COC(CC(C)CCCC(C)C)OC,"['floral', 'chemical', 'solvent', 'fresh', 'bush flower']"
CC1C=COC2(CCCCC2)C1,"['vegetal', 'chemical', 'phenolic', 'green vegetal', 'fresh', 'aromatic plant', 'medicinal']"
CCOC(=O)c1ccccc1NCC1CCC(C)=CC1C,"['green vegetal', 'vegetal']"
CC1=C2CC(C=O)C(C1)C(C(C)C)C2,"['metal', 'green vegetal', 'fresh', 'vegetal', 'mineral']"
CC(=O)C1CC2=C(C)CC1C(C(C)C)C2,['sweet']
CC1=CC2C(C#N)CC1CC2C(C)C,"['chemical', 'green vegetal', 'fresh', 'vegetal']"
CC(C=O)C(C)CC(C)(C)C,"['green vegetal', 'fatty', 'fruity', 'vegetal']"
CCC(C)CCCC(C)(C)OC(C)=O,"['bush flower', 'fruity', 'floral']"
C1CC2C3CC(C2C1)C1(CCCO1)C3,"['green vegetal', 'fruity', 'vegetal']"
CC(=O)C1CC(C)=CC(C)C1C,"['green vegetal', 'fresh', 'vegetal']"
CC1=CC(C)C(CO)C(C)C1,"['green vegetal', 'fresh', 'vegetal']"
CC(C)CCOC(Cc1ccccc1)OCCC(C)C,"['green vegetal', 'fresh', 'vegetal']"
C=CCOC(=O)CCCC(C)(C)CC,"['animal', 'bush flower', 'musky', 'floral']"
CC(C)Cc1ccc2ncccc2c1,"['animal', 'fruity', 'dried fruit', 'vegetal', 'phenolic', 'green vegetal', 'fresh', 'fatty', 'oleaginous']"
C=CCCCCCCCCOC(=O)CC,"['balsamic', 'bush flower', 'woody', 'sweet']"
CCCCCC#CC(=O)OCCC(C)C,"['green vegetal', 'fresh', 'garden flower', 'floral', 'vegetal']"
CC(=O)OC1CC2CC1C1CC=CC21,"['wood', 'vegetal', 'aldehydic', 'phenolic', 'green vegetal', 'fatty', 'fresh', 'resinous']"
CC(C)Cc1ccc(CC(C)C=O)cc1,"['vegetal', 'green vegetal', 'fatty', 'fresh', 'garden flower', 'woody', 'sweet']"
CC1=CCC(C(C)CC=O)CC1,"['green vegetal', 'fatty', 'fresh', 'fruity', 'vegetal']"
CC(C)CC1OC(=O)C2=CCCCC21,"['vegetal', 'aromatic plant', 'green vegetal']"
CC1(C)C2CCC1(C)C(OCCO)C2,"['wood', 'vegetal', 'phenolic', 'fresh', 'resinous', 'sweet']"
C=C(C)C1=C(C)C2(C)CC1CC2C(=O)OC,['fruity']
CC(CC#N)CCCC(C)(C)O,['garden flower']
C=C1C2CCC(C)(OCC)C1CCC2(C)C,"['floral', 'vegetal', 'balsamic', 'dry vegetal', 'garden flower', 'sweet']"
COC(=O)c1ccccc1N=CC1CCC(C)=CC1C,"['green vegetal', 'fatty', 'vegetal']"
CCC1=C(C)C(=O)CC(C)C1CC,"['garden flower', 'floral']"
CC1(C)C2CCC(C3CCC(O)CC3)C1(C)C2,"['wood', 'vegetal', 'sweet']"
CC1C(=O)CC23CC1C(C)(C)C2CCC3C,"['wood', 'resinous', 'vegetal']"
CC1CC(CC2C3CCC(C3)C2(C)C)CCC1=O,"['musky', 'balsamic', 'woody', 'sweet']"
CC1=CC2CC(C3OCCO3)C1CC2C(C)C,"['green vegetal', 'bush flower', 'fresh', 'vegetal']"
CC1CCC2OC23CCC2C(C2(C)C)C13C,"['balsamic', 'sweet']"
CC(C)C1=CCC(CCOC=O)=CC1,"['vegetal', 'green vegetal', 'fresh', 'aromatic plant']"
CC(C)=CCCC(C)CCOC(=O)c1ccccc1,['bush flower']
C=C(C)CCCC(C)CCOC(=O)c1ccccc1,['bush flower']
CC1=CC(OC=O)CC(C)C2CC(=C(C)C)CC12,"['wood', 'vegetal']"
CCC(=O)OC1C=C(C)C2CC(=C(C)C)CC2C(C)C1,"['wood', 'resinous', 'vegetal']"
CC1(C)C2CCC1C(C1CCCCC1O)C2,"['wood', 'fatty', 'dairy', 'vegetal']"
COC1=C(C)CC(C)C1=O,"['sweet', 'empyreumatic', 'cooked', 'cooked sugar']"
CC1=CC(C)C(C(=O)C(C)(C)C)CC1,"['citrus', 'fruity']"
CC1(C)CCCC2=C1CC(C=O)CC2,"['chemical', 'garden flower', 'woody', 'sweet']"
CC(C)(c1ccccc1)c1cc(-n2nc3ccccc3n2)c(O)c(C(C)(C)c2ccccc2)c1,"['bush flower', 'floral', 'red berry']"
CCC(C)=CCCC(C)=CC#N,"['fruity', 'lemony', 'mineral', 'metal', 'fresh']"
CC(C)C1OC(C)(C)OCC1(C)C,"['green vegetal', 'fresh', 'vegetal']"
C=CCCCCCCCCCOCCC#N,['tropical fruit']
CCOC(=O)CCCCCOC(C)=O,['red berry']
CC(C)C1CCC(C(C)O)CC1,"['bush flower', 'garden flower']"
C=C(C)C1CCC(C)CC1OC=O,"['vegetal', 'green vegetal', 'fresh', 'aromatic plant']"
CCCCCC1C(=O)CCC1C,"['oleaginous', 'dried fruit', 'vegetal', 'coumarin', 'balsamic', 'dry vegetal', 'fresh', 'fatty', 'tropical fruit', 'woody', 'lactone']"
CC(C)CC1CC(C)CCO1,"['vegetal', 'mineral', 'metal', 'green vegetal', 'fresh', 'bush flower', 'garden flower']"
CCC1CCC(=O)C1=O,"['empyreumatic', 'cooked', 'cooked sugar']"
C=C1CCCC(C)(C)C1CCC(C)=O,"['vegetal', 'balsamic', 'dry vegetal', 'garden flower', 'sweet']"
C=CCC(C=CCCCCC)OC(C)=O,"['green vegetal', 'fresh', 'vegetal']"
CCC1OCC2(CC=CCC2)CO1,['bush flower']
CCCC(O)CCC1C(C)CCCC1(C)C,"['balsamic', 'wood', 'floral', 'vegetal', 'sweet']"
C=CC(C)CCC=C(C)CCC=O,"['green vegetal', 'fatty', 'garden flower', 'vegetal']"
CC1=CCC(C)C(C)C12C=CC(C)O2,['black fruit']
CCC(=CCC(C)CCO)CC,"['green vegetal', 'fatty', 'garden flower', 'vegetal']"
CC1(C)C2CCC1(C)C(OC(=O)c1ccccc1)C2,"['wood', 'vegetal', 'phenolic', 'fresh', 'resinous', 'woody', 'sweet']"
CCCCCC1=CC(=O)CCC1,"['oleaginous', 'fruity', 'vegetal', 'coumarin', 'dried fruit', 'citrus', 'balsamic', 'dry vegetal', 'fresh', 'fatty', 'garden flower', 'tropical fruit', 'woody', 'sweet']"
Cc1cccc(CCCCCO)c1,"['bush flower', 'garden flower']"
CC1(C)C2CC=C(CCC=O)C1C2,"['wood', 'oleaginous', 'fruity', 'dried fruit', 'vegetal', 'phenolic', 'green vegetal', 'fatty', 'resinous', 'woody', 'sweet']"
CC1OCC(c2ccccc2)O1,['garden flower']
CC(C)C1CCC2CC(=O)CCC2C1,"['green vegetal', 'fresh', 'fruity', 'vegetal', 'citrus']"
CCOC(=O)C1=C(C)C=CCC1(C)C,"['fruit with pip', 'bush flower', 'fruity']"
C=C(OCC)C1C(C)(C)CC(=O)CC1(C)C,"['vegetal', 'balsamic', 'dry vegetal', 'sweet']"
CC1OC(C)C2Cc3ccccc3C2O1,"['fruity', 'vegetal', 'citrus', 'green vegetal', 'fresh', 'garden flower']"
COC(=O)C1C(C)=CCCC1(C)C,"['vegetal', 'mint', 'chemical', 'phenolic', 'green vegetal', 'fresh', 'medicinal']"
CC(C)C(=O)OCC1=CCC2CC1C2(C)C,"['wood', 'phenolic', 'fresh', 'resinous', 'vegetal']"
CC12CCC(C1)C(C)(C)C2(C)O,"['green vegetal', 'fresh', 'vegetal']"
OCC1CCC2C3CCC(C3)C12,"['vegetal', 'mint', 'chemical', 'phenolic', 'green vegetal', 'fresh', 'medicinal']"
C=C1CC(C)OC(c2ccccc2)C1,"['green vegetal', 'fresh', 'garden flower', 'vegetal']"
CC1CCC2C(C)(C)C3CC12CC1OC13C,"['wood', 'vegetal', 'balsamic', 'dry vegetal', 'sweet']"
CCCc1ncc(C)nc1C,"['fruity', 'empyreumatic', 'dried fruit', 'fatty', 'oleaginous']"
CC(C)(C)c1cnccn1,"['fruity', 'empyreumatic', 'dried fruit', 'vegetal', 'green vegetal', 'fatty', 'fresh', 'aromatic plant', 'oleaginous']"
CC1=CC=CC(C)(C)CC1=O,"['vegetal', 'green vegetal', 'fresh', 'aromatic plant']"
CSC(SC)SC,"['fermented', 'woody']"
COC(=O)CC1CCCCC1,"['honeyed', 'tropical fruit', 'sweet']"
CC=CCC(=O)OCCCC,"['floral', 'garden flower']"
CCC#CCCCCC,"['vegetable', 'fresh aldehydic', 'vegetal', 'aldehydic', 'green vegetal', 'fresh', 'fatty', 'cucurbitacea']"
COc1cc(CC=O)ccc1O,"['balsamic', 'woody', 'sweet']"
OCCCCCCCc1ccccc1,"['floral', 'bush flower']"
CCOc1cc(C=O)ccc1OC(C)=O,"['empyreumatic', 'cooked', 'dairy', 'floral', 'balsamic', 'woody', 'cooked sugar', 'sweet']"
CC(CC(C)(C)C#N)c1ccccc1,"['green vegetal', 'empyreumatic', 'fruity', 'vegetal']"
CCOC(=O)C12CCCC1C1CCC2C1,"['balsamic', 'chemical', 'alcoholic beverages', 'barrel aged alcohol', 'woody']"
C=C(C)C1CCC(C)=C1CC(C)(C)COC(=O)CC,['musky']
OCC1CC2CC1C1CCC(CO)C21,"['wood', 'animal', 'musky', 'vegetal', 'balsamic', 'woody']"
CCOC(=O)C(C)C1CCCCC1,"['fruit with pip', 'green vegetal', 'fresh', 'vegetal']"
CC1=CC2C(C(C)C)CCC(C)(O)C2CC1,"['honeyed', 'sweet']"
CC(=O)OCC1CCC2C3CCC(C3)C12,"['balsamic', 'wood', 'vegetal', 'sweet']"
O=CC1CCC2C3CCC(C3)C12,"['green vegetal', 'fatty', 'fruity', 'vegetal', 'peponide']"
CC1=CC(=O)C23CC1C(C)(C)C2CCC3C,"['wood', 'resinous', 'vegetal']"
C#CC1(OC(C)=O)CCCCC1C(C)CC,"['balsamic', 'sweet']"
COC1(C)CCCCCCCCCCC1,"['animal', 'musky', 'vegetal', 'balsamic', 'green vegetal', 'aromatic plant', 'sweet']"
CCCC1C2C=CC(C2)C1C=O,"['animal', 'green vegetal', 'fatty', 'fresh', 'vegetal']"
CC1CCC2C(C)(C)C3CC12CCC3(C)OC=O,"['wood', 'vegetal', 'balsamic', 'green vegetal', 'resinous', 'sweet']"
COC(C)(C)CCCC(C)C(C)O,"['wood', 'vegetal', 'aldehydic', 'green vegetal', 'fatty']"
COCOC1CCCCCCCCCCC1,"['wood', 'vegetal', 'balsamic', 'resinous', 'sweet']"
C=CC1(OC(C)=O)CCCCC1C(C)CC,"['animal', 'musky', 'balsamic', 'sweet']"
CCCCCCC1C(=O)CCC1C(=O)OC,"['green vegetal', 'fatty', 'vegetal']"
COC(=O)c1ccccc1N=Cc1ccccc1,"['nutty', 'dried fruit', 'red berry', 'bitter almond', 'fatty', 'oleaginous']"
CC(=O)c1scnc1C,"['fatty', 'empyreumatic', 'fruity', 'dried fruit', 'oleaginous']"
CCc1sc(C)nc1C,"['fatty', 'empyreumatic', 'fruity', 'dried fruit', 'oleaginous']"
c1nc2c(o1)CCCCCCCCCC2,"['green vegetal', 'fresh', 'vegetal']"
CC(=O)OCCCCCCC(C)C,['garden flower']
CC(C)=CCCC(C)CC(C)O,"['fresh', 'fruity', 'lemony']"
C=CC(C)(CCC1OC1(C)C)OC(C)=O,"['citrus', 'fruity', 'lemony']"
C=C(O)C(C)CCCC(C)C,"['wood', 'phenolic', 'fresh', 'resinous', 'vegetal']"
CC1CC2C3CCC(C3)C2CC1=O,"['wood', 'red berry', 'vegetal', 'phenolic', 'fresh', 'resinous']"
O=CCOCCc1ccccc1,"['green vegetal', 'bush flower', 'fresh', 'garden flower', 'floral', 'vegetal']"
CC(=O)C1C2CCC(C2)C1(C)C,"['fruity', 'vegetal', 'chemical', 'phenolic', 'green vegetal', 'fresh', 'aromatic plant', 'fruit with pip', 'medicinal']"
CCCC(C)C=Nc1ccccc1C(=O)OC,"['fruit with pip', 'green vegetal', 'fresh', 'vegetal']"
C#CCO.CCC(=O)CCC1C(C)=CCCC1(C)C,"['balsamic', 'metal', 'mineral', 'woody', 'sweet']"
CCCCCCCC(COC(C)=O)OC(C)=O,['garden flower']
CCC(C)C(=O)N(C)c1ccccc1,"['wood', 'fruity', 'vegetal', 'fatty', 'resinous']"
COC1CC2CC1C1CC(C=O)CC21,"['chemical', 'green vegetal', 'fatty', 'vegetal']"
CC1OCC2(CO1)CC1CCC2C1,"['green vegetal', 'fresh', 'aromatic plant', 'vegetal']"
CCOC(=O)OC1C(C)CCC(C)C1C,"['animal', 'phenolic', 'metal', 'bush flower', 'mineral']"
CCc1ccc(CC(C)(C)C#N)cc1,"['chemical', 'fresh']"
CCC(O)COC1CCCCC1C(C)(C)C,"['balsamic', 'animal', 'musky', 'sweet']"
CC1=CCC(CCC(C)CO)C1(C)C,"['wood', 'fruity', 'dried fruit', 'vegetal', 'fatty', 'oleaginous']"
COC(=O)C1OC1(C)C1CC2C=CC1C2,"['vegetal', 'green vegetal', 'fresh', 'bush flower', 'peponide']"
CCCCCCCCCCOCC=O,"['floral', 'bush flower']"
CCCCCCCCC=Nc1ccccc1C(=O)OC,"['green vegetal', 'fatty', 'bush flower', 'vegetal']"
CC1(C)CCCC2=C1CC(C#N)CC2,"['garden flower', 'fruity', 'floral']"
CCOC(=O)C1C(C)=C(C)CCC1(C)C,['bush flower']
CCCCC1COC2(CCCC2)O1,"['green vegetal', 'fresh', 'vegetal']"
CC(C)OCCOC(=O)c1ccccc1O,"['fruity', 'red berry', 'woody']"
CCCC(C)C1OCC(C)(CCC)CO1,"['green vegetal', 'fatty', 'vegetal']"
c1ccc(CCOC2CCCCC2)cc1,"['vegetal', 'red berry', 'mineral', 'metal', 'green vegetal', 'fresh', 'garden flower', 'woody', 'sweet']"
CC1(C)C2CC=C(CC=O)C1C2,"['wood', 'vegetal', 'phenolic', 'fresh', 'resinous']"
CC(C)CCCC(C)CC#N,"['fruity', 'lemony', 'vegetal', 'metal', 'mineral', 'green vegetal', 'fresh']"
C1CCCCCC2COCC2CCCC1,"['balsamic', 'sweet']"
CC(C)CC(C)CCCC(C)O,"['fermented', 'musty', 'vegetal', 'earthy', 'green vegetal', 'fresh', 'woody']"
CC1CC(C)(C)CC(=O)O1,"['fatty', 'fruity', 'dried fruit', 'oleaginous']"
CCC1OCC2(CO1)CC(C)=CCC2C,"['vegetal', 'aromatic plant', 'green vegetal']"
CCCCC(=O)C1=C(C)CCCC1(C)C,"['fruity', 'stone fruit', 'lactone']"
CCCCC1OC(=O)C2=C1CCC=C2,"['vegetal', 'aromatic plant', 'green vegetal']"
CC1=CC2C3CC(CC3O)C2C1C,"['vegetal', 'mint', 'chemical', 'phenolic', 'green vegetal', 'fresh', 'medicinal']"
COc1c(C=O)c(C)cc2c1C(C)(C)CCC2(C)C,"['animal', 'musky', 'floral']"
CCC12CCC(C1)C(C1(O)CCCCC1)C2,['garden flower']
CC(=O)OC1CC2CCC1(C)OC2(C)C,"['vegetal', 'green vegetal', 'aromatic plant']"
CCCC(=O)OC(C)(C)C1CCC(C)C2=C(C1)C(C)CC2,"['bush flower', 'fruity', 'floral', 'stone fruit', 'sweet']"
CC(=O)C1(C)CCC23CC1C(C)(C)C2CCC3C,"['vegetal', 'green vegetal']"
CC(C)OC(=O)CC1=CCCCC1,"['honeyed', 'bush flower', 'floral']"
CC1CCC2(CCC(=O)O2)CC1,"['oleaginous', 'fruity', 'dried fruit', 'vegetal', 'balsamic', 'dry vegetal', 'fresh', 'fatty', 'tropical fruit', 'stone fruit', 'woody', 'sweet']"
CC(=S)OC(C)(C)C1CCC(C)CC1=O,"['berry', 'black fruit']"
CC1(C=O)CC(C)(C)C2CCCC=C21,"['fruity', 'berry', 'black fruit']"
CC1=CCC(C(C)CC2CCCC2=O)CC1,"['oleaginous', 'dried fruit', 'vegetal', 'coumarin', 'balsamic', 'dry vegetal', 'fatty', 'fresh', 'tropical fruit', 'stone fruit', 'woody', 'sweet']"
Cc1cccc(CC(C)(C)CO)c1,"['green vegetal', 'fresh', 'garden flower', 'vegetal']"
C=C(C)C1=CC=C(C)CC1,"['wood', 'vegetal', 'mint', 'chemical', 'phenolic', 'green vegetal', 'fatty', 'fresh', 'resinous', 'medicinal']"
CCOC(=O)C1C(C=C(C)C)C1(C)C,"['chemical', 'alcoholic beverages', 'fermented', 'fermented drink']"
C=CC(=O)CC=CCC,"['fermented', 'floral', 'vegetal', 'mineral', 'metal', 'green vegetal', 'fresh', 'garden flower']"
C=CCC1(O)C(C)(C)CCCCC1(C)C,"['vegetal', 'mint', 'chemical', 'phenolic', 'green vegetal', 'fresh', 'medicinal']"
COc1ccc(C(=O)OCC(=O)O)cc1,['empyreumatic']
CC(=O)C1(C)CC2(O)OC(C)(C(C)=O)OC2(C)O1,"['fatty', 'empyreumatic', 'dairy']"
CC1(C)CCCC2(C)C3CCOC3CCC12,"['wood', 'animal', 'musky', 'vegetal', 'balsamic', 'phenolic', 'green vegetal', 'fresh', 'resinous', 'sweet']"
C=CC(O)CC=CCC,"['fermented', 'musty', 'floral', 'vegetal', 'mineral', 'metal', 'green vegetal', 'fresh', 'garden flower', 'woody']"
COC1CC2CCC1(C)C2(C)C,"['wood', 'vegetal', 'mint', 'chemical', 'phenolic', 'green vegetal', 'fresh', 'resinous', 'sweet', 'medicinal']"
CCOC(=O)CCC1(C)OCC(C)O1,"['sweet', 'fatty', 'empyreumatic', 'cooked', 'cooked sugar']"
CCC1(C)OCC(C)(C)C(C(C)C)O1,"['animal', 'vegetal', 'phenolic', 'green vegetal', 'fresh', 'aromatic plant']"
CC1CCC(C(C)(C)O)CC2=C1CCC2C,"['dry vegetal', 'bush flower', 'floral', 'vegetal']"
CCOC(=O)C1CCC(C(=O)OCC)CC1,"['red berry', 'chemical', 'solvent', 'fresh', 'fruit with pip']"
CC(=O)C(C)(C)c1ccccc1,"['floral', 'garden flower']"
O=COCCOc1ccccc1,"['floral', 'spicy', 'chemical', 'phenolic', 'woody', 'medicinal']"
CCC(=O)Oc1ccccc1OC,"['oleaginous', 'dried fruit', 'balsamic', 'fatty', 'woody', 'sweet']"
CCOC(=O)CCCO,"['sweet', 'empyreumatic', 'cooked', 'cooked sugar']"
CSCSCSC,['empyreumatic']
CC(C)=CCCC(C)=CC=CC(C)=CC=CC(C)=CC=CC=C(C)C=CC=C(C)C=CC=C(C)CCC=C(C)C,"['woody', 'sweet']"
CC(COC(=O)c1ccccc1)OC(=O)c1ccccc1,"['mineral', 'chemical', 'metal', 'solvent', 'fresh']"
CC(C=O)Cc1ccc(C(C)C)cc1,"['green vegetal', 'fermented', 'vegetal']"
CCOC(=O)C=CSC,"['alliaceous', 'vegetable', 'sulphur', 'vegetal']"
CCc1nc(C)c(CC)s1,"['fruity', 'dried fruit', 'vegetal', 'green vegetal', 'fatty', 'fresh', 'oleaginous']"
CC=C(O)C(C)=O,"['empyreumatic', 'cooked', 'dairy', 'sweet', 'cooked sugar']"
Cc1nccnc1C(C)C,['empyreumatic']
CCCC(O)CC(=O)OC,"['fatty', 'tropical fruit']"
CC1=CC2C(C(C)C)CCC(C)C2(O)CC1,"['green vegetal', 'dry vegetal', 'vegetal']"
CCOC(=O)C(O)C(C)C,"['red berry', 'vegetal', 'honeyed', 'dry vegetal', 'tropical fruit', 'sweet']"
C=CC(=O)CCCC,"['metal', 'mineral']"
CCC(C)c1cnc(C)c(C)n1,['empyreumatic']
CCOc1nccnc1CC,"['vegetable', 'vegetal']"
CCC(C)C(O)C(=O)OC,"['sweet', 'empyreumatic', 'cooked', 'cooked sugar']"
CC(=O)OC(C)C(C)=O,"['fruit with pip', 'fatty', 'tropical fruit', 'dairy']"
CC1=CCC(C(C)C)CC1=O,"['vegetal', 'green vegetal', 'fresh', 'aromatic plant']"
CCC(=O)C(C)O,"['fatty', 'fruity', 'dried fruit', 'oleaginous']"
CCC(=O)SC,"['sulphur', 'vegetal']"
Cc1ccc(CS)o1,['empyreumatic']
C=CC1(C)CCCC(C)(C)O1,"['fruity', 'vegetal', 'chemical', 'phenolic', 'green vegetal', 'aromatic plant', 'medicinal']"
CC1=CCC(C(C)(C)OC(=O)C(C)C)CC1,"['fruity', 'lemony', 'vegetal', 'citrus', 'green vegetal', 'fresh']"
CCCCCCCCCOC(=O)CCCCCCCC,"['vegetal', 'citrus', 'green vegetal', 'fatty', 'bush flower']"
CC12C=CC(CC1)C(C)(C)O2,"['fruity', 'vegetal', 'lemony', 'citrus', 'green vegetal', 'fresh', 'aromatic plant']"
C=C(C)C1CCC(=C)C(OC(C)=O)C1,"['vegetal', 'green vegetal', 'fresh', 'aromatic plant']"
CC1CCSC(C)S1,"['vegetable', 'vegetal', 'sulphur']"
CC1=C(S)CCO1,['empyreumatic']
CC(=O)c1ccc2n1CCC2,"['empyreumatic', 'fresh aldehydic', 'vegetal', 'aldehydic', 'chemical', 'phenolic', 'green vegetal', 'fresh', 'fatty', 'dry vegetal', 'smoked']"
CSc1ccoc1C,"['vegetable', 'fermented', 'empyreumatic', 'dairy', 'vegetal', 'green vegetal', 'fresh', 'aromatic plant', 'sulphur']"
CC1=NCSC1,"['alliaceous', 'vegetable', 'sulphur', 'vegetal']"
CC(=O)C1=CSCCN1,"['fatty', 'empyreumatic', 'pyrazic', 'fruity', 'dried fruit', 'oleaginous']"
Cc1occ2c1SCC2,"['phenolic', 'empyreumatic', 'smoked']"
CCCCCC1CCOC(CCCCC)O1,"['green vegetal', 'fresh', 'vegetal']"
CCCCC1OC1C=CC=O,"['metal', 'mineral']"
C=C(C)C1C=CC(C)=CC1,['empyreumatic']
CCC(S)C(C)C=O,"['vegetable', 'empyreumatic', 'vegetal', 'sulphur']"
CC(C)(S)CC=O,"['dairy', 'fermented']"
CCCCCC(S)CC=O,"['green vegetal', 'fresh', 'vegetal']"
CCCC(S)CC=O,"['vegetable', 'vegetal', 'alliaceous', 'green vegetal', 'fresh', 'sulphur']"
CC(=O)c1cncc(C)n1,"['empyreumatic', 'pyrazic', 'malt']"
Cc1ncc(CC(C)C)nc1C,"['fruity', 'dried fruit', 'vegetal', 'green vegetal', 'fatty', 'fresh', 'oleaginous']"
CC1=C(O)C(=O)C(C)(C)C1,"['empyreumatic', 'cooked', 'cooked sugar']"
CC1=C(O)C(=O)C(C)C1C,"['empyreumatic', 'cooked', 'cooked sugar']"
CC1NC(C(C)C)SC(C)S1,"['vegetable', 'sulphur', 'empyreumatic', 'fruity', 'dried fruit', 'vegetal', 'roasted', 'alliaceous', 'fatty', 'malt', 'oleaginous']"
CCC(=O)C1=NCCC1,['empyreumatic']
CCCC(=O)OC(C)C(C)=O,"['fatty', 'fermented', 'dairy']"
CC(=O)c1cc(C(C)C)ccn1,"['fresh aldehydic', 'floral', 'vegetal', 'aldehydic', 'green vegetal', 'fresh', 'fatty', 'garden flower']"
C=C(C)c1ccnc(CC)c1,"['fatty', 'fruity', 'dried fruit', 'oleaginous']"
CCC1SSSC(CC)S1,['empyreumatic']
CCCSS(=O)(=O)CCC,"['vegetable', 'empyreumatic', 'sulphur', 'vegetal']"
CCCCCC(=O)C(C)C(C)=O,"['sweet', 'dry vegetal', 'empyreumatic', 'cooked', 'vegetal', 'cooked sugar']"
CCCC(C)OC(=O)CC(C)C,"['metal', 'fruit with pip', 'mineral', 'sweet']"
CC1(C)CCCC2(O)C(C)(C)C3CCC12C3,"['green vegetal', 'fresh', 'vegetal', 'sweet']"
C=CCCCC=CCOC,"['green vegetal', 'fresh', 'garden flower', 'floral', 'vegetal']"
CCCS(=O)OC,"['alliaceous', 'vegetable', 'sulphur', 'vegetal']"
COc1cc(C=O)ccc1OC(=O)C(C)C,"['empyreumatic', 'cooked', 'dairy', 'cocoa', 'roasted', 'balsamic', 'malt', 'woody', 'milky', 'cooked sugar']"
C=CCCC(=O)OC,"['green vegetal', 'fresh', 'vegetal']"
CC1CCC(=O)OC1C,"['vegetal', 'green vegetal', 'fresh', 'aromatic plant']"
CCCCCCCOCCCCCC,"['green vegetal', 'fresh', 'garden flower', 'floral', 'vegetal']"
C=CC(CCCCC)OC(=O)CC,"['fermented', 'musty', 'woody', 'earthy']"
CCC1NC(CC)SC(CC)S1,"['vegetable', 'empyreumatic', 'vegetal', 'sulphur']"
COC(=O)CC(C)SC,['empyreumatic']
CC1CCOC(C)(C)S1,"['green vegetal', 'fresh', 'vegetal']"
CCOC(=O)CC(C)CCC=C(C)C,"['bush flower', 'floral']"
CC1=C(O)C(=O)CC(C)(C)C1,"['fruity', 'floral', 'vegetal', 'dried fruit', 'dry vegetal', 'fatty', 'oleaginous']"
CCOC(=O)CC(=O)OCc1ccccc1,"['fermented', 'floral', 'fermented drink', 'chemical', 'fruit with pip', 'alcoholic beverages']"
CCCCc1cscn1,"['vegetal', 'green vegetal', 'fresh', 'aromatic plant']"
CCOC(=O)C1(CC)OC1(C)c1ccccc1,['red berry']
CC(C)C(=O)OC(C)c1ccccc1,"['green vegetal', 'fresh', 'vegetal']"
C=C1CCC(C(C)(C)OC(=O)c2ccccc2)CC1,['sweet']
Cc1nc(CC(C)C)oc1C,['empyreumatic']
Cc1cnc(CC(C)C)s1,"['dried fruit', 'vegetal', 'green vegetal', 'fatty', 'fresh', 'oleaginous']"
COc1nccs1,"['sweet', 'empyreumatic', 'cooked', 'cooked sugar']"
O=C(O)C=Cc1ccc(O)cc1,"['woody', 'sweet']"
O=C(C=Cc1ccccc1)c1ccccc1,"['woody', 'sweet']"
Cc1ccc2c(c1)OC(=O)C2C,"['oleaginous', 'fruity', 'dried fruit', 'vegetal', 'coumarin', 'balsamic', 'dry vegetal', 'fresh', 'fatty', 'tropical fruit', 'woody', 'sweet', 'lactone']"
Cc1ccc(C(C)CC=O)o1,"['fresh aldehydic', 'vegetal', 'aldehydic', 'green vegetal', 'fresh', 'cucurbitacea']"
C=CC(C)=CCC1C(C)(O)CCC2C(C)(C)CCCC21C,['sweet']
COc1ccccc1OC(=O)C(C)C,"['fatty', 'dried fruit', 'oleaginous']"
CC=Cc1ccc(O)c(OC)c1,"['chemical', 'medicinal']"
CC1=CCC(CC=O)C1(C)C,"['balsamic', 'green vegetal', 'fresh', 'vegetal', 'sweet']"
S=c1nccc[nH]1,"['alliaceous', 'vegetable', 'sulphur', 'vegetal']"
CC(C)C=CC(=O)CC(C)C,"['floral', 'garden flower']"
CC(C)=CCCC(C)=CC1OCCO1,"['fruity', 'lemony']"
C=C(C)c1ccc(O)c(OC)c1,"['chemical', 'phenolic', 'medicinal']"
CCCC(CCOC(C)=O)SC(C)=O,"['empyreumatic', 'vegetal', 'mineral', 'alliaceous', 'metal', 'green vegetal', 'fresh', 'sulphur', 'stone fruit', 'lactone']"
CC(=O)OC=C(C)c1ccccc1,"['honeyed', 'garden flower']"
CC(CCCC(C)(C)O)CC1OCC(C)O1,"['green vegetal', 'fresh', 'garden flower', 'vegetal']"
COC1(C)CCC(C(C)(C)OC)CC1,"['fermented', 'vegetal', 'green vegetal', 'fresh', 'aromatic plant']"
CCNC(=O)C(CC)(C(C)C)C(C)C,"['vegetal', 'green vegetal', 'fresh', 'aromatic plant']"
CCCC(=O)C(S)CC,"['fruity', 'vegetal', 'berry', 'citrus', 'green vegetal', 'fresh', 'black fruit']"
CC(C)CC1CC(C)(O)CCO1,['garden flower']
C=CCC(O)C=CCCCCC,"['fermented', 'musty', 'vegetal', 'green vegetal', 'fresh', 'woody']"
CC1=NC(C(C)C)SC1,"['empyreumatic', 'dairy', 'roasted', 'malt', 'milky']"
CCCCCCCCC(C)C#N,['stone fruit']
C=C(C)CC(C)OC(=O)C(C)C,['garden flower']
CCCCCC1CCCC1O,"['vegetal', 'dry vegetal']"
C=C(C)C1CCC(C)(C(=O)C2CCCC2=O)C1=C,"['wood', 'resinous', 'vegetal']"
C=CC(C)(CC=C(C)C)C(C)O,"['floral', 'bush flower']"
CC(CO)CC(C)c1ccccc1,"['green vegetal', 'fresh', 'fruity', 'vegetal']"
COC(=O)c1ccccc1N=CC1CC=C(CCC=C(C)C)CC1,"['green vegetal', 'garden flower', 'floral', 'vegetal']"
C=CCOc1ccc(C)cc1C,"['floral', 'garden flower']"
Cc1scnc1CCOC(=O)C(C)C,"['fatty', 'empyreumatic', 'fruity', 'dried fruit', 'oleaginous']"
CC(C)C(=O)OCCCC1CCCCC1,"['metal', 'green vegetal', 'fresh', 'vegetal', 'mineral']"
CCCC(=O)OCCCC1CCCCC1,"['green vegetal', 'fresh', 'vegetal']"
CC1CCOC(c2ccccc2)C1,"['green vegetal', 'bush flower', 'vegetal']"
CC(C)C(=O)[O-].CCOc1cc(C=O)ccc1O,"['cooked', 'dairy', 'roasted', 'cooked sugar', 'empyreumatic', 'cocoa', 'balsamic', 'chemical', 'alcoholic beverages', 'barrel aged alcohol', 'malt', 'woody']"
CC(C)=CCCC(C)CC#N,"['vegetal', 'lemony', 'metal', 'mineral', 'green vegetal']"
COC(=O)c1ccccc1N=CC(C)Cc1ccc(OC)cc1,"['green vegetal', 'fresh', 'bush flower', 'vegetal']"
COC(=O)c1ccccc1NC=C1CCC(C)=CC1C,"['green vegetal', 'vegetal']"
CCC(=O)OC1C=CC2C3CCC(C3)C12,"['green vegetal', 'fatty', 'fresh', 'vegetal']"
CC1(C)CCC=C2CC(C=O)CCC21,"['fruity', 'vegetal', 'green vegetal', 'garden flower', 'peponide']"
CCC1OC=C(CO)C1=O,"['sweet', 'empyreumatic', 'cooked', 'cooked sugar']"
C=C1CCC2C13CCC(C)C(C3)C2(C)C,"['wood', 'resinous', 'vegetal']"
CC#CC#CCc1ccccc1,['fresh']
CC1=CC(O)CC(C)C12CCC(=C(C)C)C2,"['wood', 'vegetal']"
CC(=O)OCC1CCC=C(CCC=C(C)C)C1,"['green vegetal', 'garden flower', 'fruity', 'vegetal']"
CC1CC2CC(C)(C)COC2CC1C,"['citrus', 'fruity']"
CCOc1ccc(C(OCC)OCC)cc1OC,"['balsamic', 'woody', 'sweet']"
CC(=O)CC1CCC2C(C1)C(C)CC2(C)C,"['dry vegetal', 'green vegetal', 'vegetal']"
COCCOc1ccc(C)cc1,"['green vegetal', 'fruity', 'vegetal', 'peponide']"
O=C1CCCCCCCCCCC(=O)OCCC1,"['animal', 'musky']"
SCCN1CCSC1,"['empyreumatic', 'fruity', 'dried fruit', 'fatty', 'pyrazic', 'oleaginous']"
CC1(C)C2CCC1(C)C(OC(=O)Cc1ccccc1)C2,"['woody', 'sweet']"
CCC(=O)OCCCC1CCCCC1,"['green vegetal', 'vegetal']"
CC1(C)CC(=O)C2OC2(C)C1=O,"['vegetal', 'mint', 'chemical', 'phenolic', 'green vegetal', 'fresh', 'medicinal']"
COC(=O)c1ccccc1N=CC(C)Cc1ccc2c(c1)OCO2,"['chemical', 'green vegetal', 'vegetal']"
CC(C)CC(=O)C(=O)[O-].[Na+],"['dairy', 'fatty']"
O=C1COc2ccccc2O1,"['vegetal', 'balsamic', 'dry vegetal', 'fresh', 'green vegetal', 'woody', 'sweet', 'lactone']"
CCCCCCOCC#N,['garden flower']
CC1=CCC2(CC1)COC(C)OC2,"['green vegetal', 'fresh', 'vegetal']"
CCCCCCOC(=O)C=CC(=O)OCCCCCC,"['green vegetal', 'vegetal']"
CCCCCCCCOC(=O)C=Cc1ccccc1,"['chemical', 'phenolic', 'medicinal', 'woody', 'sweet', 'spicy']"
CC=C(C)COC(=O)C(C)=CC,"['fermented', 'musty', 'vegetal', 'earthy', 'green vegetal', 'fresh', 'woody']"
CC(C)=CCCC(C)=CCc1cc2ccc(=O)oc2cc1O,"['floral', 'garden flower']"
CCCCCCCCC=CCCCCCCCC(=O)OCCOCC(OCCO)C1OCC(OCCO)C1OCCO,"['chemical', 'phenolic', 'solvent', 'fresh', 'medicinal']"
CCCC=C(C)C(=O)O,"['dairy', 'fermented']"
O=C(O)CCCCCC=CCCCCCCCCO,"['balsamic', 'woody', 'sweet']"
CCCCC=CCCCCO,['bush flower']
CC=CCCC=O,"['green vegetal', 'fresh', 'vegetal']"
CCCCCCC=CCCC=O,"['green vegetal', 'fruity', 'vegetal']"
CC1=CC2C(CCC(C)=CCC1)C2(C)C,"['green vegetal', 'fresh', 'vegetal']"
CC(=O)c1nc(C)cs1,['empyreumatic']
C=CC(C)(O)CCC=C(C)CCCC=CC(=C)C,['sweet']
CCC=CCC=CCC=O,"['vegetable', 'fresh aldehydic', 'vegetal', 'aldehydic', 'green vegetal', 'fresh', 'cucurbitacea']"
CCCC=CCCCOC(C)=O,['fruit with pip']
CCC=CCCCCOC(=O)CC(C)C,"['tropical fruit', 'peponide']"
CCC=CCCCCOC(C)=O,"['green vegetal', 'fresh', 'tropical fruit', 'vegetal', 'peponide']"
CCCCCCc1ccc(C=CC(OC)OC)cc1,"['green vegetal', 'vegetal']"
C=CCc1ccc(OC(=O)C=Cc2ccccc2)c(OC)c1,"['spicy', 'chemical', 'phenolic', 'woody', 'medicinal']"
CCCCC=CCCCC(=O)O,"['green vegetal', 'fresh', 'dairy', 'vegetal']"
CC1CCC(C(C)C)C(OCC(O)CO)C1,"['vegetal', 'green vegetal', 'fresh', 'aromatic plant']"
O=C1CCCC=CCCCCCCCCCC1,"['animal', 'musky', 'floral', 'balsamic', 'woody', 'sweet']"
O=C1CCCCCCC=CCCCCCCC1,"['dry vegetal', 'musky', 'vegetal', 'woody', 'sweet']"
CC=C(C)CSC,['empyreumatic']
CCCCCCCCC=CCOC(C)=O,"['floral', 'bush flower']"
CCC=CCCOC,"['vegetal', 'fruit with pip', 'green vegetal']"
CC=C(C)C(C)=O,['animal']
COCC=C(C)CCC=C(C)C,['bush flower']
CC(C)=CCCC(C)=CCCC=O,"['chemical', 'green vegetal', 'fatty', 'fruity', 'vegetal']"
CC=CC(=O)OC1CCCCC1,"['green vegetal', 'fresh', 'vegetal']"
CCOC(C)OCC=C(C)CCC=C(C)C,"['empyreumatic', 'cooked', 'dairy', 'balsamic', 'woody', 'cooked sugar']"
C=CC=CC=CCC,"['green vegetal', 'fresh', 'vegetal']"
CCC=CCCOC(=O)C#CCCCCCC,"['green vegetal', 'fresh', 'vegetal']"
CCC=CCCOC(=O)C=CCCC,"['fresh aldehydic', 'vegetal', 'aldehydic', 'fruit with pip', 'fresh', 'green vegetal', 'fatty']"
CCC=CCCOC(=O)C#CCCCCC,"['green vegetal', 'fresh', 'garden flower', 'floral', 'vegetal']"
CCCC=CCC1CCCC1=O,"['oleaginous', 'fruity', 'vegetal', 'coumarin', 'dried fruit', 'balsamic', 'dry vegetal', 'fatty', 'fresh', 'tropical fruit', 'woody', 'sweet', 'lactone']"
CC(C=O)=CCC1=C(C)CCCC1(C)C,"['fruity', 'vegetal', 'dried fruit', 'green vegetal', 'dry vegetal', 'fatty', 'garden flower', 'oleaginous']"
CC1=CCCC(C)(C)C1C=CC(=O)C(C)C,['garden flower']
CC(=O)OC=Cc1ccccc1,"['balsamic', 'chemical', 'alcoholic beverages', 'barrel aged alcohol', 'woody']"
COC(=O)OC1CCC=CCCC1,"['vegetal', 'green vegetal', 'fresh', 'garden flower', 'tropical fruit']"
C=CC(C)(C#N)Cc1ccccc1,"['green vegetal', 'fatty', 'fresh', 'vegetal']"
CCOC(=O)CC(=CC(=O)[O-])C(=O)[O-],"['chemical', 'alcoholic beverages', 'fermented', 'floral', 'fermented drink']"
CC1(C)CCCCC1(C)O,"['green vegetal', 'dry vegetal', 'vegetal']"
CCC(=O)C=CC1C(C)C=CCC1(C)C,"['animal', 'musky']"
COC(=O)C1OC1(C)C=CC1C(C)=CCCC1(C)C,['red berry']
CC(C)=CCCC(C)=CCOC(=O)C=Cc1ccccc1,"['bush flower', 'floral', 'woody', 'sweet']"
CC1CCOC(C=Cc2ccccc2)O1,"['chemical', 'phenolic', 'woody', 'medicinal']"
C1=CC2COCC2CCCCCCCC1,['musky']
CC(=O)C=CC1C(C)C=C(C)CC1C,['garden flower']
O=C1CCC=CCCCCCCCCCC1,"['musky', 'floral']"
CCC=C(C)COC(C)=O,"['fruit with pip', 'tropical fruit', 'peponide']"
CCOC(C)C=CC1C(C)=CCCC1(C)C,"['chemical', 'solvent', 'fresh']"
CCCCC=CCOC(=O)CC(C)C,"['green vegetal', 'fresh', 'vegetal']"
CCC=CCCOC(CC)OC,"['green vegetal', 'vegetal']"
CCCC=CCOC(=O)CC1CCCC1,['fruit with pip']
CC(=O)C=CCC(C)CCCC(C)C,['bush flower']
CC(=Cc1ccccc1)CO,['woody']
C=CCCCC(=O)OCC,['tropical fruit']
COc1ccc(CC2CC2)cc1,['fresh']
CCCCCC1OC1C=CC=O,"['fruity', 'vegetal', 'mineral', 'metal', 'green vegetal', 'fatty', 'fresh']"
CC1=CC2OC(=O)C(C)C2CC1,"['oleaginous', 'fruity', 'dried fruit', 'vegetal', 'coumarin', 'balsamic', 'dry vegetal', 'fresh', 'fatty', 'tropical fruit', 'lactone']"
CC1=CCC(C(C)(C)S)CC1,"['vegetable', 'fruity', 'vegetal', 'sulphur']"
CC1(O)CCC2CC1C2(C)C,"['wood', 'vegetal', 'mint', 'chemical', 'phenolic', 'green vegetal', 'fresh', 'resinous', 'medicinal']"
C=C1C2CCC(=O)C23CCC(C3)C1(C)C,"['vegetal', 'green vegetal']"
CCCCCC(O)C(C)=O,"['fatty', 'fruity', 'dried fruit', 'oleaginous']"
CC1=C(O)C(=O)CC1(C)C,['empyreumatic']
CC(=O)C=Cc1c(C)ccc(C)c1C,"['green vegetal', 'fresh', 'vegetal']"
Cc1ccoc1CC1OC1(C)C,"['green vegetal', 'fresh', 'fruity', 'vegetal']"
CC1=CCC2(O)CC1C2(C)C,['fermented']
CC(C)=CCC=C(C)CC=O,"['green vegetal', 'fresh', 'vegetal']"
CC(=O)C(O)Cc1ccccc1,['dairy']
CC(=O)C1=CCCN1,"['fatty', 'empyreumatic', 'fruity', 'dried fruit', 'oleaginous']"
C=C(CCC=C(C)C)C1CC=C(C=O)CC1,"['green vegetal', 'fresh', 'vegetal']"
C=Cc1ncc(C)nc1C,['fermented']
CC(C)=CCCC1(C)C2CC=C(C)C1C2,"['vegetal', 'dry vegetal']"
CC(O)CC(C)(C)S,"['fruity', 'lemony', 'citrus', 'fresh']"
CSCC(C)=O,"['peponide', 'fruity']"
CCC(S)C(C)CO,"['alliaceous', 'vegetable', 'sulphur', 'vegetal']"
C=CC1(C)OC(C)(C)CCC1O,"['green vegetal', 'fresh', 'fruity', 'vegetal']"
O=C1CCCCCC=CCCCCCCCC1,"['animal', 'musky']"
C=CC(C)=CCC(C)(C)C(=NO)C(C)C,"['fruity', 'vegetal', 'berry', 'citrus', 'green vegetal', 'fresh', 'bush flower', 'black fruit']"
CCCCCC(C=O)=Cc1ccc(C)cc1,"['green vegetal', 'fresh', 'fruity', 'vegetal']"
CC(=O)C=CC1=CCCC(C)C1(C)C,['garden flower']
C=C1CCCC(C)(C)C1CCC(C)=CCCC1C(C)(O)CCC2C(C)(C)CCCC21C,"['balsamic', 'sweet']"
C=CC(C)(O)CCC=C(C)CC,"['fruity', 'lemony', 'vegetal', 'citrus', 'green vegetal', 'bush flower']"
CC(C)CC=C(CO)C(C)C,"['vegetal', 'green vegetal', 'aromatic plant']"
CC(=O)OCC(=CCC(C)C)C(C)C,"['vegetal', 'green vegetal', 'aromatic plant']"
CC(C)=CCCC(C)=CC(=O)OCCC(C)C,"['fruity', 'lemony', 'vegetal', 'citrus', 'honeyed', 'dry vegetal', 'fresh', 'bush flower', 'sweet']"
CC=CC=CC=CC=CCCCCCCO,"['wood', 'vegetal']"
O=CC(=Cc1ccco1)c1ccccc1,['fruity']
O=C1CCCCCCCCCCC=CCCO1,"['animal', 'musky']"
CC(C)=CCCC(C)=CCOC(=O)C(C)=C(C)C,"['floral', 'balsamic', 'chemical', 'bush flower', 'alcoholic beverages', 'barrel aged alcohol', 'woody']"
CC1=CCCC2(C)OC2CCC(C)=CCC1,"['balsamic', 'sweet']"
CC(=O)C(C)=CCC1CC=C(C)C1(C)C,"['wood', 'garden flower', 'vegetal']"
CCOC(C)C=CC1=C(C)CCCC1(C)C,"['wood', 'red berry', 'vegetal', 'resinous', 'stone fruit', 'lactone']"
CC=C(C)C(=O)OCCC(C)CC,"['green vegetal', 'aromatic plant', 'garden flower', 'vegetal']"
COC(=O)c1ccccc1N=CC=C(C)CCC=C(C)C,['lemony']
CCCCCCCCC(=O)OCC=C(C)CCC=C(C)C,"['green vegetal', 'bush flower', 'fresh', 'garden flower', 'vegetal']"
CCCC(=O)OCC(C)=CCCC1(C)C2CC3C(C2)C31C,"['oleaginous', 'floral', 'dried fruit', 'bush flower', 'fatty', 'sweet']"
CCC(O)C(C)=CC1(C)CC2C=CC1C2,"['wood', 'vegetal']"
CC=CC(=O)OC(C)C1CCCCC1,"['fruit with pip', 'green vegetal', 'fresh', 'vegetal', 'sweet']"
CC=CC(=O)OC1CCCC1C1CCCC1,"['bush flower', 'garden flower', 'stone fruit', 'lactone']"
CCC=CCC(OC)OC,['fruit with pip']
CC(=CCC1CC=C(C)C1(C)C)C(C)O,"['wood', 'fatty', 'floral', 'vegetal']"
CC(C=O)=CCC1C(C)=CCCC1(C)C,"['fruity', 'floral', 'vegetal', 'dried fruit', 'dry vegetal', 'fatty', 'garden flower', 'oleaginous']"
CCC(=O)C(C)=CC1C(C)CC=CC1(C)C,"['garden flower', 'fruity', 'floral']"
CCC=CCCOCC=O,"['chemical', 'green vegetal', 'fatty', 'fruity', 'vegetal']"
CCC=CCCCCC(OC)OC,"['vegetable', 'fresh aldehydic', 'vegetal', 'aldehydic', 'green vegetal', 'fresh', 'fatty', 'cucurbitacea', 'peponide']"
C=CCCCCCCCCC(=O)OCC=C(C)CCC=C(C)C,"['green vegetal', 'bush flower', 'vegetal']"
CC(C)=CCCC(C)CCOC(=O)C=Cc1ccccc1,"['spicy', 'chemical', 'phenolic', 'bush flower', 'woody', 'medicinal']"
CC=C1CC2CC1C1CCC(=O)OC21,"['vegetal', 'green vegetal', 'fresh', 'dry vegetal']"
CCC=CCCC=CC#N,"['green vegetal', 'fresh', 'vegetal']"
CC1=CCCC(C)(C)C1C=CC(=O)CC(C)C,"['vegetal', 'green vegetal']"
CCC(C)(O)CCC=C(C)CCC=C(C)CCC=C(C)C,"['woody', 'sweet']"
CCCC=CCC1CCCC1O,"['green vegetal', 'fresh', 'tropical fruit', 'vegetal']"
CC(=O)C1CCC(C)=CCCC(C)=CCC=C1C,"['animal', 'musky', 'vegetal', 'balsamic', 'green vegetal', 'dry vegetal', 'sweet']"
CCCCCCC=CC#N,"['green vegetal', 'fresh', 'garden flower', 'floral', 'vegetal']"
CC(=CCC1CC=C(C)C1(C)C)CO,"['wood', 'animal', 'musky', 'dairy', 'vegetal']"
O=CCCC=C1CC2CC1C1CCCC21,"['green vegetal', 'fatty', 'garden flower', 'vegetal']"
C=C(C)CCCC(C)=CCC(C)C=O,"['green vegetal', 'fatty', 'vegetal']"
CC(=O)C=C1CCC2C13CCC(C)C(C3)C2(C)C,"['balsamic', 'animal', 'musky', 'sweet']"
CC=CC(=O)OC(C)CC(C)C,"['fruit with pip', 'stone fruit']"
CC(C)=CCCC(C)=CCCc1ccncc1,"['metal', 'fatty', 'dairy', 'mineral']"
CCC=C(C)C(O)CCCCC,"['floral', 'vegetal', 'green vegetal', 'fatty', 'fresh', 'garden flower']"
CC(=CCC(C)C=O)C(C)C,"['chemical', 'green vegetal', 'fruity', 'vegetal', 'peponide']"
CCC(=O)C(C)=CC1C(C)=CCCC1(C)C,['garden flower']
CC1(C)CC=CCCC=CCCC2OC21C,"['wood', 'floral', 'vegetal', 'balsamic', 'resinous']"
CCC=CCCOC(=O)C(C)=CCC,"['metal', 'green vegetal', 'vegetal', 'mineral']"
CCCC=CCCCCC(=O)OC(CCCC)CCCCC(=O)O,"['dairy', 'vegetal', 'green vegetal', 'fresh', 'stone fruit']"
CC(C)=CCCC(C)=CCOCC=C(C)CCC=C(C)C,"['woody', 'sweet']"
COC(=O)c1ccccc1N=CC=Cc1ccccc1,"['chemical', 'phenolic', 'woody', 'medicinal']"
CC(=O)OCC(C)=CCCC1(C)C2CC3C(C2)C31C,"['wood', 'floral', 'vegetal']"
CCCCCCC(=O)OCC=C(C)CCC=C(C)C,"['fermented', 'fermented drink', 'balsamic', 'chemical', 'alcoholic beverages', 'barrel aged alcohol', 'woody', 'sweet']"
C=CCCCCCCCC=CCC#N,"['green vegetal', 'fatty', 'fruity', 'vegetal']"
CCC(C=CC1=C(C)CCCC1(C)C)OC(C)=O,"['fruity', 'red berry']"
Cc1ccccc1C(O)O.OCC(O)CO,"['nutty', 'dried fruit', 'sweet', 'bitter almond', 'fatty', 'oleaginous']"
CC(C)C1CCC2(CCC(=O)O2)CC1,"['green vegetal', 'aromatic plant', 'vegetal']"
COc1cc(C=O)ccc1OC1OC(CO)C(O)C(O)C1O,"['balsamic', 'woody', 'sweet']"
CCOc1cc(COC)ccc1O,"['empyreumatic', 'chemical', 'phenolic', 'medicinal']"
C=CCCC(=O)C1CCCC(C)(C)C1,"['vegetal', 'green vegetal', 'fresh', 'tropical fruit', 'woody', 'sweet']"
CC1=CCC(=C(C)CCC=O)CC1,['garden flower']
CC1CCc2nccnc21,"['vegetable', 'empyreumatic', 'fruity', 'dried fruit', 'vegetal', 'fatty', 'oleaginous']"
C[NH+]1CCN(c2ccc(CO)cc2)CC1,"['fruity', 'dried fruit', 'sweet', 'bitter almond', 'fatty', 'oleaginous']"
CC1OC(C)C(=O)C1=O,"['sweet', 'empyreumatic', 'cooked', 'cooked sugar']"
CSCCC(N)C(=O)NCC(=O)O,"['dairy', 'fermented']"
CC1=[NH+]C(C)OC1C,"['oleaginous', 'fermented', 'empyreumatic', 'fruity', 'cooked', 'dried fruit', 'vegetal', 'roasted', 'fatty', 'malt', 'cooked sugar', 'sweet']"
CC(C)(C)C1CCCCC1=O,"['floral', 'vegetal', 'chemical', 'phenolic', 'green vegetal', 'fresh', 'aromatic plant', 'garden flower', 'medicinal']"
CCCCCCC(C)=NO,"['green vegetal', 'vegetal']"
CCCC(C)(S)CCO,"['vegetable', 'fruity', 'vegetal', 'berry', 'alliaceous', 'sulphur', 'black fruit']"
CC(C)=CCC(C)(C)C(=O)C(C)C,"['fresh', 'fruity', 'lemony']"
CCCC(=O)OC(C)C(=O)OCC,"['fatty', 'dairy']"
CC(CO)C1CCCCCCCCCCC1,"['balsamic', 'animal', 'musky', 'sweet']"
CCOC(=O)CC(C)S,['empyreumatic']
CC1CC=CCCCCCCCCCC(=O)C1,"['green vegetal', 'fatty', 'musky', 'vegetal', 'aldehydic']"
C=C1CCCC(C)(C)C1C(=O)C=CC,"['vegetal', 'mint', 'chemical', 'phenolic', 'dry vegetal', 'green vegetal', 'fresh', 'bush flower', 'fruit with pip', 'stone fruit', 'medicinal']"
O=C1CCCCCCCCCC=CCCCO1,"['metal', 'musky', 'floral', 'mineral']"
CC(C)=CCCC1(C)CCC(=O)O1,['fruit with pip']
CC1CCC(C(C)C)C(OC(=O)CCCC(=O)O)C1,"['vegetal', 'green vegetal', 'fresh', 'aromatic plant']"
CC1C(=O)c2ccccc2C1(C)C,"['animal', 'dry vegetal', 'vegetal']"
CC(C)C(C)CCC(C)(C)O,"['vegetal', 'green vegetal', 'fatty', 'bush flower']"
C=CC=CC#CCCCCC,"['green vegetal', 'fresh', 'garden flower', 'vegetal']"
CC1(CO)CC1CC1CC2CC2(C)C1(C)C,"['wood', 'vegetal']"
CCCCCC1CCC(O)O1,"['green vegetal', 'fresh', 'vegetal', 'peponide']"
CCOC(=O)CC1C=CCC1,"['fruit with pip', 'tropical fruit', 'stone fruit']"
CSCC=O,"['fruity', 'dried fruit', 'vegetal', 'alliaceous', 'fatty', 'sulphur', 'oleaginous']"
C=C(C)CCCC(C)C1(O)CC=C(C)CC1,['garden flower']
CC(C)CC(=O)C(C)O,"['empyreumatic', 'dairy', 'roasted', 'cocoa', 'malt', 'milky']"
C=CCC(O)C=CCCC,"['fermented', 'musty', 'vegetal', 'green vegetal', 'fresh', 'woody']"
CC1OCCCCCCCCCCCOC1=O,"['balsamic', 'musky', 'woody']"
CC1OCCCCCCCCCCCCOC1=O,"['balsamic', 'musky']"
C=CCC=CCCC(=O)OC,"['fruit with pip', 'green vegetal', 'fresh', 'vegetal']"
CC=CC(=O)C(C)=C(C)C(C)(C)C,"['green vegetal', 'fruit with pip', 'aromatic plant', 'vegetal']"
CC(=O)OC1CCCC(C(C)(C)C)C1,"['vegetal', 'mint', 'chemical', 'phenolic', 'green vegetal', 'garden flower', 'medicinal']"
CC=CC(=O)C(C)=C(C)C(C)C,"['empyreumatic', 'cooked', 'balsamic', 'chemical', 'fruit with pip', 'bush flower', 'alcoholic beverages', 'barrel aged alcohol', 'woody', 'stone fruit', 'cooked sugar', 'sweet']"
CCCCCC(=O)OC(C)CO,"['chemical', 'solvent', 'fresh', 'green vegetal', 'vegetal']"
CCCCCC1OC(C)C(C)O1,"['green vegetal', 'fresh', 'vegetal']"
C=C1CCCC(C)(C)C1C(=O)OC,"['floral', 'bush flower']"
CCCCCC1CCOC(C)O1,"['fermented', 'vegetal', 'chemical', 'solvent', 'fresh', 'green vegetal']"
CC=CC(=O)C(C)=C(CC)C(C)C,"['bush flower', 'floral', 'red berry']"
C=CCc1ccc2c(c1)OCC(=O)CO2,"['chemical', 'green vegetal', 'vegetal']"
CCOC1CCCCCCCCCCC1,"['green vegetal', 'fatty', 'vegetal']"
CC1CCC(C(C)C)C2(C1)OC(=O)C(C)O2,"['vegetal', 'green vegetal', 'fresh', 'aromatic plant']"
COc1ccc(NC(=O)C2CC(C)CCC2C(C)C)cc1,"['vegetal', 'green vegetal', 'fresh', 'aromatic plant']"
CC(C)C1CCC(C)C23CCC(C)(O)C2C13,"['vegetal', 'green vegetal', 'fresh', 'aromatic plant']"
C=CC(=C)CCC1C(=C)CCC2C(C)(C)CCCC12C,"['vegetal', 'balsamic', 'green vegetal', 'fresh', 'sweet']"
CCCCCCC=CCCCCC(C)=O,"['floral', 'garden flower']"
Cc1ccc2c(c1)CC(C)(CO)C2,['garden flower']
CCCCCN1C(=O)OCC1C,"['vegetal', 'aromatic plant', 'green vegetal']"
CC1CC(=O)C(C)(O)C12CCCCCC2,"['vegetal', 'mint', 'chemical', 'phenolic', 'green vegetal', 'fresh', 'medicinal']"
C=C(CCCCCCC)C(C)O,"['citrus', 'fruity']"
CC(O)CC(=O)OC1CC(C)CCC1C(C)C,"['vegetal', 'green vegetal', 'fresh', 'aromatic plant']"
COc1cc(C2OCC(COC3CC(C)CCC3C(C)C)O2)ccc1O,"['vegetal', 'balsamic', 'green vegetal', 'fresh', 'aromatic plant', 'woody', 'sweet']"
CCCC1(C(C)(C)C)C=CC(C)O1,"['vegetal', 'berry', 'green vegetal', 'fresh', 'black fruit']"
CCCC1(C(C)(C)C)CCC(C)O1,"['wood', 'vegetal', 'berry', 'phenolic', 'green vegetal', 'fresh', 'aromatic plant', 'resinous', 'woody', 'black fruit']"
CC(C)=CCCC(C)=CCNC(=O)C1CC1,['empyreumatic']
CCOC(=O)C1C(C)CCCC1(C)C,"['balsamic', 'bush flower', 'woody', 'sweet']"
CC1CC(C)(C)CC2(C1)C(C)CC(=O)C2(C)O,"['balsamic', 'dry vegetal', 'vegetal', 'sweet']"
CC1=CCC2(O1)C(C)=CC(=O)CC2(C)C,"['vegetal', 'mint', 'chemical', 'phenolic', 'green vegetal', 'fresh', 'medicinal']"
CC(C)(C=O)COCc1ccccc1,"['chemical', 'green vegetal', 'fatty', 'fresh', 'vegetal']"
CC(=O)C(O)CC(C)C,"['empyreumatic', 'dairy', 'roasted', 'cocoa', 'malt', 'milky']"
CC1CC=CCCCCCCCCC(=O)C1,"['musky', 'floral', 'balsamic', 'fresh', 'sweet']"
OC1CCC2CCCCC2C1,"['vegetal', 'green vegetal', 'bush flower', 'fresh', 'garden flower', 'aromatic plant']"
O=C1Oc2ccccc2C2CC12,"['oleaginous', 'fruity', 'dried fruit', 'vegetal', 'balsamic', 'dry vegetal', 'fresh', 'green vegetal', 'fatty', 'woody', 'sweet', 'lactone']"
CCCCCCCCCC(C)CC#N,"['green vegetal', 'fresh', 'fatty', 'fruity', 'vegetal']"
CC(OC(C)(C)COC(=O)C1CC1)C1CCCC(C)(C)C1,"['animal', 'musky']"
COC(=O)C1C(C)C=CCC1(C)C,['bush flower']
C=CC1(C)CCC(=C(C)C)CC1C(=C)C,"['green vegetal', 'fresh', 'fatty', 'vegetal']"
CC12CC(CC1=O)C(C)(C)C2,"['vegetal', 'mint', 'chemical', 'phenolic', 'green vegetal', 'fresh', 'medicinal']"
COC(=O)n1ccc2ccccc21,"['fruit with pip', 'fruity', 'garden flower', 'floral']"
CC1CC(C)SS1,"['alliaceous', 'vegetable', 'sulphur', 'vegetal']"
O=C1C=CCCCCCCCCCCCCO1,"['animal', 'musky']"
CCC(C)CC=O,"['green vegetal', 'vegetal']"
CC1=C(C)C(C)CCC1,"['fresh', 'fruity', 'lemony']"
OC1C(C2CCCC2)CCC1C1CCCC1,"['animal', 'musky']"
CCCCCCCC1CC1C(=O)O,['fruity']
CCOC(=O)C(=O)C(C)CC,"['fatty', 'fruity', 'dried fruit', 'oleaginous']"
CC(=O)c1ccc(C)[nH]1,['empyreumatic']
CCOC(=O)CCC(O)C(=O)OCC,"['sweet', 'empyreumatic', 'cooked', 'cooked sugar']"
CC(C)CC(=O)CO,"['chemical', 'solvent', 'fresh']"
OCCCCC1=CCCC1,"['green vegetal', 'bush flower', 'fatty', 'fresh', 'vegetal']"
CCCC(=O)OCC(O)c1ccccc1,"['floral', 'garden flower']"
CCOC(=O)OC1=C(C)OC(C)C1=O,"['sweet', 'empyreumatic', 'cooked', 'cooked sugar']"
CC1CCC2C(C1)OC(=O)C2C,"['vegetal', 'balsamic', 'dry vegetal', 'fresh', 'woody', 'sweet']"
CC(C)(O)CCC1CCCCC1,['bush flower']
CCC=CC(=O)C(OC)OC,"['vegetal', 'chemical', 'phenolic', 'green vegetal', 'fresh', 'aromatic plant', 'medicinal']"
CCCCC1(O)C(C)=CC(=O)CC1(C)C,"['vegetal', 'green vegetal', 'fresh', 'aromatic plant']"
CC12CCC(C3(CCCC3)C1=O)C2(C)C,"['vegetal', 'green vegetal']"
CC(=O)c1sc(C)cc1O,['empyreumatic']
CC1(C)CCCC2C(=O)C3CCC21C3,"['chemical', 'garden flower', 'floral']"
CCC=CCCOCCC#N,"['vegetable', 'fresh aldehydic', 'vegetal', 'aldehydic', 'green vegetal', 'fresh', 'garden flower', 'cucurbitacea']"
CC(O)C(C)C(C)C(C)C(C)(C)C,"['vegetal', 'aldehydic', 'balsamic', 'green vegetal', 'sweet']"
CC(=O)C1CCC(C)CC1O,['bush flower']
CCC=CCCCCOC(=O)CC,"['vegetable', 'fruity', 'fresh aldehydic', 'vegetal', 'aldehydic', 'green vegetal', 'fresh', 'fatty', 'fruit with pip', 'cucurbitacea', 'tropical fruit', 'peponide']"
CC(C)C1=CC2=CCC3C(C)(C(=O)OC(=O)C4(C)CCCC5(C)C6CCC(C(C)C)=CC6=CCC45)CCCC3(C)C2CC1,['sweet']
C=CCCC(=O)C1=CC2(CCCC2)CCC1,"['green vegetal', 'fresh', 'tropical fruit', 'vegetal']"
CCCC(=O)C(CC)OC,"['nutty', 'dried fruit', 'bitter almond', 'fruit with pip', 'fatty', 'oleaginous']"
CCCCCC1C(=O)CCC1C(=O)OC,"['vegetal', 'green vegetal', 'fresh', 'bush flower', 'garden flower']"
CC(=O)C1CCC=N1,"['empyreumatic', 'pyrazic']"
CC(C)Oc1cc(C=O)ccc1O,"['balsamic', 'woody', 'sweet']"
C=CCCC(=O)C(=C)C1CCCCC1,"['vegetal', 'mineral', 'metal', 'green vegetal', 'fresh', 'tropical fruit']"
CC1=CCC(C=CC(C)(C)C(C)O)C1(C)C,"['wood', 'vegetal']"
C=C(CC(C)CO)C1CC=C(C)C1(C)C,"['wood', 'vegetal']"
CCC(=O)OCC(C)(C)OC(C)C1CCCC(C)(C)C1,"['animal', 'fruit with pip', 'musky']"
CCCOC(=O)C(C)OC(C)(C)CC,"['fruity', 'lemony', 'citrus', 'bush flower', 'fresh']"
CCC(C)C1(C)COC(C2CCC(C)=CC2C)OC1,"['balsamic', 'sweet']"
CC(C)=CCC1(C)CCC(C)=C(C)C1=O,"['vegetal', 'green vegetal', 'fresh', 'aromatic plant', 'fatty']"
CC1=CCCC(C)(Cc2ccccc2)C1=O,"['floral', 'vegetal', 'green vegetal', 'fresh', 'aromatic plant', 'fruit with pip', 'bush flower']"
CC(C)=CCC1(C)CC(C)C=C(C)C1=O,"['green vegetal', 'fatty', 'fruity', 'vegetal', 'citrus']"
CC1=CC(C)C(C)C(C=O)C1.CC1=CC(C)C(C=O)C(C)C1,"['green vegetal', 'fatty', 'fresh', 'vegetal']"
C=CC(C)CCOC(=O)C(C)=CC,"['green vegetal', 'fresh', 'vegetal']"
CC(=O)OC1CCC(C)CC1C(C)(C)C,['bush flower']
CC1=C2C(CC1)C(C)CCC1C2C1(C)C,['sweet']
C=C(C)C1C=C2C(C)CCC2C(C)CC1,['fermented']
C[S+](C)CCC(N)C(=O)O.[Cl-],"['vegetable', 'green vegetal', 'fresh', 'vegetal']"
CCCCCCC(CCOC(C)=O)OC(C)=O.CCCCCCC(O)CCO,['fatty']
CCc1nc(C)cnc1C.CCc1ncc(C)nc1C,"['dairy', 'oleaginous', 'fermented', 'empyreumatic', 'fruity', 'dried fruit', 'cocoa', 'fatty', 'malt', 'milky']"
CCc1cnc(C)cn1.CCc1cncc(C)n1,"['empyreumatic', 'fruity', 'dried fruit', 'fatty', 'malt', 'oleaginous']"
CC1C2CCC(C3(O)CCCCC3)(C2)C1(C)C,"['wood', 'vegetal']"
CC(=O)C1(C)CCC2=C(C1C)C(C)(C)CCC2,"['balsamic', 'sweet']"
Cc1cc(CC(C)C)ccc1CCC=O,"['green vegetal', 'fatty', 'fresh', 'garden flower', 'vegetal']"
CCC(S)SC(S)CC,"['vegetable', 'vegetal', 'sulphur']"
CC(CCC#N)C1CCCC1,"['green vegetal', 'fresh', 'vegetal']"
CCC1OCCC(C)(C)S1,"['vegetable', 'fruity', 'vegetal', 'berry', 'alliaceous', 'green vegetal', 'fresh', 'aromatic plant', 'sulphur', 'black fruit']"
CCC1CCC2(CCC(=O)O2)CC1,"['fruity', 'dairy', 'chemical', 'phenolic', 'stone fruit', 'woody', 'medicinal']"
CCC(C)C(=O)OC(C)CO,"['chemical', 'solvent', 'fresh']"
CC(CO)COC1CC2CCC1(C)C2(C)C,"['balsamic', 'floral', 'sweet']"
CCOC1CCC(C(C)(C)CC)CC1,"['chemical', 'green vegetal', 'vegetal']"
CC(C)=CCCC(C)=CC(OCCCCCCCCCCC(C)C)OCCCCCCCCCCC(C)C,"['citrus', 'green vegetal', 'vegetal', 'lemony']"
CC(=O)c1ncco1,"['empyreumatic', 'fruity', 'dried fruit', 'fatty', 'pyrazic', 'oleaginous']"
CCC1CC2CC1CC2OC,"['green vegetal', 'fresh', 'fruity', 'vegetal']"
CC(=O)C(S)C(C)C,"['fruity', 'black fruit']"
C=C1C2CC3CC1C(OC(C)=O)C(C2)C3C,"['vegetal', 'balsamic', 'green vegetal', 'sweet']"
CCC(C)Cn1cccc1,"['green vegetal', 'fresh', 'vegetal']"
CC(C)CCC(C)C(C)O,"['green vegetal', 'bush flower', 'fresh', 'vegetal']"
CCCC(=O)OC1=C(C)OC(C)C1=O,"['chemical', 'solvent', 'fresh', 'green vegetal', 'vegetal']"
CSCc1ccsc1,['empyreumatic']
CC1=CC2(C=CC(C)O2)C(C(C)C)CC1,"['berry', 'black fruit']"
CC1=CCC(C)C(C)(C)C12C=CC(C)O2,"['vegetal', 'berry', 'green vegetal', 'fresh', 'aromatic plant', 'black fruit']"
CC1CC=CCC12COC(C)(C)OC2,"['vegetal', 'mint', 'chemical', 'phenolic', 'green vegetal', 'fresh', 'medicinal']"
CC1OCC2(CC=CCC2C)CO1,"['green vegetal', 'fresh', 'bush flower', 'floral', 'vegetal']"
CCC#CC(=O)C(OC)OC,"['vegetal', 'chemical', 'phenolic', 'green vegetal', 'fresh', 'aromatic plant', 'medicinal']"
CCCCC(C)(CC)C(=O)OCC,"['fruit with pip', 'garden flower', 'floral']"
CC(=O)CC1C2CCC(C2)C1(C)C,"['wood', 'vegetal', 'phenolic', 'fresh', 'resinous']"
CCCCCC(O)C(S)CCCC,"['fruity', 'vegetal', 'citrus', 'green vegetal', 'fresh', 'aromatic plant', 'fatty']"
CCCCCC(=O)C(S)CCCC,"['citrus', 'green vegetal', 'fruity', 'vegetal']"
C=CC=CCCC(O)C(C)(C)C,"['bush flower', 'fermented', 'musty', 'floral', 'woody']"
CCCCCC1OCCC(CCC)S1,"['vegetable', 'vegetal', 'sulphur']"
CCCCC(O)C(S)CCC,"['citrus', 'green vegetal', 'fresh', 'fruity', 'vegetal']"
CCCCC(=O)C(S)CCC,"['vegetal', 'citrus', 'green vegetal', 'fresh', 'aromatic plant']"
CC(C)CC(=O)C(S)C(C)C,"['fruity', 'vegetal', 'citrus', 'green vegetal', 'fresh', 'fruit with pip']"
CC(CC=O)C1CCC(C)(O)CC1,['garden flower']
CCC(=O)c1nc(C)cs1,"['green vegetal', 'fresh', 'vegetal']"
C=CCC(O)C1CC=C(C)CC1,"['green vegetal', 'fresh', 'vegetal']"
CC(C)C1OC2(C)CCC1C(C)C2,"['vegetal', 'green vegetal', 'fresh', 'aromatic plant']"
C=CCC(O)C1CC=C(C)CC1C,"['green vegetal', 'fresh', 'vegetal']"
CCCC=C(C#N)c1ccccc1,"['metal', 'green vegetal', 'fresh', 'vegetal', 'mineral']"
CC(=O)C(C)=C(C)C(C)C(C)(C)C,"['wood', 'vegetal', 'phenolic', 'fresh', 'garden flower', 'resinous', 'sweet']"
CCCCCCC1OC1C=CC=O,"['metal', 'mineral']"
CCCC1OC1C=CC=O,"['metal', 'mineral']"
CCCCCSS,"['alliaceous', 'vegetable', 'sulphur', 'vegetal']"
C=CCC(C)(O)C1C2CCC(C2)C1(C)C,"['wood', 'fruity', 'vegetal', 'resinous', 'sweet']"
Cc1ncc2c(n1)COC2,"['empyreumatic', 'pyrazic']"
Cc1ncc2c(n1)C(C)OC2,"['empyreumatic', 'pyrazic']"
CC1=CC2OCC(C)=C2CC1,"['vegetal', 'green vegetal', 'fresh', 'aromatic plant']"
C=C(C(C)C(C)O)C(C)C(C)(C)C,"['balsamic', 'green vegetal', 'vegetal', 'sweet']"
CCC(=CCC1CC=C(C)C1(C)C)CO,"['wood', 'fatty', 'vegetal']"
CCCCC(CC)CCC=O,['dairy']
CCC(=O)OCC(=O)OC(C)C1CCCC(C)(C)C1,"['animal', 'musky']"
C=C(C)CSC(C(=O)CC(C)C)C(C)C,"['vegetal', 'green vegetal', 'bush flower', 'aromatic plant']"
CCCC(=O)C(CC)SC,"['vegetal', 'green vegetal', 'fresh', 'aromatic plant']"
CCCC(=O)C(CC)SC(C(=O)CC(C)C)C(C)C,"['citrus', 'fruity']"
C=CCSC(C(=O)CC(C)C)C(C)C,"['green vegetal', 'fresh', 'fruity', 'vegetal']"
CCOC(=O)CC(C)SC,['tropical fruit']
CCC1=CCCC(C)(C)C12C=CC(C)O2,['black fruit']
COCCOC(C)OCc1ccccc1,"['green vegetal', 'fresh', 'vegetal']"
COCC(C)Cc1ccccc1,"['green vegetal', 'bush flower', 'fresh', 'vegetal']"
CC(C)CC1CCCC(C)(O)C1,"['garden flower', 'fruity']"
COc1scnc1CC(C)C,"['vegetal', 'alliaceous', 'green vegetal', 'fresh', 'aromatic plant', 'sulphur']"
C=C(CCO)CCCC(C)C,"['floral', 'bush flower']"
CC(C)C1CC(c2ccccc2)C=CO1,"['vegetal', 'balsamic', 'dry vegetal', 'fresh', 'woody', 'lactone']"
CCSC(C)CCO,"['fatty', 'empyreumatic', 'fruity', 'dried fruit', 'oleaginous']"
CC1C=CC2(O1)C(C)(C)CCCC2(C)O,['sweet']
CC1C=Cc2nccnc21,['empyreumatic']
CC1=CC(C)(C)C=C(C)C1=O,"['vegetal', 'green vegetal', 'fresh', 'aromatic plant', 'dry vegetal']"
O=C([O-])C(=O)Cc1ccccc1.[Na+],"['honeyed', 'sweet']"
COc1cc(C=CC(=O)[O-])ccc1O.[Na+],"['chemical', 'medicinal']"
CCC(C)(CCCC(C)C=O)OC,"['chemical', 'green vegetal', 'fresh', 'vegetal']"
CCCCCCCCCCCCCCCCCC(=O)OCCOCC(OCCOC)C1OCC(OCCOC)C1OCCOC,"['chemical', 'phenolic', 'solvent', 'fresh', 'medicinal']"
C=C1C2CCC(C2)C1(C)CCC=C(C)COC(C)=O.CC(=O)OCC(C)=CCCC1(C)C2CC3C(C2)C31C,"['fruity', 'vegetal', 'dried fruit', 'green vegetal', 'fresh', 'fatty', 'garden flower', 'oleaginous']"
O=C(O)C(O)C(O)C(O)C(O)CO.O=C(O)C(O)C(O)C(O)C(O)CO.[Fe],"['sweet', 'empyreumatic', 'cooked', 'cooked sugar']"
CCC(=O)OCCc1scnc1C,"['fatty', 'empyreumatic', 'fruity', 'dried fruit', 'oleaginous']"
C=C1C2CC(C1OC(C)=O)C1CC=C(C)C21,"['green vegetal', 'vegetal']"
CCC=CCCOC(=O)C1CC1,"['green vegetal', 'vegetal']"
CC1=CC2C(C(C)C)CC1CC2C1OCCO1,"['green vegetal', 'fresh', 'dairy', 'vegetal']"
CCCC(=O)OC1C=CC2C3CCC(C3)C12,"['vegetal', 'green vegetal', 'fresh', 'stone fruit', 'sweet', 'lactone']"
CC(C)=CCCC(C)C1OCC(C)O1,"['green vegetal', 'fresh', 'fruity', 'vegetal']"
CC1CCC2C(C2(C)C)C12COC(C)(C)OC2,"['vegetal', 'balsamic', 'green vegetal', 'fatty', 'fresh', 'sweet']"
CCCCCCCCCC(=O)OCCc1scnc1C,"['fatty', 'empyreumatic', 'fruity', 'dried fruit', 'oleaginous']"
CC(C)=CCCC(C)=CCCC(C)CC=O,"['green vegetal', 'fresh', 'garden flower', 'vegetal', 'dairy']"
CC(=O)C1=CCC2C=CCC2C1,"['green vegetal', 'fresh', 'vegetal', 'peponide']"
CCC(C)CN1CCCC1,"['metal', 'fatty', 'empyreumatic', 'mineral']"
CCC1OCCC(C)S1,"['green vegetal', 'fresh', 'vegetal', 'stone fruit', 'lactone']"
CCCCC1OCCC(C)S1,"['vegetal', 'citrus', 'green vegetal', 'fatty', 'fresh', 'tropical fruit']"
CSC(=O)CCC(C)C,['vegetal']
CCCCCCCC(=O)OCCc1scnc1C,"['fatty', 'empyreumatic', 'fruity', 'dried fruit', 'oleaginous']"
CCCC=CCCCCC(=O)O,['fatty']
CCCCCCCCCC(=O)OOCC,"['fruity', 'stone fruit', 'lactone']"
C=C(C)OC(=O)C=CC=CC,['tropical fruit']
CC1CC2C(CC1=CCC#N)C2(C)C,"['wood', 'vegetal', 'bush flower', 'garden flower']"
CC(=O)C1=C(C)OC(C)C1=O,"['sweet', 'empyreumatic', 'cooked', 'red berry', 'cooked sugar']"
C=C(C)CCOC(=O)C(C)(C)C,"['bush flower', 'garden flower']"
C=CCc1ccc(OCCC(C)C)c(OC)c1,"['honeyed', 'balsamic', 'woody', 'sweet']"
CCCCCCCCCOC(=O)CCCCCC,"['fruity', 'citrus', 'balsamic', 'chemical', 'alcoholic beverages', 'bush flower', 'barrel aged alcohol', 'woody', 'sweet']"
C=CCC(C=CCCC)OC(C)=O,"['fermented', 'musty', 'vegetal', 'green vegetal', 'fresh', 'woody']"
O=C1C=CCCCCCCCCCCCCC1,"['animal', 'musky', 'floral', 'woody', 'sweet']"
CC=C1CC2CC(OC(C)C)C1C2,['fruity']
CCC=C(C)C(O)CCCC,"['green vegetal', 'fresh', 'vegetal']"
CCC=CCC=CCCC=O,"['green vegetal', 'fatty', 'fruity', 'vegetal']"
O=CCC1CC2CC1C1CCCC21,"['green vegetal', 'fresh', 'garden flower', 'vegetal']"
CSC(C)CC(=O)OCC(C)C,['red berry']
CC=CCSC(C(=O)CC(C)C)C(C)C,['fruity']
CCCC(C)=CCOC(C)=O,"['green vegetal', 'fresh', 'vegetal']"
CCCCCCCCCCCCCCCC(=O)OCC(O)C1OC(=O)C(O)=C1O,['fruity']
CCCc1nc(CC)sc1CC,"['green vegetal', 'fresh', 'vegetal']"
CC(=O)C1CC=CCCCC1,"['vegetal', 'green vegetal', 'fatty']"
COc1ccc(C(=O)OCC(=O)[O-])cc1.[Na+],['empyreumatic']
CC1=CCC2(C)CCC1C2,"['green vegetal', 'fresh', 'vegetal']"
CCC(C)C(=O)OCC(C)OC(=O)C(C)CC,"['dairy', 'fatty']"
c1coc(COCc2cccs2)c1,"['green vegetal', 'fresh', 'vegetal']"
CCCC(C)OC(=O)C(C)CCC,['fruit with pip']
CCCc1ccn(-c2ccccc2)n1,['empyreumatic']
CCCCC(CC=O)SC,"['green vegetal', 'fresh', 'empyreumatic', 'vegetal']"
COc1cc(C2OC(C)C(C)O2)ccc1O,"['empyreumatic', 'cooked', 'floral', 'cocoa', 'roasted', 'malt', 'woody', 'milky', 'cooked sugar', 'sweet']"
CC(=S)OC1CCOC1C,['empyreumatic']
CC(C)=CCCC(C)CCOC(=O)C(C)O,['garden flower']
CC(C)(C)c1cccc(CCC=O)c1,"['green vegetal', 'fatty', 'vegetal']"
CCCC1CC(C)(OC(C)=O)CCO1,"['vegetal', 'dry vegetal']"
CCC(CC)C(=O)N(C)c1cccc(C)c1,"['fruity', 'citrus']"
COc1cccc(CNC(=O)C(=O)NCCc2ccccn2)c1OC,['dairy']
COCC(CC(C)C)NC(=O)c1ccc(C)c(C)c1,['dairy']
CC(=O)c1cnc(C)o1,"['fatty', 'fruity', 'dried fruit', 'oleaginous']"
CCOC(=O)CC(=O)OC(C)C1CCCC(C)(C)C1,"['animal', 'fruit with pip', 'musky', 'floral', 'dairy']"
CCc1ccc(CC=COC)cc1,"['green vegetal', 'fresh', 'garden flower', 'floral', 'vegetal']"
CC1C(C)(C)C2CCCC3OC(C)(C)CC32C1(C)C,['musky']
CC1CCOC(C2CCCCC2)S1,"['alliaceous', 'vegetable', 'fruity', 'sulphur', 'vegetal']"
C=C(C)COCCC=CCC,"['vegetable', 'sulphur', 'fruity', 'cruciferous', 'vegetal', 'fruit with pip', 'green vegetal', 'root', 'earthy']"
CC1CCC2C(C)(C)C3CC12CC1OC(C)(C)OC13C,"['balsamic', 'sweet']"
C=CCC1(C)C(=O)CC2(C)CCC1C2,"['balsamic', 'fermented', 'woody', 'sweet']"
CCCc1ccc(CC=COC)cc1,"['green vegetal', 'fresh', 'garden flower', 'floral', 'vegetal']"
COC=CCc1ccc(CC(C)C)cc1,"['green vegetal', 'fresh', 'garden flower', 'floral', 'vegetal']"
COC=CCc1ccc(C)cc1,"['green vegetal', 'fresh', 'garden flower', 'floral', 'vegetal']"
O=C1CCCCCC=CC=CCCCCCC1,"['animal', 'musky', 'floral']"
CCC=CCC(C)OC(=O)c1ccccc1O,"['green vegetal', 'fresh', 'garden flower', 'vegetal']"
CC1(C)C2CCC3(C2)C1c1ncncc1CC3(C)C,"['balsamic', 'animal', 'musky', 'sweet']"
CC1C(C)(C)C2=C(c3ncncc3CC2)C1(C)C,"['balsamic', 'animal', 'musky', 'woody', 'sweet']"
CC1CCC(C(C)C)C(OC(=O)CCC(=O)N(C)C)C1,"['vegetal', 'green vegetal', 'fresh', 'aromatic plant']"
CCCCCCCC(C)=NO,"['vegetable', 'fresh aldehydic', 'vegetal', 'aldehydic', 'green vegetal', 'fatty', 'cucurbitacea']"
C=CC(=C)CCCC(C)(C)OC,"['wood', 'phenolic', 'fresh', 'resinous', 'vegetal', 'woody']"
CCCC1CC=C(C=O)C(CCC)S1,"['green vegetal', 'fresh', 'vegetal']"
C=C(C)C(CC(=O)O)CC(=O)O,['empyreumatic']
C=C(C)C1CCC2CC(=O)CC(C)C2(C)C1,['fruity']
Cc1scnc1CCOC=O,"['fatty', 'fruity', 'dried fruit', 'oleaginous']"
CCCC=CC1OCC(O)CO1,"['green vegetal', 'vegetal']"
Cc1occc1SC(C)CC=O,['empyreumatic']
CC(C)C1CCC2CC(=O)CC(C)C2(C)C1,"['green vegetal', 'vegetal']"
C=C1C2CCC(C2)C1(C)CCC=C(C)COC(=O)Cc1ccccc1,"['honeyed', 'wood', 'vegetal', 'sweet']"
CC1CCC=CCCCCCCCCCC(=O)C1,"['animal', 'musky', 'floral', 'dairy']"
COC1C=C2C(C)(C)C3CCC2(C3)C(C)(C)C1,"['floral', 'vegetal', 'balsamic', 'green vegetal', 'dry vegetal', 'sweet']"
CCC(C)C(=O)CC(C)S,"['citrus', 'fruit with pip', 'fruity', 'sulphur']"
CCCC(CCOC)SC(=O)OCC,"['fermented', 'fruity', 'musty', 'empyreumatic', 'dairy', 'berry', 'earthy', 'cocoa', 'roasted', 'malt', 'milky', 'woody', 'sweet', 'black fruit']"
CCOC1OC(CO)C(O)C(O)C1O.COc1cc(C=O)ccc1O,"['balsamic', 'woody', 'sweet']"
CCC(C)CCC=O,"['green vegetal', 'vegetal']"
CCCCCCCCCCC=CCOC(C)=O,['fruit with pip']
C=C(C)C1CCC(C)CC1C(=O)NCC,"['vegetal', 'green vegetal', 'fresh', 'aromatic plant']"
CC(C)C1CC=C(CCC=O)CC1,"['green vegetal', 'fatty', 'fresh', 'garden flower', 'vegetal']"
CC=CSSC(C)CC,"['alliaceous', 'vegetable', 'sulphur', 'vegetal']"
CC(=O)C=Cc1cc(C)cc(C)c1C,"['green vegetal', 'fresh', 'vegetal']"
CCCCCCC=CCCCCCCCC(=O)OCC=C(C)CCC=C(C)CCC=C(C)C,"['green vegetal', 'fresh', 'bush flower', 'fruity', 'vegetal']"
CCCCCC=CCCC(OCC)OCC,['fruity']
CC(=O)OCCC1(C)CCC(C(C)C)S1,"['red berry', 'fruity']"
CC(=O)SC1CC(C)OC1C,"['alliaceous', 'vegetable', 'empyreumatic', 'sulphur', 'vegetal']"
CCCCCC#CC(=O)OCc1ccccc1,"['fruity', 'floral', 'vegetal', 'green vegetal', 'fresh', 'garden flower', 'peponide']"
C=C(C=CO)CCC=C(C)CCC=C(C)C,['fatty']
CCC(C)C1=NC(C)C(CC)S1,"['fatty', 'empyreumatic', 'fruity', 'dried fruit', 'oleaginous']"
CCC1SC(CC(C)C)=NC1C,"['fatty', 'empyreumatic', 'fruity', 'dried fruit', 'oleaginous']"
CCC1SC(C)=NC(C)S1,"['vegetable', 'vegetal', 'sulphur']"
CC1CCC(C(C)C)C(OCC(C)(O)CO)C1,"['vegetal', 'green vegetal', 'fresh', 'aromatic plant']"
