smiles,new_descriptors_added
CC(O)CN,['amine']
CCC(=O)C(=O)O,"['dairy', 'cooked', 'cooked sugar', 'empyreumatic']"
O=C(O)CCc1ccccc1,"['bush flower', 'chemical', 'animal', 'spicy', 'phenolic', 'woody', 'medicinal']"
OCc1ccc(O)cc1,"['balsamic', 'vegetal', 'chemical', 'lactone', 'oleaginous', 'dry vegetal', 'dried fruit', 'fresh', 'fatty', 'tropical fruit', 'coumarin', 'woody']"
O=Cc1ccc(O)cc1,"['mineral', 'vegetal', 'metal', 'oleaginous', 'dry vegetal', 'fruity', 'honeyed', 'dried fruit', 'fatty']"
O=C(O)c1ccc(O)cc1,"['fruity', 'dried fruit', 'fatty', 'oleaginous']"
CC=O,"['chemical', 'vegetal', 'fatty', 'solvent', 'oleaginous', 'fermented', 'phenolic', 'green vegetal', 'medicinal', 'dried fruit']"
CC(C)=O,"['chemical', 'fruity', 'fruit with pip', 'fresh']"
O=Cc1ccccc1,"['red berry', 'floral', 'cherry', 'oleaginous', 'dried fruit', 'fatty']"
O=C(O)c1ccccc1,"['woody', 'sweet', 'empyreumatic']"
OCc1ccccc1,"['bush flower', 'woody']"
CCCC=O,"['roasted', 'vegetal', 'sweet', 'empyreumatic', 'fermented', 'green vegetal', 'fresh']"
CCCCO,"['floral', 'chemical', 'fresh', 'woody', 'alcoholic beverages', 'fermented drink', 'phenolic', 'medicinal', 'fatty']"
CCCC(=O)O,"['fermented', 'fatty']"
CC(C)c1ccc(CO)cc1,"['phenolic', 'animal', 'fatty']"
CC(C)c1ccc(C=O)cc1,"['vegetal', 'green vegetal', 'fresh']"
C=Cc1ccc(O)c(OC)c1,"['floral', 'chemical', 'empyreumatic', 'medicinal', 'smoked']"
Cc1ccccc1O,"['chemical', 'fermented', 'animal']"
Cc1cccc(O)c1,"['chemical', 'animal']"
CCCCCCCC(=O)O,"['dairy', 'vegetal', 'fermented']"
CCCCCCCC=O,"['vegetal', 'green vegetal', 'citrus']"
COc1ccccc1O,"['balsamic', 'cooked', 'chemical', 'empyreumatic', 'smoked']"
CCC=O,"['malt', 'balsamic', 'floral', 'chemical', 'barrel aged alcohol', 'vegetal', 'sweet', 'empyreumatic', 'oleaginous', 'fruity', 'green vegetal', 'medicinal', 'fruit with pip', 'dried fruit', 'fresh', 'fatty', 'roasted', 'cooked', 'solvent', 'alcoholic beverages', 'fermented drink', 'fermented', 'phenolic', 'woody']"
CSCCC(=O)O,"['malt', 'vegetal', 'empyreumatic', 'dairy', 'fermented', 'green vegetal', 'fresh']"
CC(O)C(=O)O,"['dairy', 'fatty']"
CC(=O)C(C)=O,"['cooked', 'empyreumatic', 'dairy', 'cooked sugar', 'fatty']"
O=C1CCc2ccccc2O1,"['vegetal', 'chemical', 'lactone', 'oleaginous', 'dairy', 'dry vegetal', 'fruity', 'medicinal', 'dried fruit', 'fatty', 'tropical fruit', 'fresh', 'phenolic', 'woody']"
CCO,"['chemical', 'solvent', 'phenolic', 'fresh']"
c1ccc2[nH]ccc2c1,"['dairy', 'fermented']"
O=C(O)C(O)C(O)C(=O)O,"['cooked', 'cooked sugar', 'sweet', 'empyreumatic']"
CSCCC(N)C(=O)O,"['cooked', 'empyreumatic']"
CS,"['vegetal', 'sulphur', 'dairy', 'cruciferous', 'fatty']"
CC(=O)C=O,"['balsamic', 'barrel aged alcohol', 'chemical', 'cooked', 'solvent', 'alcoholic beverages', 'empyreumatic', 'woody', 'cooked sugar', 'fresh']"
c1ccc2ccccc2c1,"['chemical', 'vegetal', 'mint', 'phenolic', 'green vegetal', 'medicinal', 'fresh']"
CCCCCCCCO,"['earthy', 'balsamic', 'bush flower', 'vegetal', 'lactone', 'musty', 'oleaginous', 'dry vegetal', 'fruity', 'green vegetal', 'dried fruit', 'fresh', 'tropical fruit', 'coumarin', 'fermented', 'woody', 'citrus']"
O=C(O)C(=O)CO,"['earthy', 'vegetable', 'vegetal', 'root', 'sulphur', 'empyreumatic', 'dairy', 'cruciferous', 'fatty']"
CCCCCCCCCCCCCCCC(=O)O,['dairy']
NC(Cc1ccccc1)C(=O)O,"['malt', 'roasted', 'sweet', 'empyreumatic']"
Oc1ccccc1,['chemical']
O=C(O)C(=O)Cc1ccccc1,"['cooked', 'vegetal', 'empyreumatic', 'honeyed', 'green vegetal', 'cooked sugar', 'fresh']"
O=CCc1ccccc1,"['malt', 'garden flower', 'roasted', 'bush flower', 'vegetal', 'empyreumatic', 'honeyed', 'green vegetal', 'fresh']"
O=C(O)Cc1ccccc1,"['malt', 'roasted', 'bush flower', 'cocoa', 'vegetal', 'empyreumatic', 'dry vegetal', 'honeyed']"
NCCc1ccccc1,['amine']
CCCO,"['chemical', 'solvent', 'phenolic', 'medicinal', 'fruit with pip', 'fresh']"
CCC(=O)O,['fermented']
c1ccncc1,"['empyreumatic', 'amine']"
CC(=O)C(=O)O,"['cooked', 'cooked sugar', 'sweet', 'empyreumatic']"
CSC,"['earthy', 'vegetal', 'root', 'sulphur', 'empyreumatic', 'dairy', 'cruciferous', 'green vegetal', 'amine', 'fresh', 'alliaceous']"
C1CCSC1,"['vegetable', 'cooked', 'vegetal', 'sulphur', 'empyreumatic', 'cruciferous']"
Cc1ncsc1CCO,"['oleaginous', 'empyreumatic', 'fruity', 'dried fruit']"
C[N+](C)(C)[O-],['amine']
CN(C)C,"['fatty', 'amine', 'animal']"
COc1cc(C=O)ccc1O,"['malt', 'roasted', 'balsamic', 'cocoa', 'empyreumatic', 'dairy', 'woody']"
CC1CCC(C(C)C)C(O)C1,"['vegetal', 'chemical', 'mint', 'dry vegetal', 'fermented', 'phenolic', 'wood', 'green vegetal', 'resinous', 'fresh', 'medicinal']"
COc1cc(C(C)=O)ccc1O,"['balsamic', 'woody']"
O=C(OCc1ccccc1)c1ccccc1,"['woody', 'fatty']"
S=C=NCc1ccccc1,"['earthy', 'vegetal', 'root', 'chemical', 'sulphur', 'phenolic', 'cruciferous', 'fatty']"
CC12CCC(CC1=O)C2(C)C,"['chemical', 'vegetal', 'mint', 'green vegetal']"
CCCCCCCCCCCCCCCCO,['fatty']
CC12CCC(CC1)C(C)(C)O2,"['chemical', 'vegetal', 'mint', 'phenolic', 'green vegetal']"
Cc1ccc(O)cc1,"['chemical', 'smoked', 'empyreumatic']"
CCCCCCCCCC(=O)O,"['fermented', 'fruity', 'citrus']"
CCCCCCCCC(=O)NCc1ccc(O)c(OC)c1,['empyreumatic']
O=C(c1ccccc1)c1ccccc1,"['garden flower', 'mineral', 'floral', 'bush flower', 'metal', 'sweet', 'woody']"
C=CCc1ccc(O)c(OC)c1,"['chemical', 'empyreumatic', 'medicinal', 'smoked']"
O=CCCCC=O,"['vegetal', 'chemical', 'phenolic', 'green vegetal', 'fruit with pip', 'fresh']"
CC(C)O,"['chemical', 'solvent', 'fermented', 'phenolic', 'medicinal', 'fresh']"
CCCCCCCCCCCC(=O)O,"['balsamic', 'vegetal', 'lactone', 'oleaginous', 'sweet', 'dry vegetal', 'fruity', 'woody', 'dried fruit', 'tropical fruit', 'coumarin']"
COC(=O)c1ccccc1O,"['chemical', 'vegetal', 'mint', 'green vegetal', 'medicinal', 'fresh']"
C=CCc1cc(OC)c2c(c1)OCO2,['sweet']
Oc1cccc(O)c1,"['balsamic', 'floral', 'oleaginous', 'sweet', 'dairy', 'fermented', 'fruity', 'woody', 'dried fruit', 'fatty']"
C=CCc1ccc2c(c1)OCO2,['fresh']
CC(=O)OCC(COC(C)=O)OC(C)=O,"['dairy', 'chemical', 'fresh', 'solvent']"
NCCc1ccc(O)cc1,"['empyreumatic', 'dairy', 'fermented', 'smoked', 'amine']"
NC(=O)CCC(N)C(=O)O,"['malt', 'dairy', 'roasted', 'fatty', 'empyreumatic']"
CCCC(=O)OCC(COC(=O)CCC)OC(=O)CCC,"['dairy', 'fermented']"
OCCc1ccccc1,"['honeyed', 'bush flower']"
CCCCCC=O,"['fresh aldehydic', 'vegetal', 'animal', 'green vegetal']"
CCCCCO,"['floral', 'chemical', 'fresh', 'woody', 'alcoholic beverages', 'fermented drink', 'empyreumatic', 'phenolic', 'medicinal', 'fatty']"
CCN,"['dairy', 'fermented', 'amine']"
CCS,"['roasted', 'cooked', 'vegetal', 'sulphur', 'empyreumatic', 'alliaceous']"
CC(C)N,"['dairy', 'fermented', 'amine']"
CC(C)S,"['vegetable', 'cooked', 'vegetal', 'sulphur', 'empyreumatic']"
CC(C)(C)O,"['chemical', 'vegetal', 'solvent', 'animal', 'mint', 'phenolic', 'green vegetal', 'medicinal', 'fresh']"
CC(C)(C)S,"['fruity', 'cooked', 'empyreumatic']"
CCC(C)(C)O,"['chemical', 'vegetal', 'animal', 'mint', 'phenolic', 'green vegetal', 'medicinal', 'fresh']"
CC(C)(O)C(C)(C)O,"['chemical', 'fresh', 'solvent']"
CC(=O)OC1CC2CCC1(C)C2(C)C,"['vegetal', 'chemical', 'mint', 'phenolic', 'wood', 'green vegetal', 'resinous', 'medicinal']"
CC(=O)OC1(C)CCC23CC1C(C)(C)C2CCC3C,"['floral', 'vegetal', 'animal', 'phenolic', 'wood', 'green vegetal', 'resinous']"
CCC(C)(O)CC,"['chemical', 'vegetal', 'mint', 'phenolic', 'green vegetal', 'medicinal', 'fresh']"
CCOC(=O)C1OC1(C)c1ccccc1,"['red berry', 'honeyed']"
CCCCOC(=O)CC(CC(=O)OCCCC)(OC(C)=O)C(=O)OCCCC,"['chemical', 'fermented', 'floral', 'alcoholic beverages', 'fermented drink']"
CCOC(=O)CC(O)(CC(=O)OCC)C(=O)OCC,"['floral', 'chemical', 'stone fruit', 'alcoholic beverages', 'fermented drink', 'fermented']"
C=CC(C)(CCC=C(C)C)OC(=O)C(C)C,"['bush flower', 'fresh', 'lemony', 'citrus']"
CC1=CC(=O)CC(C)(C)C1,"['vegetal', 'chemical', 'animal', 'mint', 'dry vegetal', 'fermented', 'phenolic', 'wood', 'honeyed', 'green vegetal', 'resinous', 'fresh', 'medicinal']"
CCC(C)(O)CCCC(C)C,"['garden flower', 'fruity', 'citrus']"
C=CC(C)(O)CCC=C(C)C,"['bush flower', 'vegetal', 'green vegetal', 'fruity', 'citrus']"
CC(C)CN,"['dairy', 'fermented', 'amine']"
CC(C)CO,"['floral', 'chemical', 'solvent', 'alcoholic beverages', 'fermented drink', 'animal', 'fresh']"
CC(C)C=O,"['malt', 'roasted', 'cocoa', 'vegetal', 'fatty', 'sweet', 'empyreumatic', 'dairy', 'fermented', 'green vegetal', 'tropical fruit']"
CCC(C)O,"['floral', 'chemical', 'lactone', 'fresh', 'stone fruit', 'alcoholic beverages', 'fermented drink', 'phenolic', 'medicinal', 'fatty']"
CCC(C)=O,"['chemical', 'vegetal', 'mint', 'phenolic', 'green vegetal', 'medicinal', 'fresh']"
C=CC(C)=O,"['chemical', 'fresh', 'sulphur', 'solvent']"
COC(C)=O,"['balsamic', 'floral', 'chemical', 'barrel aged alcohol', 'alcoholic beverages', 'fermented drink', 'fermented', 'woody', 'fresh']"
CC(C)C(=O)O,"['fermented', 'fatty']"
C=C1C2CCC(C2)C1(C)C,"['vegetal', 'chemical', 'mint', 'phenolic', 'wood', 'fruity', 'green vegetal', 'resinous', 'citrus', 'fatty', 'medicinal']"
CC(=O)OC(C)(C)C1CCC(C)CC1,"['vegetal', 'phenolic', 'wood', 'citrus', 'resinous']"
CC1=CCC2CC1C2(C)C,"['vegetal', 'chemical', 'mint', 'phenolic', 'wood', 'green vegetal', 'resinous', 'medicinal']"
C=C(C)C(=O)OC,['fruit with pip']
COc1c(C(C)(C)C)cc([N+](=O)[O-])c(C)c1[N+](=O)[O-],"['fermented', 'animal']"
CNc1ccccc1C(=O)OC,"['chemical', 'alcoholic beverages', 'fermented drink', 'fermented', 'citrus']"
CC(C)COC(=O)c1ccccc1O,"['vegetal', 'green vegetal', 'fresh']"
CC(C)CCOC(=O)c1ccccc1O,"['mineral', 'vegetal', 'chemical', 'metal', 'spicy', 'phenolic', 'green vegetal', 'medicinal', 'fresh']"
CCOC(=O)c1ccccc1N,"['vegetal', 'fresh', 'tree flower', 'honeyed', 'green vegetal', 'fruit with pip', 'citrus']"
O=C1OCc2ccccc21,"['balsamic', 'floral', 'vegetal', 'oleaginous', 'dry vegetal', 'fruity', 'dried fruit', 'fatty', 'tropical fruit', 'fresh', 'woody']"
CCC(CC)C(=O)O,"['oleaginous', 'fermented', 'dried fruit', 'fatty']"
Cc1ccc(C(C)(C)C)c(O)c1,"['phenolic', 'smoked', 'empyreumatic']"
CC(C)c1ccccc1O,"['chemical', 'empyreumatic', 'smoked', 'fresh']"
CC(C)=C1CCC(C)C2=C(C1)C(C)CC2,['floral']
CC(=O)c1ccc(C)cc1C,"['balsamic', 'vegetal', 'lactone', 'dry vegetal', 'fresh']"
CC1=CC(=O)C(C(C)C)CC1,"['chemical', 'vegetal', 'mint', 'phenolic', 'green vegetal']"
Cc1ccc(C(C)C)c(O)c1,"['chemical', 'vegetal', 'mint', 'green vegetal', 'fresh']"
O=Cc1ccccc1O,"['chemical', 'woody', 'sweet']"
Cc1cccc2ccccc12,"['chemical', 'vegetal', 'mint', 'fermented', 'phenolic', 'green vegetal', 'fresh']"
COc1cccc(OC)c1O,"['floral', 'chemical', 'empyreumatic', 'smoked']"
COc1ccccc1OC,"['balsamic', 'oleaginous', 'dairy', 'fermented', 'fruity', 'woody', 'dried fruit', 'fatty']"
c1ccc2ncccc2c1,"['vegetal', 'dry vegetal', 'chemical', 'phenolic', 'fermented']"
Cc1ccc2ccccc2c1,['fatty']
Sc1ccc2ccccc2c1,"['earthy', 'cooked', 'musty', 'empyreumatic', 'dairy', 'fermented', 'fatty']"
Cc1ccc2ncccc2c1,"['vegetal', 'dry vegetal', 'phenolic']"
Cc1ccc2oc(=O)ccc2c1,"['balsamic', 'vegetal', 'chemical', 'lactone', 'oleaginous', 'dairy', 'dry vegetal', 'fruity', 'medicinal', 'dried fruit', 'fatty', 'tropical fruit', 'fresh', 'spicy', 'phenolic', 'woody']"
c1ccc(-c2ccccc2)cc1,"['garden flower', 'mineral', 'floral', 'bush flower', 'vegetal', 'metal', 'green vegetal', 'fresh']"
COc1ccc2ccccc2c1,"['fruity', 'citrus']"
CC(=O)c1ccc2ccccc2c1,"['tree flower', 'honeyed', 'fruity', 'citrus']"
C=CCc1ccc(OC)c(OC)c1,"['chemical', 'vegetal', 'woody', 'dry vegetal', 'fermented', 'medicinal']"
CCOc1ccc2ccccc2c1,"['fruit with pip', 'citrus']"
CC(C)Cc1ccc2ccccc2n1,"['vegetal', 'dry vegetal', 'phenolic']"
C=CCc1ccc(OC(C)=O)c(OC)c1,"['chemical', 'phenolic', 'medicinal']"
COc1cc(C)ccc1O,"['balsamic', 'chemical', 'animal', 'empyreumatic', 'smoked']"
CC(C=O)c1ccccc1,"['garden flower', 'vegetal', 'sweet', 'honeyed', 'green vegetal']"
CCC(O)c1ccccc1,"['bush flower', 'woody']"
CCC(=O)c1ccccc1,"['dry vegetal', 'red berry', 'vegetal', 'cherry']"
COC(=O)c1cccnc1,"['vegetal', 'dry vegetal']"
CCOC(=O)c1ccccc1,"['red berry', 'chemical', 'cherry', 'fermented', 'phenolic', 'fruit with pip']"
CC(=O)CC(=O)c1ccccc1,['floral']
O=C(Oc1ccccc1)c1ccccc1,"['mineral', 'vegetal', 'metal', 'sweet', 'green vegetal', 'woody', 'fresh']"
CCOC(=O)CC(=O)c1ccccc1,"['red berry', 'floral', 'cherry']"
CCCOC(=O)c1ccc(O)cc1,"['phenolic', 'floral', 'smoked', 'empyreumatic']"
CC(C)CCOC(=O)c1ccccc1,"['vegetal', 'green vegetal', 'woody', 'fresh']"
O=C(OCCc1ccccc1)c1ccccc1,"['honeyed', 'bush flower', 'woody', 'sweet']"
c1ccc2scnc2c1,"['roasted', 'vegetal', 'oleaginous', 'empyreumatic', 'fruity', 'dried fruit', 'fatty']"
Cc1nc2ccccc2o1,"['balsamic', 'cooked', 'vegetal', 'empyreumatic', 'dry vegetal', 'woody']"
Cc1ccc(C)c(O)c1,"['smoked', 'empyreumatic']"
CCC(C)C=O,"['chemical', 'vegetal', 'sweet', 'empyreumatic', 'oleaginous', 'green vegetal', 'medicinal', 'dried fruit', 'roasted', 'solvent']"
CCC(=O)CC,"['cooked', 'chemical', 'solvent', 'sweet', 'empyreumatic', 'dairy', 'fermented', 'cooked sugar', 'fresh']"
O=C1CCCO1,"['cooked', 'sweet', 'empyreumatic', 'dairy', 'oleaginous', 'fruity', 'cooked sugar', 'dried fruit']"
Cn1cccc1,"['phenolic', 'smoked', 'empyreumatic']"
C=C(C)C1CC=C(C)C(OC(C)=O)C1,"['balsamic', 'barrel aged alcohol', 'chemical', 'vegetal', 'alcoholic beverages', 'green vegetal', 'woody', 'fruit with pip', 'fresh']"
CCOC(=O)C(C)C,"['balsamic', 'barrel aged alcohol', 'chemical', 'solvent', 'alcoholic beverages', 'phenolic', 'woody', 'fruit with pip', 'fresh', 'medicinal']"
CCOC(=O)C(C)O,"['balsamic', 'barrel aged alcohol', 'chemical', 'fatty', 'solvent', 'alcoholic beverages', 'dairy', 'woody', 'fresh']"
CC(C)COC(=O)C(C)C,"['floral', 'chemical', 'solvent', 'alcoholic beverages', 'fermented drink', 'fermented', 'fruit with pip', 'fresh']"
CCCCOC(=O)C(C)C,"['vegetal', 'fresh', 'peponide', 'green vegetal', 'dairy', 'fermented', 'citrus', 'fruit with pip']"
CCC(CC)CO,"['chemical', 'fresh', 'phenolic', 'medicinal', 'fatty']"
CCC(C=O)CC,"['malt', 'roasted', 'cooked', 'chemical', 'vegetal', 'solvent', 'empyreumatic', 'green vegetal', 'cooked sugar']"
OCC1CCCO1,"['cooked', 'chemical', 'vegetal', 'fresh', 'sweet', 'empyreumatic', 'cooked sugar', 'fatty']"
O=Cc1ccco1,"['cooked', 'cooked sugar', 'empyreumatic']"
SCc1ccco1,"['smoked', 'vegetable', 'cooked', 'vegetal', 'sulphur', 'sweet', 'empyreumatic', 'phenolic', 'cooked sugar']"
O=Cc1cccs1,"['balsamic', 'vegetal', 'lactone', 'fresh', 'tropical fruit', 'oleaginous', 'sweet', 'dry vegetal', 'fruity', 'woody', 'dried fruit', 'fatty', 'coumarin']"
CC(C)(C)C1CCC(O)CC1,"['chemical', 'vegetal', 'animal', 'mint', 'fermented', 'phenolic', 'green vegetal', 'medicinal', 'fresh']"
CC(C)(C)C1CCC(=O)CC1,"['chemical', 'vegetal', 'animal', 'mint', 'phenolic', 'green vegetal', 'medicinal', 'fresh']"
CC(C)(C)c1ccc(O)cc1,"['smoked', 'animal', 'empyreumatic']"
CC(O)c1ccccc1,"['garden flower', 'red berry', 'bush flower', 'chemical', 'vegetal', 'mint', 'phenolic', 'fruity', 'honeyed', 'green vegetal']"
CC(=O)c1ccccc1,"['red berry', 'balsamic', 'vegetal', 'lactone', 'fatty', 'cherry', 'oleaginous', 'dry vegetal', 'fruity', 'woody', 'dried fruit', 'fresh']"
O=C(O)C1CCCCC1,"['dairy', 'mineral', 'fermented', 'metal']"
C=C(C)C1CC=C(C)C(O)C1,"['vegetal', 'chemical', 'fresh', 'green vegetal']"
COC(=O)c1ccc(C)cc1,['fresh']
CC1=CCC(C(C)C)C=C1,"['chemical', 'vegetal', 'green vegetal', 'fruity', 'phenolic', 'citrus']"
CC1=CCC(C(C)C)=CC1,"['fruity', 'citrus', 'fatty']"
CC1=CC=C(C(C)C)CC1,"['chemical', 'vegetal', 'mint', 'phenolic', 'fruity', 'green vegetal', 'citrus']"
Cc1ccc(C(C)C)cc1,"['fruity', 'citrus']"
CC(C)c1ccc(O)cc1,['chemical']
CC(=O)c1ccc(O)cc1,"['dry vegetal', 'vegetal']"
COc1ccc(C(C)=O)cc1,"['red berry', 'vegetal', 'cherry', 'dry vegetal', 'fruity', 'woody', 'fresh']"
COc1ccc(C(=O)O)cc1,"['red berry', 'balsamic', 'chemical', 'cherry', 'fruity', 'woody']"
C=Cc1ccccc1,"['woody', 'sulphur']"
SCc1ccccc1,"['earthy', 'roasted', 'root', 'vegetal', 'sulphur', 'empyreumatic', 'cruciferous']"
COc1ccccc1,"['chemical', 'fresh', 'solvent']"
CSc1ccccc1,"['chemical', 'cooked', 'fresh', 'empyreumatic']"
CCc1ccccn1,"['fresh aldehydic', 'vegetal', 'aldehydic', 'fatty', 'empyreumatic', 'phenolic', 'green vegetal', 'smoked', 'amine', 'fresh']"
COc1cccc(C)c1,"['fruity', 'dried fruit', 'fatty', 'oleaginous']"
CC(C)(O)Cc1ccccc1,"['garden flower', 'bush flower', 'vegetal', 'fatty', 'green vegetal']"
COC(=O)Cc1ccccc1,['honeyed']
c1ccc(CC2OCCO2)cc1,"['garden flower', 'floral', 'vegetal', 'honeyed', 'green vegetal', 'fresh']"
c1ccc(Cc2ccccc2)cc1,"['garden flower', 'mineral', 'floral', 'bush flower', 'vegetal', 'metal', 'fresh', 'fruity', 'green vegetal', 'citrus']"
c1ccc(Oc2ccccc2)cc1,"['garden flower', 'mineral', 'vegetal', 'metal', 'green vegetal', 'fresh']"
CCOC(=O)Cc1ccccc1,"['malt', 'roasted', 'bush flower', 'empyreumatic', 'honeyed', 'woody', 'fresh']"
O=C(Cc1ccccc1)Cc1ccccc1,"['red berry', 'bush flower', 'cherry', 'honeyed']"
COc1ccc(COC(=O)Cc2ccccc2)cc1,"['floral', 'bush flower', 'sweet', 'honeyed', 'fresh']"
CC(C)CCOC(=O)Cc1ccccc1,"['malt', 'roasted', 'bush flower', 'empyreumatic', 'honeyed', 'woody']"
O=C(Cc1ccccc1)OCCc1ccccc1,"['chemical', 'bush flower', 'woody', 'vegetal', 'spicy', 'phenolic', 'honeyed', 'green vegetal', 'medicinal', 'fresh']"
CCCN(CCC)CCC,"['dairy', 'fermented', 'amine']"
CC(C)(O)CCc1ccccc1,"['garden flower', 'bush flower', 'vegetal', 'green vegetal']"
CC(=O)OC(C)(C)CCc1ccccc1,"['vegetal', 'bush flower', 'green vegetal', 'woody']"
CCCCC(CC)COC(C)=O,['red berry']
COC(=O)CCc1ccccc1,"['chemical', 'woody', 'alcoholic beverages', 'fermented drink', 'fermented', 'honeyed', 'phenolic', 'medicinal']"
CC(C)C(=O)OCc1ccccc1,"['bush flower', 'fatty']"
CCCC(=O)OCc1ccccc1,"['bush flower', 'lactone', 'stone fruit', 'fruit with pip']"
CC(C)CC(=O)OCc1ccccc1,"['floral', 'vegetal', 'dairy', 'dry vegetal', 'fermented', 'fruit with pip', 'tropical fruit']"
CC(=O)OCCc1ccccc1,"['malt', 'roasted', 'bush flower', 'empyreumatic', 'honeyed', 'woody']"
CC(C)C(=O)OCCc1ccccc1,"['vegetal', 'bush flower', 'lactone', 'stone fruit', 'sweet', 'dry vegetal', 'honeyed']"
c1ccc(COCc2ccccc2)cc1,"['red berry', 'bush flower', 'floral', 'musty', 'cherry', 'fermented', 'woody']"
CCCC(=O)OCCc1ccccc1,"['red berry', 'vegetal', 'bush flower', 'fermented', 'green vegetal', 'fresh']"
CC(C)C(=O)OCCCc1ccccc1,"['lactone', 'stone fruit', 'honeyed', 'woody']"
Cc1ccc(OC(=O)C(C)C)cc1,"['vegetal', 'garden flower', 'fresh', 'green vegetal']"
COc1ccc(COC(C)=O)cc1,"['red berry', 'vegetal', 'lactone', 'stone fruit', 'cherry', 'dry vegetal', 'woody', 'fresh']"
CCCc1ccc(OC)cc1,['fresh']
CCCCC1CCC(=O)O1,"['balsamic', 'vegetal', 'lactone', 'oleaginous', 'dry vegetal', 'fruity', 'green vegetal', 'dried fruit', 'tropical fruit', 'fresh', 'woody']"
O=CCCc1ccccc1,"['garden flower', 'vegetal', 'peponide', 'sweet', 'fruity', 'green vegetal', 'woody', 'fatty']"
O=COCc1ccccc1,"['dry vegetal', 'red berry', 'vegetal', 'cherry', 'sweet']"
O=COCCc1ccccc1,"['garden flower', 'vegetal', 'bush flower', 'green vegetal', 'fresh']"
CCCCC(CC)CO,"['fruity', 'bush flower', 'citrus', 'fatty']"
Cc1ccc(C=O)cc1,"['red berry', 'cherry']"
CCc1ccc(C)nc1,"['vegetable', 'vegetal', 'oleaginous', 'empyreumatic', 'fruity', 'green vegetal', 'dried fruit', 'fresh']"
COc1ccc(C)cc1,"['vegetal', 'fresh', 'animal', 'oleaginous', 'fruity', 'green vegetal', 'dried fruit', 'fatty']"
CC(C)COC(=O)CCc1ccco1,"['balsamic', 'chemical', 'barrel aged alcohol', 'sweet', 'fermented drink', 'alcoholic beverages', 'fermented', 'tropical fruit']"
COc1ccc(CO)cc1,"['garden flower', 'red berry', 'vegetal', 'cherry', 'dairy', 'dry vegetal', 'woody', 'fresh']"
CCCC1CCC(=O)O1,"['balsamic', 'floral', 'vegetal', 'oleaginous', 'dairy', 'empyreumatic', 'dry vegetal', 'cooked sugar', 'dried fruit', 'tropical fruit', 'fresh', 'cooked', 'woody']"
CCOC(=O)CC,"['balsamic', 'floral', 'chemical', 'barrel aged alcohol', 'solvent', 'alcoholic beverages', 'fermented drink', 'woody', 'fruit with pip', 'tropical fruit', 'fresh']"
CCC(C)CC(=O)O,"['dairy', 'vegetal', 'fermented', 'fresh', 'green vegetal']"
COC(=O)CC(C)=O,"['floral', 'chemical', 'vegetal', 'sweet', 'fermented drink', 'alcoholic beverages', 'fermented', 'green vegetal', 'fruit with pip', 'citrus']"
CCC(C)OC(C)=O,"['chemical', 'fruit with pip', 'tropical fruit', 'fresh']"
CCOC(=O)CC(=O)OCC,"['vegetal', 'fruit with pip', 'fresh', 'green vegetal']"
CCCC(=O)OCC,"['balsamic', 'barrel aged alcohol', 'chemical', 'fresh', 'fatty', 'solvent', 'alcoholic beverages', 'sweet', 'dairy', 'woody', 'tropical fruit']"
CCOC(C)OCC,"['chemical', 'vegetal', 'fatty', 'solvent', 'oleaginous', 'phenolic', 'green vegetal', 'medicinal', 'dried fruit', 'fresh']"
O=C1CCCCCN1,['amine']
CCCOC(=O)CCC,"['chemical', 'lactone', 'stone fruit', 'animal', 'solvent', 'tropical fruit', 'fresh']"
Cc1ccc(O)c(C)c1,"['smoked', 'empyreumatic']"
CCC(=O)OCCC(C)C,"['vegetal', 'lactone', 'stone fruit', 'green vegetal', 'fruit with pip']"
CCCCCC(=O)OCC(C)C,"['floral', 'chemical', 'lactone', 'fresh', 'stone fruit', 'vegetal', 'alcoholic beverages', 'fermented drink', 'fermented', 'green vegetal', 'fruit with pip']"
CC(C)=CCCC(C)CCOC=O,"['vegetable', 'fresh aldehydic', 'bush flower', 'vegetal', 'fresh', 'aldehydic', 'fatty', 'stone fruit', 'lactone', 'green vegetal', 'cucurbitacea', 'lemony', 'citrus']"
C=C(C)CCCC(C)CCOC(=O)CC,"['garden flower', 'bush flower']"
CCCOC(=O)CCCCC(=O)OCCC,"['chemical', 'phenolic', 'medicinal', 'fresh']"
CC(C)CCCC(C)CCO,"['bush flower', 'vegetal', 'fresh', 'animal', 'fermented', 'phenolic', 'fruity', 'green vegetal', 'citrus', 'fatty']"
CC(C)=CCCC(C)CCO,"['garden flower', 'bush flower', 'vegetal', 'green vegetal', 'citrus']"
CCCC(=O)OCCC(C)C,"['vegetal', 'lactone', 'fresh', 'stone fruit', 'green vegetal', 'fruit with pip', 'tropical fruit']"
CCCCCCC(=O)OCC,"['balsamic', 'floral', 'chemical', 'barrel aged alcohol', 'fresh', 'vegetal', 'alcoholic beverages', 'fermented drink', 'fermented', 'green vegetal', 'woody', 'tropical fruit']"
CCCCCCCC(=O)OCC,"['floral', 'chemical', 'lactone', 'stone fruit', 'fermented drink', 'alcoholic beverages', 'fermented', 'fruit with pip', 'tropical fruit']"
CCCCCCCCCCCC(=O)OCC,"['vegetal', 'aldehydic', 'green vegetal']"
CCCCC(=O)CC,"['vegetal', 'dairy', 'fermented', 'green vegetal', 'tropical fruit', 'fresh']"
CCCOC(=O)CC,"['balsamic', 'floral', 'chemical', 'barrel aged alcohol', 'solvent', 'alcoholic beverages', 'fermented drink', 'fermented', 'woody', 'tropical fruit', 'fresh']"
COC(=O)CCC(=O)OC,"['balsamic', 'chemical', 'barrel aged alcohol', 'vegetal', 'solvent', 'alcoholic beverages', 'fermented drink', 'fermented', 'green vegetal', 'woody', 'fresh']"
CCCCCC(=O)OC,"['red berry', 'chemical', 'lactone', 'fresh', 'stone fruit', 'solvent', 'fruit with pip', 'tropical fruit']"
CCCCCCC(=O)OC,"['garden flower', 'vegetal', 'green vegetal', 'fruit with pip', 'fresh']"
C=CC=O,"['vegetable', 'red berry', 'vegetal', 'cherry', 'sulphur', 'sweet']"
CCCS,"['vegetable', 'cooked', 'vegetal', 'sulphur', 'empyreumatic', 'cruciferous']"
C=CCO,"['vegetable', 'sulphur', 'vegetal']"
O=CC=O,"['cooked', 'cooked sugar', 'sweet', 'empyreumatic']"
COC=O,"['balsamic', 'floral', 'chemical', 'barrel aged alcohol', 'stone fruit', 'solvent', 'alcoholic beverages', 'fermented drink', 'sweet', 'fermented', 'woody']"
CC(CC=O)CCCC(C)(C)O,"['garden flower', 'vegetal', 'peponide', 'fruity', 'green vegetal', 'fresh']"
CCCC(C)=O,"['balsamic', 'floral', 'chemical', 'barrel aged alcohol', 'solvent', 'alcoholic beverages', 'fermented drink', 'tropical fruit', 'fresh']"
CC(=O)CC(C)C,"['vegetal', 'chemical', 'fresh', 'green vegetal']"
CC(C)CC(C)O,"['floral', 'chemical', 'vegetal', 'fresh', 'alcoholic beverages', 'fermented drink', 'phenolic', 'green vegetal', 'medicinal', 'fatty']"
CC(=O)OC(C)C,"['chemical', 'fresh', 'tropical fruit', 'solvent']"
C=C(C)OC(C)=O,"['balsamic', 'barrel aged alcohol', 'chemical', 'solvent', 'alcoholic beverages', 'woody', 'fruit with pip', 'fresh']"
CC1CCC(=O)O1,"['malt', 'balsamic', 'vegetal', 'lactone', 'empyreumatic', 'oleaginous', 'dry vegetal', 'fruity', 'dried fruit', 'fatty', 'tropical fruit', 'fresh', 'roasted']"
Cc1ccnc(C)c1,"['vegetal', 'empyreumatic', 'green vegetal', 'smoked', 'amine', 'fresh']"
Cc1cccc(C)n1,"['malt', 'amine', 'roasted', 'vegetal', 'fresh', 'oleaginous', 'empyreumatic', 'fermented', 'fruity', 'green vegetal', 'dried fruit', 'fatty']"
Cc1cncc(C)n1,"['malt', 'vegetable', 'cooked', 'chemical', 'vegetal', 'fatty', 'solvent', 'sweet', 'empyreumatic', 'oleaginous', 'fruity', 'dried fruit', 'fresh']"
COC(=O)CC(=O)OC,"['chemical', 'vegetal', 'solvent', 'green vegetal', 'fruit with pip', 'fresh']"
CCOC(=O)CC(C)C,"['floral', 'chemical', 'vegetal', 'fresh', 'fatty', 'alcoholic beverages', 'fermented drink', 'green vegetal', 'dairy', 'fermented', 'citrus', 'fruit with pip', 'tropical fruit']"
CC(C)CC(O)CC(C)C,"['floral', 'chemical', 'vegetal', 'solvent', 'alcoholic beverages', 'fermented drink', 'green vegetal']"
CC(C)CC(=O)CC(C)C,"['mineral', 'chemical', 'vegetal', 'metal', 'solvent', 'green vegetal', 'tropical fruit', 'fresh']"
CC(=O)OC(C)CC(C)C,"['fruit with pip', 'tropical fruit']"
OC1CCCCC1,"['chemical', 'vegetal', 'mint', 'green vegetal', 'medicinal', 'fresh']"
O=C1CCCCC1,"['chemical', 'vegetal', 'mint', 'phenolic', 'green vegetal', 'medicinal', 'fresh']"
Sc1ccccc1,"['vegetable', 'cooked', 'vegetal', 'sulphur', 'empyreumatic']"
CC1CCCCN1,"['amine', 'pyrazic', 'oleaginous', 'empyreumatic', 'dairy', 'fermented', 'fruity', 'dried fruit', 'fatty']"
Cc1ccccn1,"['pyrazic', 'barrel aged alcohol', 'balsamic', 'chemical', 'animal', 'alcoholic beverages', 'empyreumatic', 'sweet', 'nutty', 'oleaginous', 'fruity', 'woody', 'dried fruit', 'amine', 'fatty']"
Cc1cnccn1,"['malt', 'amine', 'vegetable', 'vegetal', 'fresh', 'sweet', 'empyreumatic', 'oleaginous', 'fermented', 'fruity', 'green vegetal', 'dried fruit', 'fatty']"
CCCCOC(=O)CC(C)C,"['chemical', 'lactone', 'vegetal', 'stone fruit', 'solvent', 'green vegetal', 'fruit with pip', 'tropical fruit', 'fresh']"
CCCCOC(=O)CCC,"['red berry', 'vegetal', 'cherry', 'green vegetal', 'fruit with pip', 'tropical fruit']"
O=C1CCCCCCCCCCCCCCCO1,"['floral', 'woody']"
CCCCOC(=O)CCCCCCCCC(=O)OCCCC,['fatty']
C=CCCC(C)=O,"['empyreumatic', 'chemical', 'sulphur', 'fresh', 'solvent']"
CCCCC(=O)O,"['dairy', 'dry vegetal', 'fermented', 'vegetal', 'animal']"
CCCOC(C)=O,"['red berry', 'vegetal', 'chemical', 'aromatic plant', 'phenolic', 'green vegetal', 'medicinal', 'fruit with pip', 'fresh']"
CCCCN,"['dairy', 'fermented', 'amine']"
CCCCS,"['vegetable', 'cooked', 'vegetal', 'sulphur', 'empyreumatic', 'dairy', 'fermented', 'alliaceous']"
SCCCS,"['vegetable', 'cooked', 'vegetal', 'sulphur', 'empyreumatic', 'alliaceous']"
CCNCC,"['dairy', 'fermented', 'amine']"
CCOC=O,"['balsamic', 'floral', 'chemical', 'bush flower', 'barrel aged alcohol', 'vegetal', 'sweet', 'green vegetal', 'medicinal', 'fresh', 'solvent', 'alcoholic beverages', 'fermented drink', 'phenolic', 'woody']"
CCON=O,"['balsamic', 'barrel aged alcohol', 'chemical', 'solvent', 'alcoholic beverages', 'woody', 'fresh']"
c1cc[nH]c1,"['chemical', 'fatty', 'solvent', 'oleaginous', 'empyreumatic', 'fruity', 'dried fruit', 'fresh']"
c1ccoc1,"['chemical', 'solvent', 'empyreumatic', 'phenolic', 'smoked', 'fresh']"
c1ccsc1,"['vegetable', 'vegetal', 'chemical', 'sulphur', 'fresh']"
CC(=O)OCC(C)C,"['chemical', 'solvent', 'fruit with pip', 'fresh']"
CCCCCCCCCC(=O)OCC,"['balsamic', 'floral', 'chemical', 'barrel aged alcohol', 'oleaginous', 'fruit with pip', 'dried fruit', 'alcoholic beverages', 'fermented drink', 'fermented', 'woody']"
CCOC(=O)CCCCCCCCC(=O)OCC,"['floral', 'chemical', 'peponide', 'alcoholic beverages', 'fermented drink', 'fermented']"
CCCCCCCCCC(=O)OC,"['balsamic', 'chemical', 'barrel aged alcohol', 'alcoholic beverages', 'fermented drink', 'sweet', 'woody']"
CCCCCC(C)=O,"['balsamic', 'vegetal', 'chemical', 'lactone', 'oleaginous', 'dairy', 'dry vegetal', 'green vegetal', 'medicinal', 'dried fruit', 'fresh', 'tropical fruit', 'fatty', 'coumarin', 'fermented', 'phenolic']"
CC(C)CCOC=O,"['floral', 'chemical', 'vegetal', 'stone fruit', 'solvent', 'alcoholic beverages', 'fermented drink', 'green vegetal', 'berry', 'fermented', 'black fruit', 'fruit with pip', 'fresh']"
CCCCCN,"['dairy', 'amine']"
CCCCC=O,"['malt', 'roasted', 'cocoa', 'sweet', 'empyreumatic', 'oleaginous', 'dried fruit', 'fatty']"
CCCCCS,"['cooked', 'vegetal', 'sulphur', 'empyreumatic', 'fruity', 'cruciferous', 'green vegetal', 'fresh']"
CCCOC=O,"['balsamic', 'barrel aged alcohol', 'chemical', 'vegetal', 'solvent', 'alcoholic beverages', 'green vegetal', 'woody', 'fresh']"
CCSSCC,"['vegetal', 'sulphur']"
C1CCNCC1,['amine']
CCCCCCCC(=O)OC,"['floral', 'chemical', 'vegetal', 'fresh', 'fatty', 'alcoholic beverages', 'fermented drink', 'fermented', 'green vegetal', 'citrus']"
CCCCCC#CC(=O)OC,"['garden flower', 'chemical', 'vegetal', 'aldehydic', 'green vegetal', 'fresh', 'fresh aldehydic', 'peponide', 'alcoholic beverages', 'fermented drink', 'fermented', 'cucurbitacea']"
CCCCCCC(C)=O,"['vegetal', 'fermented', 'green vegetal', 'fruit with pip', 'fresh']"
CCCCCCC(=O)O,"['dairy', 'animal', 'tropical fruit']"
CCCCCCN,"['dairy', 'fermented', 'amine']"
CCCCCCO,"['floral', 'chemical', 'vegetal', 'solvent', 'alcoholic beverages', 'fermented drink', 'fermented', 'phenolic', 'green vegetal', 'medicinal', 'fresh']"
CCCCCCS,"['vegetable', 'cooked', 'vegetal', 'sulphur', 'oleaginous', 'empyreumatic', 'fruity', 'dried fruit']"
C=CCOCCO,"['earthy', 'chemical', 'musty', 'fermented', 'woody', 'fresh']"
CCCSCCC,"['vegetable', 'vegetal', 'sulphur', 'green vegetal', 'fresh']"
CC(=O)OCCOC(C)=O,"['chemical', 'vegetal', 'fresh', 'solvent', 'alcoholic beverages', 'fermented drink', 'fermented', 'phenolic', 'green vegetal', 'medicinal', 'fatty']"
CCCCCCCO,"['garden flower', 'floral', 'vegetal', 'fermented', 'green vegetal', 'fruit with pip', 'tropical fruit']"
CCCCCCC=O,"['balsamic', 'barrel aged alcohol', 'vegetal', 'chemical', 'oleaginous', 'alcoholic beverages', 'fruity', 'citrus', 'green vegetal', 'woody', 'dried fruit']"
CCCCCCC#CC(=O)OC,"['garden flower', 'vegetable', 'fresh aldehydic', 'vegetal', 'aldehydic', 'fresh', 'peponide', 'fruity', 'green vegetal', 'cucurbitacea', 'fatty']"
C=CCCCCCCCCC(=O)OC,"['chemical', 'bush flower', 'alcoholic beverages', 'fermented drink', 'fermented', 'citrus']"
CCCCCCCCS,"['vegetal', 'cooked', 'empyreumatic']"
CCCCCCCCC(=O)O,"['fermented', 'fruity', 'dried fruit', 'oleaginous']"
CCCCCCCOC(C)=O,"['balsamic', 'chemical', 'barrel aged alcohol', 'vegetal', 'lactone', 'sweet', 'green vegetal', 'fruit with pip', 'stone fruit', 'alcoholic beverages', 'fermented drink', 'fermented', 'citrus']"
CCCCCCCCCC(C)=O,"['garden flower', 'bush flower', 'dairy', 'tropical fruit', 'citrus']"
CCCCCCCCOC(C)=O,"['bush flower', 'lactone', 'fresh', 'stone fruit', 'musty', 'vegetal', 'fermented', 'green vegetal', 'woody', 'citrus']"
CCCCCCCCCCOC(C)=O,"['bush flower', 'floral', 'aldehydic', 'vegetal', 'dairy', 'green vegetal', 'citrus', 'tropical fruit']"
CCCCCCCOC=O,"['fresh aldehydic', 'vegetal', 'aldehydic', 'fresh', 'stone fruit', 'green vegetal', 'cucurbitacea', 'fruit with pip']"
CCCCCCCCCCO,"['fruity', 'citrus']"
CCCCCCCCCC=O,"['vegetal', 'green vegetal', 'citrus', 'fatty']"
CCCCCCCCOC=O,"['garden flower', 'vegetable', 'fresh aldehydic', 'floral', 'bush flower', 'vegetal', 'aldehydic', 'fresh', 'fatty', 'green vegetal', 'cucurbitacea', 'citrus']"
CCCCCCCCCCC(=O)O,"['balsamic', 'vegetal', 'lactone', 'fresh', 'oleaginous', 'sweet', 'dairy', 'dry vegetal', 'fermented', 'fruity', 'woody', 'dried fruit', 'tropical fruit', 'coumarin']"
CCCCCCCCCCCCCCCC(=O)OC,"['garden flower', 'floral']"
C=CCCCCCCCCCO,"['chemical', 'bush flower', 'vegetal', 'green vegetal', 'fruity', 'citrus']"
CCCCCCCCCCC=O,"['vegetal', 'fresh', 'fruity', 'green vegetal', 'citrus', 'tropical fruit']"
C=CCCCCCCCCC=O,"['bush flower', 'vegetal', 'floral', 'fruity', 'green vegetal', 'citrus']"
CCCCCCCCCCCCO,"['balsamic', 'vegetal', 'lactone', 'aldehydic', 'oleaginous', 'sweet', 'dry vegetal', 'fruity', 'green vegetal', 'dried fruit', 'fresh', 'tropical fruit', 'coumarin', 'honeyed', 'woody', 'citrus']"
CCCCCCCCCCCC=O,"['vegetal', 'fresh', 'fatty', 'fruity', 'green vegetal', 'citrus']"
CCCCCCCCCCCCS,['empyreumatic']
CCCCCCCCCCCCCCCCCC(=O)OC,['fatty']
CCCCCCCCCCCCOC(C)=O,"['floral', 'bush flower', 'citrus']"
CCCCCCCCCCCCCO,['fermented']
CCCCCCCCCCCCCCO,"['garden flower', 'balsamic', 'floral', 'vegetal', 'lactone', 'fresh', 'oleaginous', 'sweet', 'dry vegetal', 'woody', 'dried fruit', 'tropical fruit', 'coumarin']"
C=CC(C)(C)O,"['chemical', 'fatty', 'solvent', 'fresh']"
C=CC(C)(CCC=C(C)C)OC(C)=O,"['bush flower', 'vegetal', 'fresh', 'lemony', 'green vegetal', 'fruit with pip', 'citrus']"
CC1CC(O)CC(C)(C)C1,"['chemical', 'vegetal', 'mint', 'fermented', 'phenolic', 'green vegetal', 'medicinal', 'fresh']"
CC(=O)CO,"['floral', 'chemical', 'cooked', 'vegetal', 'solvent', 'alcoholic beverages', 'fermented drink', 'empyreumatic', 'fermented', 'green vegetal', 'cooked sugar', 'fresh']"
CCC(C)C(=O)O,"['dairy', 'animal']"
CC(=O)OC1C=C(C)C2CC(=C(C)C)CC2C(C)C1,"['vegetal', 'wood', 'floral', 'green vegetal']"
O=C(Oc1ccccc1)c1ccccc1O,['honeyed']
O=C(OCc1ccccc1)c1ccccc1O,"['woody', 'fatty']"
CCOC(=O)c1ccccc1O,"['woody', 'fresh']"
Cc1occc(=O)c1O,"['red berry', 'cooked', 'empyreumatic', 'cooked sugar']"
CC(=O)c1ccccc1O,"['balsamic', 'floral', 'vegetal', 'chemical', 'lactone', 'dry vegetal', 'fruity', 'medicinal', 'fresh', 'red berry', 'peponide', 'cherry', 'spicy', 'honeyed', 'woody']"
O=C(c1ccccc1)C(O)c1ccccc1,"['chemical', 'vegetal', 'mint', 'phenolic', 'green vegetal', 'woody', 'fresh']"
c1ccc2cnccc2c1,"['woody', 'fresh']"
COc1ccc(C=O)cc1OC,"['dairy', 'balsamic', 'floral']"
O=Cc1ccc2c(c1)OCO2,"['red berry', 'balsamic', 'chemical', 'woody', 'cherry', 'dairy', 'phenolic', 'fruity', 'medicinal']"
O=C1CCCC1,"['fermented', 'fruity', 'dried fruit', 'fatty', 'oleaginous']"
CCOc1cc(C=O)ccc1O,"['balsamic', 'cooked', 'empyreumatic', 'dairy', 'woody', 'cooked sugar']"
COc1cc(C(=O)O)ccc1O,"['floral', 'woody']"
CCN(CC)CC,"['dairy', 'fermented', 'amine']"
COC(=O)c1ccc(OC)cc1,"['balsamic', 'woody', 'fresh']"
CC(=O)c1ccc(C)cc1,"['red berry', 'balsamic', 'vegetal', 'lactone', 'cherry', 'dry vegetal', 'woody', 'fresh']"
COC(=O)c1ccccc1N,"['sweet', 'tree flower', 'fermented', 'honeyed', 'fruit with pip']"
COc1cc(C=O)cc(OC)c1O,"['malt', 'roasted', 'cocoa', 'vegetal', 'empyreumatic', 'phenolic', 'green vegetal', 'smoked', 'fresh']"
COc1ccccc1C=O,"['balsamic', 'floral', 'chemical', 'woody', 'phenolic', 'medicinal', 'fresh']"
CCCCOC(=O)c1ccccc1,['sweet']
Cc1ccccc1S,"['vegetable', 'cooked', 'vegetal', 'sulphur', 'empyreumatic', 'fermented', 'smoked', 'alliaceous']"
CCC(C)CO,"['malt', 'roasted', 'floral', 'chemical', 'animal', 'empyreumatic', 'fermented drink', 'alcoholic beverages', 'phenolic', 'medicinal']"
CCCCOC(=O)C(C)O,"['balsamic', 'floral', 'vegetal', 'chemical', 'aldehydic', 'musty', 'empyreumatic', 'green vegetal', 'fruit with pip', 'cooked sugar', 'fatty', 'fresh', 'cooked', 'peponide', 'alcoholic beverages', 'fermented drink', 'woody']"
C=C(C)C1CCC(C)(O)CC1,"['garden flower', 'floral']"
CC(C)=CCCC(C)CCOC(=O)Cc1ccccc1,"['honeyed', 'bush flower']"
O=Cc1ccc(O)c(O)c1,"['chemical', 'phenolic', 'sweet', 'empyreumatic']"
CC(=O)OCc1ccccc1,['bush flower']
CCCCCCCCCCCC(=O)OCc1ccccc1,"['vegetal', 'aldehydic', 'green vegetal']"
CC(C)CC(=O)OCCc1ccccc1,"['bush flower', 'lactone', 'stone fruit', 'woody', 'fruit with pip', 'tropical fruit']"
C=CCc1ccc(OC)cc1,"['vegetal', 'aromatic plant', 'fresh', 'green vegetal']"
C=C(C)CCCC(C)CCOC(C)=O,"['garden flower', 'vegetal', 'bush flower', 'green vegetal', 'citrus']"
CCC(=O)OCCC(C)CCC=C(C)C,"['bush flower', 'vegetal', 'green vegetal', 'citrus', 'fresh']"
CCCC(=O)OCCC(C)CCC=C(C)C,"['garden flower', 'bush flower', 'vegetal', 'fresh', 'stone fruit', 'green vegetal', 'fruit with pip', 'citrus']"
CCOC(C)=O,"['balsamic', 'floral', 'chemical', 'barrel aged alcohol', 'vegetal', 'solvent', 'fermented drink', 'alcoholic beverages', 'fermented', 'green vegetal', 'woody', 'fruit with pip', 'fresh']"
CC(=O)C=C(C)C,"['malt', 'roasted', 'cocoa', 'vegetal', 'sweet', 'empyreumatic', 'oleaginous', 'fermented', 'fruity', 'honeyed', 'dried fruit', 'fatty']"
COC(CC(C)CCCC(C)(C)O)OC,"['garden flower', 'bush flower', 'vegetal', 'peponide', 'fruity', 'green vegetal']"
CCOC(=O)CC(C)=O,"['balsamic', 'barrel aged alcohol', 'chemical', 'vegetal', 'solvent', 'alcoholic beverages', 'sweet', 'green vegetal', 'woody', 'fruit with pip']"
C=CCOC(=O)CCCCCC,"['balsamic', 'barrel aged alcohol', 'chemical', 'alcoholic beverages', 'woody', 'fruit with pip', 'tropical fruit']"
CCCCCC(=O)O,"['dairy', 'fermented', 'animal']"
CCCCCCOC(C)=O,"['vegetal', 'fruit with pip', 'tropical fruit', 'green vegetal']"
CCCCOCCCC,"['chemical', 'fresh', 'solvent']"
CCCCCCCCCO,"['fruity', 'bush flower', 'citrus']"
CCCCCCCCCOC(C)=O,"['earthy', 'vegetal', 'musty', 'fermented', 'green vegetal', 'woody', 'fresh']"
COc1cccc(O)c1,['chemical']
c1ccc(CSSCc2ccccc2)cc1,"['cooked', 'vegetal', 'sweet', 'empyreumatic', 'phenolic', 'green vegetal', 'cooked sugar', 'smoked', 'fresh']"
COc1ccc(O)cc1,['fresh']
COc1ccc(OC)cc1,"['vegetal', 'fatty', 'oleaginous', 'dry vegetal', 'fruity', 'green vegetal', 'dried fruit', 'fresh']"
CC(=O)OCCC(C)CCC=C(C)C,"['bush flower', 'vegetal', 'fatty', 'green vegetal', 'citrus']"
CC(=O)OC(C)(C)Cc1ccccc1,"['bush flower', 'vegetal', 'green vegetal', 'fruit with pip']"
COc1cccc(OC)c1,"['chemical', 'phenolic', 'dried fruit', 'fatty', 'oleaginous']"
CCC(C)CCC(C)(O)CC,['bush flower']
c1cscn1,"['cooked', 'oleaginous', 'empyreumatic', 'fruity', 'dried fruit', 'amine', 'fatty']"
c1cnccn1,"['oleaginous', 'empyreumatic', 'fermented', 'fruity', 'dried fruit', 'fatty']"
CC(=O)OCc1ccc2c(c1)OCO2,"['mineral', 'red berry', 'aldehydic', 'vegetal', 'metal', 'cherry', 'fruity', 'green vegetal', 'fatty']"
CC(=O)c1cccnc1,"['pyrazic', 'floral', 'vegetal', 'oleaginous', 'empyreumatic', 'dry vegetal', 'fruity', 'dried fruit', 'fatty']"
CCSCC,"['vegetable', 'cooked', 'chemical', 'vegetal', 'sulphur', 'solvent', 'empyreumatic', 'fresh', 'alliaceous']"
CC(=O)CCC=C(C)C,"['fresh aldehydic', 'vegetal', 'aldehydic', 'fresh', 'fatty', 'dairy', 'fermented', 'green vegetal', 'fruit with pip', 'citrus', 'tropical fruit']"
CC1=C(C=O)C(C)(C)CCC1,"['fresh aldehydic', 'bush flower', 'vegetal', 'aldehydic', 'fresh', 'dry vegetal', 'green vegetal', 'fatty']"
CC(C)C12CCC(C)(CC1)O2,"['vegetal', 'chemical', 'mint', 'phenolic', 'wood', 'green vegetal', 'woody', 'resinous', 'medicinal']"
CC1=CC2C(=C(C)CCC2C(C)C)CC1,['empyreumatic']
CC1=CC(O)C(C(C)C)CC1,['fermented']
Cc1ccnc2ccccc12,"['vegetal', 'fermented', 'fatty', 'fresh', 'green vegetal', 'empyreumatic']"
CCCC(=O)c1ccccc1,"['balsamic', 'chemical', 'vegetal', 'mint', 'dairy', 'oleaginous', 'green vegetal', 'medicinal', 'dried fruit', 'fatty', 'fresh', 'red berry', 'cherry', 'phenolic', 'woody']"
OCc1ccc2c(c1)OCO2,"['balsamic', 'floral', 'woody']"
O=C1C=CCO1,"['floral', 'chemical', 'alcoholic beverages', 'empyreumatic', 'fermented drink', 'dairy', 'fermented', 'fatty']"
CC1CCC(C(C)(C)O)CC1,"['garden flower', 'vegetal', 'phenolic', 'wood', 'fruity', 'citrus', 'woody', 'resinous', 'fresh']"
CC1CCC(C(C)C)CC1=O,"['vegetal', 'green vegetal', 'fresh']"
Cc1ccc(C(C)C)cc1O,"['chemical', 'vegetal', 'mint', 'empyreumatic', 'green vegetal', 'smoked', 'fresh']"
OCCc1ccc(O)cc1,['bush flower']
CC(C)=CCCC(C)CC(=O)O,"['fresh aldehydic', 'vegetal', 'aldehydic', 'fresh', 'empyreumatic', 'dry vegetal', 'phenolic', 'fruity', 'green vegetal', 'smoked', 'citrus']"
CC(=O)CCCC(C)CCCC(C)CCCC(C)C,"['vegetal', 'aromatic plant', 'bush flower', 'fatty', 'green vegetal']"
CC(C)CC(=O)O,"['fermented', 'animal']"
CSCCCO,"['earthy', 'vegetal', 'sulphur', 'musty', 'empyreumatic', 'fermented', 'woody', 'alliaceous']"
C1CSCCS1,"['earthy', 'vegetable', 'vegetal', 'chemical', 'sulphur', 'musty', 'woody', 'fresh', 'alliaceous']"
C=CC(C)(O)CCCC(C)CCCC(C)CCCC(C)C,"['dry vegetal', 'vegetal', 'fresh', 'green vegetal']"
CCCC=CC=O,"['fresh aldehydic', 'vegetal', 'stone fruit', 'dairy', 'fermented', 'green vegetal', 'fruit with pip', 'tropical fruit']"
CC(=O)S,['empyreumatic']
CC(C)CS,"['vegetal', 'sulphur', 'empyreumatic', 'alliaceous']"
CCC(C)S,"['vegetable', 'cooked', 'vegetal', 'sulphur', 'empyreumatic', 'alliaceous']"
CC1(C)C2CC=C(CO)C1C2,"['vegetal', 'chemical', 'mint', 'phenolic', 'wood', 'green vegetal', 'resinous', 'fresh']"
Cc1cccc(O)c1C,['fermented']
Cc1cc(C)c(O)c(C)c1,"['roasted', 'vegetal', 'chemical', 'animal', 'empyreumatic', 'dry vegetal', 'smoked']"
Cc1ccccc1C=O,"['red berry', 'fruity', 'cherry']"
CC(=O)Oc1ccccc1C,"['chemical', 'phenolic']"
COC(C)OC,"['vegetal', 'chemical', 'solvent', 'dry vegetal', 'phenolic', 'green vegetal', 'medicinal', 'fresh']"
Cc1ccco1,"['malt', 'mineral', 'chemical', 'metal', 'sulphur', 'empyreumatic', 'oleaginous', 'fruity', 'dried fruit', 'fatty', 'fresh', 'roasted', 'cocoa', 'fermented']"
Cc1ccc(C(C)O)cc1,"['red berry', 'vegetal', 'cherry', 'oleaginous', 'dry vegetal', 'fruity', 'dried fruit', 'fatty']"
C=C(C)C1CC=C(CO)CC1,"['garden flower', 'vegetal', 'green vegetal', 'fruity', 'citrus', 'fresh']"
CCc1cccnc1,"['vegetal', 'animal', 'oleaginous', 'empyreumatic', 'dry vegetal', 'phenolic', 'fruity', 'smoked', 'dried fruit', 'fatty']"
COCc1ccccc1,"['garden flower', 'mineral', 'bush flower', 'chemical', 'metal', 'vegetal', 'solvent', 'green vegetal', 'fresh']"
CCCCC(=O)OCC,"['vegetal', 'fresh', 'green vegetal', 'fruit with pip']"
CCOC(=O)CCC(C)=O,"['cooked', 'vegetal', 'fresh', 'peponide', 'empyreumatic', 'green vegetal', 'fruit with pip', 'cooked sugar']"
CCCC(=O)OCC(C)C,"['red berry', 'balsamic', 'barrel aged alcohol', 'chemical', 'cherry', 'alcoholic beverages', 'woody', 'fruit with pip', 'tropical fruit']"
CCCCCOC(=O)CCCCC,"['balsamic', 'barrel aged alcohol', 'chemical', 'vegetal', 'fresh', 'alcoholic beverages', 'green vegetal', 'woody', 'fruit with pip', 'tropical fruit']"
CCC(=O)OCC(C)C,"['balsamic', 'barrel aged alcohol', 'chemical', 'vegetal', 'solvent', 'alcoholic beverages', 'green vegetal', 'woody', 'fresh']"
SCCS,"['vegetable', 'cooked', 'vegetal', 'sulphur', 'empyreumatic', 'alliaceous']"
CC(C)CCS,"['cooked', 'vegetal', 'sulphur', 'empyreumatic', 'alliaceous']"
CC(C)=CC(=O)O,"['cooked', 'vegetal', 'sweet', 'empyreumatic', 'fermented', 'green vegetal', 'cooked sugar', 'fresh']"
Cc1csc(C)n1,"['malt', 'cooked', 'vegetal', 'empyreumatic', 'dry vegetal']"
CC1CCCCCCCCCCCCC(=O)C1,"['vegetal', 'aldehydic', 'green vegetal']"
CC(C)COC=O,"['balsamic', 'barrel aged alcohol', 'chemical', 'solvent', 'alcoholic beverages', 'woody', 'fresh']"
CCN=C=S,"['earthy', 'vegetable', 'vegetal', 'root', 'sulphur', 'cruciferous', 'alliaceous']"
C=CC(=C)CCCC(C)(C)O,"['bush flower', 'fruity', 'citrus']"
CCCCCC(C)O,"['earthy', 'fresh aldehydic', 'vegetal', 'aldehydic', 'musty', 'dairy', 'fermented', 'green vegetal', 'woody', 'citrus']"
CCCCSCCCC,"['earthy', 'garden flower', 'bush flower', 'vegetal', 'aldehydic', 'sulphur', 'cruciferous', 'green vegetal', 'fresh', 'fatty', 'fresh aldehydic', 'root']"
CCCCCCCCCCCCCC(=O)O,"['balsamic', 'vegetal', 'lactone', 'aldehydic', 'oleaginous', 'sweet', 'dry vegetal', 'fruity', 'green vegetal', 'dried fruit', 'fresh', 'tropical fruit', 'coumarin', 'woody', 'citrus']"
CC1C(=O)CC2CC1C2(C)C,"['vegetal', 'chemical', 'mint', 'phenolic', 'wood', 'green vegetal', 'woody', 'resinous', 'medicinal']"
COC(=O)C(C)C,"['balsamic', 'barrel aged alcohol', 'chemical', 'lactone', 'stone fruit', 'solvent', 'alcoholic beverages', 'woody', 'fruit with pip', 'tropical fruit', 'fresh']"
CC(=O)c1ccccc1N,"['fruit with pip', 'fruity']"
CCC(=O)OC,"['red berry', 'balsamic', 'barrel aged alcohol', 'chemical', 'solvent', 'alcoholic beverages', 'sweet', 'woody', 'fruit with pip']"
Cc1cccs1,"['vegetable', 'vegetal', 'sulphur', 'empyreumatic', 'green vegetal', 'fresh']"
COC(=O)CC(C)C,"['chemical', 'solvent', 'fruit with pip', 'tropical fruit', 'fresh']"
CN=C=S,"['earthy', 'vegetable', 'vegetal', 'root', 'sulphur', 'cruciferous']"
CC(C)=CCO,"['bush flower', 'chemical', 'floral', 'vegetal', 'solvent', 'phenolic', 'green vegetal', 'medicinal', 'fresh']"
CCCOC(=O)CC(C)C,['fruit with pip']
CC1=CCC(O)(C(C)C)CC1,"['vegetal', 'fermented', 'fruity', 'citrus', 'fresh', 'green vegetal']"
CC(=O)C(C)C,"['chemical', 'vegetal', 'solvent', 'mint', 'phenolic', 'green vegetal', 'medicinal', 'fresh']"
CCC(=O)C(C)C,"['chemical', 'fresh', 'solvent']"
Cc1cccc(C)c1O,"['chemical', 'roasted', 'smoked', 'empyreumatic']"
CC(=O)c1ccccc1C,"['balsamic', 'vegetal', 'lactone', 'fatty', 'empyreumatic', 'oleaginous', 'dry vegetal', 'fruity', 'honeyed', 'woody', 'dried fruit', 'fresh']"
CC(=O)C(=O)c1ccccc1,"['honeyed', 'fatty']"
C=CCOC(=O)c1ccccc1,"['red berry', 'cherry']"
CCCCOC(=O)c1ccco1,"['cooked', 'cooked sugar', 'sweet', 'empyreumatic']"
CC1CCCCC1=O,['sweet']
CCC(O)CC,"['chemical', 'fatty', 'solvent', 'oleaginous', 'dried fruit', 'fresh']"
CCCCCC(=O)C(C)=O,"['vegetal', 'dairy', 'fermented', 'green vegetal']"
CC1=CCC(=C(C)C)CC1,"['vegetal', 'phenolic', 'wood', 'fruity', 'citrus', 'resinous']"
CC(C)C1=CCC(C)(O)CC1,"['vegetal', 'fermented', 'phenolic', 'wood', 'resinous', 'fresh']"
Cc1ccc(CO)cc1,"['vegetal', 'bush flower', 'green vegetal', 'woody', 'fresh']"
CCC(C)CCO,"['malt', 'roasted', 'balsamic', 'floral', 'chemical', 'barrel aged alcohol', 'vegetal', 'alcoholic beverages', 'fermented drink', 'empyreumatic', 'sweet', 'green vegetal', 'woody', 'fresh']"
CCCC(=O)CC,"['balsamic', 'floral', 'chemical', 'barrel aged alcohol', 'solvent', 'alcoholic beverages', 'fermented drink', 'fermented', 'woody', 'fruit with pip', 'fresh']"
CCCC(O)CCC,"['vegetal', 'chemical', 'solvent', 'phenolic', 'green vegetal', 'medicinal', 'fresh']"
CC(C)COC(=O)CC(C)C,"['red berry', 'vegetal', 'fresh', 'green vegetal', 'fruit with pip', 'tropical fruit']"
CCCCCCCC(=O)OCCCC,"['chemical', 'vegetal', 'fatty', 'solvent', 'dairy', 'green vegetal', 'fresh']"
CCCCC(O)CC,"['bush flower', 'vegetal', 'floral', 'chemical', 'phenolic', 'green vegetal', 'fresh']"
CC1CCC(=O)CC1,"['fermented', 'chemical', 'fresh']"
CCCCCC(O)CC,"['vegetal', 'fresh', 'peponide', 'oleaginous', 'green vegetal', 'fruity', 'citrus', 'dried fruit', 'fatty']"
CCCCOC(=O)CC,"['balsamic', 'bush flower', 'chemical', 'floral', 'barrel aged alcohol', 'lactone', 'tropical fruit', 'fresh', 'red berry', 'stone fruit', 'cherry', 'solvent', 'alcoholic beverages', 'woody']"
CCCC(C)(C)O,"['chemical', 'vegetal', 'mint', 'phenolic', 'green vegetal', 'medicinal', 'fresh']"
CC(C)CC=O,"['malt', 'chemical', 'vegetal', 'lactone', 'sweet', 'empyreumatic', 'dairy', 'green vegetal', 'fresh', 'roasted', 'stone fruit', 'solvent', 'fermented']"
CC1=CCC(=O)O1,"['balsamic', 'vegetal', 'chemical', 'lactone', 'oleaginous', 'dry vegetal', 'fruity', 'dried fruit', 'fatty', 'tropical fruit', 'fresh', 'woody']"
CC1CCCC(=O)C1,"['chemical', 'vegetal', 'mint', 'phenolic', 'green vegetal']"
COc1cccc(C=O)c1,"['chemical', 'phenolic', 'medicinal', 'woody', 'fresh']"
CCCCOC(=O)CC(C)=O,"['floral', 'chemical', 'fermented drink', 'alcoholic beverages']"
CC(=O)CCC(=O)O,"['balsamic', 'cooked', 'empyreumatic', 'dairy', 'woody', 'cooked sugar', 'fatty']"
CCCCC(C)=O,"['fermented', 'cooked', 'fatty', 'empyreumatic']"
CC(=O)COC(C)=O,"['cooked', 'sweet', 'empyreumatic', 'oleaginous', 'cooked sugar', 'dried fruit', 'fatty']"
CCCCN=C=S,"['earthy', 'vegetal', 'root', 'sulphur', 'cruciferous', 'green vegetal', 'fresh']"
CCCCOC=O,"['balsamic', 'barrel aged alcohol', 'chemical', 'stone fruit', 'solvent', 'sweet', 'alcoholic beverages', 'woody', 'fresh']"
C=CCSCC=C,"['earthy', 'vegetable', 'mineral', 'vegetal', 'root', 'metal', 'sulphur', 'cruciferous', 'alliaceous']"
CCCCCCCCCCCC(C)=O,"['balsamic', 'vegetal', 'lactone', 'musty', 'oleaginous', 'sweet', 'dry vegetal', 'fruity', 'dried fruit', 'fresh', 'tropical fruit', 'coumarin', 'fermented', 'woody']"
CC(C)C(C)O,"['malt', 'roasted', 'chemical', 'vegetal', 'empyreumatic', 'dairy', 'phenolic', 'medicinal', 'fresh']"
CCC(=O)C(C)=O,"['cooked', 'empyreumatic', 'dairy', 'oleaginous', 'fermented', 'fruity', 'cooked sugar', 'dried fruit']"
CC(C)OC(=O)c1ccccc1O,"['vegetal', 'green vegetal', 'fresh']"
COC(=O)c1ccco1,"['floral', 'chemical', 'cooked', 'vegetal', 'musty', 'alcoholic beverages', 'fermented drink', 'empyreumatic', 'dry vegetal', 'fermented', 'woody', 'cooked sugar']"
CCOC(=O)c1ccco1,"['woody', 'sweet', 'empyreumatic']"
CCCOC(=O)c1ccco1,"['malt', 'roasted', 'cocoa', 'musty', 'empyreumatic', 'fermented', 'woody']"
CSc1nc2ccccc2s1,"['phenolic', 'smoked', 'empyreumatic']"
C=CC(O)CC,"['earthy', 'fresh aldehydic', 'vegetal', 'root', 'chemical', 'aldehydic', 'sulphur', 'solvent', 'fatty', 'cruciferous', 'green vegetal', 'fresh']"
CCOC(=O)c1ccc(O)c(OC)c1,"['mineral', 'balsamic', 'metal', 'empyreumatic', 'woody', 'smoked']"
CCOC(=O)C(C)=O,"['balsamic', 'barrel aged alcohol', 'chemical', 'cooked', 'vegetal', 'solvent', 'alcoholic beverages', 'empyreumatic', 'woody', 'cooked sugar', 'fresh']"
CC(C)OC(=O)C(C)C,"['fruit with pip', 'citrus', 'tropical fruit']"
CC(C)(O)c1ccccc1,"['vegetal', 'green vegetal', 'fresh']"
C=C(C)C1CCC(C)C(O)C1,"['chemical', 'vegetal', 'mint', 'fermented', 'phenolic', 'green vegetal', 'medicinal']"
Cc1ccc(C=O)o1,"['roasted', 'cooked', 'empyreumatic', 'oleaginous', 'fruity', 'cooked sugar', 'dried fruit', 'fatty']"
CCc1cccc(O)c1,"['empyreumatic', 'fermented']"
Cc1cccc(C=O)c1,"['red berry', 'cherry']"
CC(=O)OC1CCCCC1,"['chemical', 'fermented', 'fruit with pip', 'tropical fruit', 'fresh']"
CCOc1ccc(O)cc1,"['floral', 'fresh', 'oleaginous', 'empyreumatic', 'fruity', 'smoked', 'dried fruit', 'fatty']"
CC(=O)OCc1ccco1,"['earthy', 'vegetable', 'vegetal', 'root', 'chemical', 'sulphur', 'solvent', 'cruciferous', 'tropical fruit', 'fresh']"
CCCC(O)CC,"['balsamic', 'barrel aged alcohol', 'chemical', 'vegetal', 'sweet', 'green vegetal', 'fruit with pip', 'tropical fruit', 'fresh', 'alcoholic beverages', 'phenolic', 'woody']"
CCCC(=O)OC,"['chemical', 'fatty', 'solvent', 'dairy', 'fruit with pip', 'tropical fruit', 'fresh']"
CCCCC(=O)OC,"['chemical', 'vegetal', 'fatty', 'solvent', 'oleaginous', 'animal', 'green vegetal', 'fruit with pip', 'dried fruit', 'tropical fruit', 'fresh']"
CCC(C)COC(C)=O,"['chemical', 'solvent', 'fruit with pip', 'fresh']"
CCCCCCC(O)CC,['fatty']
CCCCCOC(=O)CC,"['lactone', 'fruit with pip', 'stone fruit']"
CCSC,"['roasted', 'mineral', 'cooked', 'vegetal', 'metal', 'sulphur', 'empyreumatic', 'cruciferous']"
CSSC,"['vegetal', 'sulphur', 'cruciferous', 'alliaceous']"
CC(C)OC=O,"['malt', 'roasted', 'chemical', 'empyreumatic', 'fresh']"
CC(C)SC(C)C,"['vegetal', 'sulphur', 'alliaceous']"
Cc1ccc(C)o1,"['balsamic', 'barrel aged alcohol', 'chemical', 'cooked', 'alcoholic beverages', 'sweet', 'empyreumatic', 'woody', 'fresh']"
CCCC(C)OC(C)=O,"['vegetal', 'fresh', 'fatty', 'oleaginous', 'dairy', 'fermented', 'green vegetal', 'dried fruit', 'tropical fruit', 'citrus']"
CCCCCC(=O)OCCC,"['vegetal', 'fresh', 'green vegetal']"
CCCCCC(=O)OCCCC,"['balsamic', 'floral', 'vegetal', 'chemical', 'aldehydic', 'barrel aged alcohol', 'sweet', 'green vegetal', 'fruit with pip', 'fatty', 'tropical fruit', 'fresh', 'alcoholic beverages', 'fermented drink', 'woody']"
CC(C)CCCO,"['vegetal', 'fatty', 'oleaginous', 'green vegetal', 'dried fruit', 'fresh']"
CCCCC(C)O,"['mineral', 'floral', 'chemical', 'vegetal', 'metal', 'green vegetal', 'medicinal', 'fresh', 'alcoholic beverages', 'fermented drink', 'phenolic', 'woody']"
CCCCCCCCCCC(=O)OCC,"['balsamic', 'barrel aged alcohol', 'vegetal', 'chemical', 'lactone', 'aldehydic', 'oleaginous', 'sweet', 'dairy', 'dry vegetal', 'green vegetal', 'dried fruit', 'fresh', 'tropical fruit', 'coumarin', 'alcoholic beverages', 'fermented', 'woody']"
COC(=O)CCCCC(=O)OC,"['floral', 'chemical', 'oleaginous', 'fermented drink', 'alcoholic beverages', 'fermented', 'dried fruit', 'fatty']"
CCCCSC,"['cooked', 'vegetal', 'sulphur', 'empyreumatic', 'green vegetal', 'fresh', 'alliaceous']"
CC(C)CCCC(=O)O,"['dairy', 'fermented']"
CCCCCOC(C)=O,"['chemical', 'fresh', 'solvent', 'fruit with pip', 'tropical fruit']"
CCCCCCCCCCCCCCCC(=O)OCC,"['dairy', 'woody', 'fatty']"
CCCCCCCC(C)O,"['vegetal', 'aldehydic', 'fresh', 'fatty', 'fermented', 'green vegetal', 'citrus']"
CCCSSCCC,"['vegetable', 'mineral', 'vegetal', 'metal', 'sulphur', 'empyreumatic', 'fruity', 'green vegetal']"
CCCCSSCCCC,"['vegetal', 'green vegetal', 'sulphur', 'fresh']"
CC(=O)OCC1CCCO1,"['balsamic', 'barrel aged alcohol', 'chemical', 'empyreumatic', 'oleaginous', 'cooked sugar', 'dried fruit', 'fatty', 'fresh', 'solvent', 'alcoholic beverages', 'woody']"
C=Cc1ccc(OC)cc1,"['floral', 'bush flower']"
CCC(=O)OC(C)C,"['balsamic', 'barrel aged alcohol', 'chemical', 'stone fruit', 'solvent', 'alcoholic beverages', 'woody', 'tropical fruit', 'fresh']"
Cc1ccc(C)s1,"['vegetable', 'vegetal', 'sulphur', 'oleaginous', 'fruity', 'green vegetal', 'dried fruit', 'fatty', 'alliaceous']"
CC1NC(C)SC(C)S1,"['oleaginous', 'empyreumatic', 'fruity', 'dried fruit', 'fatty']"
CCCCCOC=O,"['floral', 'chemical', 'vegetal', 'solvent', 'alcoholic beverages', 'fermented drink', 'fermented', 'green vegetal', 'tropical fruit']"
Cc1ccc(-c2ccccc2)cc1,"['fruity', 'fruit with pip', 'fresh']"
CCCc1ccccc1O,"['chemical', 'woody', 'smoked', 'sweet', 'empyreumatic']"
CCCOC(=O)C(C)C,['peponide']
CC(=O)c1ccc(C(C)C)cc1,"['garden flower', 'floral']"
CCCc1ccc(O)cc1,['chemical']
CC(C)CCC(=O)O,"['dairy', 'fermented']"
CC(C)CCOC(=O)CC(C)C,"['balsamic', 'barrel aged alcohol', 'chemical', 'vegetal', 'fresh', 'lactone', 'stone fruit', 'alcoholic beverages', 'green vegetal', 'woody', 'fruit with pip']"
C=CCCCCCCCCC(=O)OCC,"['balsamic', 'floral', 'chemical', 'aldehydic', 'vegetal', 'barrel aged alcohol', 'fresh', 'alcoholic beverages', 'fermented drink', 'dairy', 'fermented', 'green vegetal', 'woody']"
CCCCCCCCC(C)=O,"['fruity', 'lactone', 'stone fruit', 'citrus']"
Cc1cscn1,"['cooked', 'vegetal', 'fresh', 'sulphur', 'oleaginous', 'empyreumatic', 'fruity', 'green vegetal', 'dried fruit', 'fatty']"
CCC1CCC(=O)O1,"['balsamic', 'vegetal', 'lactone', 'oleaginous', 'dairy', 'dry vegetal', 'fruity', 'dried fruit', 'fatty', 'tropical fruit', 'fresh']"
CCCC1CCCC(=O)O1,"['balsamic', 'vegetal', 'oleaginous', 'dry vegetal', 'fruity', 'green vegetal', 'dried fruit', 'fresh', 'woody']"
CSSCc1ccccc1,"['mineral', 'vegetal', 'metal', 'sulphur', 'cruciferous', 'green vegetal', 'fresh', 'alliaceous']"
CC(=O)CCc1ccco1,"['cooked', 'cooked sugar', 'sweet', 'empyreumatic']"
CCCCCC1CCCC(=O)O1,"['balsamic', 'vegetal', 'oleaginous', 'dry vegetal', 'dried fruit', 'tropical fruit', 'coumarin', 'stone fruit', 'woody']"
CCCCCCC1CCC(=O)O1,"['balsamic', 'vegetal', 'lactone', 'oleaginous', 'dairy', 'empyreumatic', 'dry vegetal', 'cooked sugar', 'dried fruit', 'tropical fruit', 'coumarin', 'cooked', 'stone fruit', 'woody']"
CCCCCCCC1CCCC(=O)O1,"['mineral', 'balsamic', 'vegetal', 'metal', 'oleaginous', 'dry vegetal', 'dried fruit', 'coumarin', 'stone fruit', 'woody']"
C=C(C)CCO,"['vegetal', 'green vegetal']"
CSCc1ccccc1,"['cooked', 'empyreumatic']"
CCCCCCCC(C)=O,"['balsamic', 'vegetal', 'lactone', 'aldehydic', 'oleaginous', 'dairy', 'dry vegetal', 'green vegetal', 'dried fruit', 'tropical fruit', 'coumarin', 'fermented', 'woody']"
CC1CCCC(=O)O1,"['malt', 'balsamic', 'vegetal', 'lactone', 'empyreumatic', 'oleaginous', 'dairy', 'dry vegetal', 'dried fruit', 'tropical fruit', 'fresh', 'fatty', 'roasted', 'cocoa', 'woody']"
CC1(C)SC(C)(C)SC(C)(C)S1,"['cooked', 'vegetal', 'fresh', 'green vegetal', 'empyreumatic', 'berry', 'black fruit', 'citrus']"
CCC(C)C(=O)OC,"['garden flower', 'floral', 'chemical', 'vegetal', 'solvent', 'green vegetal', 'fruit with pip', 'fresh']"
C=CCS,"['vegetable', 'cooked', 'vegetal', 'sulphur', 'empyreumatic']"
c1ccc(SSc2ccccc2)cc1,"['vegetal', 'alliaceous', 'vegetable', 'cooked', 'sulphur', 'empyreumatic']"
CCCCCCCC(=O)CC,"['vegetal', 'fresh', 'citrus', 'green vegetal']"
O=C1C=CCCC1,"['vegetal', 'green vegetal', 'fresh', 'empyreumatic']"
CCc1ccc(C(C)=O)cc1,['woody']
CC(C)OC(=O)c1ccccc1,['woody']
CC(=O)c1cccc2ccccc12,"['tree flower', 'honeyed', 'fruity', 'citrus']"
O=C1CCCS1,"['empyreumatic', 'vegetal', 'vegetable', 'sulphur', 'alliaceous']"
O=Cc1ccc[nH]1,"['oleaginous', 'empyreumatic', 'fermented', 'fruity', 'dried fruit', 'fatty']"
CC(=O)c1ccc[nH]1,"['red berry', 'balsamic', 'vegetal', 'lactone', 'fatty', 'cherry', 'sweet', 'oleaginous', 'dry vegetal', 'fermented', 'fruity', 'woody', 'dried fruit', 'fresh']"
COc1cc(C)ccc1C(C)C,"['phenolic', 'smoked', 'empyreumatic']"
CCCCCCCC(=O)OCCCCCC,"['vegetal', 'fruit with pip', 'fresh', 'green vegetal']"
C=CC(OC(=O)CC(C)C)C(C)CC=C(C)C,"['floral', 'bush flower', 'lactone', 'fresh', 'stone fruit', 'lemony', 'citrus']"
C=CC(=C)CCCC(C)(C)OC(C)=O,"['bush flower', 'lemony', 'fruity', 'fruit with pip', 'citrus']"
CC(=O)c1ccccn1,"['pyrazic', 'vegetal', 'oleaginous', 'empyreumatic', 'dry vegetal', 'fermented', 'fruity', 'dried fruit']"
CC(CO)c1ccccc1,"['garden flower', 'vegetal', 'honeyed', 'green vegetal', 'woody', 'fresh']"
Cc1nc(C)c(C)nc1C,"['malt', 'roasted', 'balsamic', 'sweet', 'empyreumatic', 'oleaginous', 'fermented', 'fruity', 'woody', 'dried fruit', 'fatty']"
C=C1CCC2OC2(C)CCC2C1CC2(C)C,"['vegetal', 'dry vegetal', 'wood', 'resinous']"
CCCCCC(C)C(=O)O,"['vegetal', 'animal', 'dairy', 'fermented', 'green vegetal', 'fresh']"
CC(=O)OCC=C(C)C,"['floral', 'bush flower', 'vegetal', 'green vegetal', 'woody', 'fruit with pip', 'tropical fruit']"
SCCCCCCS,"['earthy', 'cooked', 'musty', 'empyreumatic', 'fermented', 'woody']"
SCCCCCCCCS,"['cooked', 'musty', 'empyreumatic', 'fermented', 'woody']"
CC(=O)c1ccco1,"['malt', 'roasted', 'cooked', 'empyreumatic', 'oleaginous', 'dairy', 'fruity', 'woody', 'cooked sugar', 'dried fruit', 'fatty']"
CC1=CC(=O)CCC1,"['red berry', 'cooked', 'cherry', 'empyreumatic', 'oleaginous', 'fermented', 'cooked sugar', 'dried fruit', 'fatty']"
CC(=O)c1ccc(C)o1,"['balsamic', 'vegetal', 'lactone', 'oleaginous', 'empyreumatic', 'dairy', 'dry vegetal', 'fruity', 'cooked sugar', 'dried fruit', 'fatty', 'tropical fruit', 'fresh', 'cooked', 'fermented', 'woody']"
Cc1ccc(C(C)(C)O)cc1,"['balsamic', 'vegetal', 'chemical', 'lactone', 'mint', 'oleaginous', 'dry vegetal', 'aromatic plant', 'green vegetal', 'medicinal', 'dried fruit', 'fresh', 'fatty', 'red berry', 'cherry', 'phenolic', 'woody']"
C=C1CCC2CC1C2(C)C,"['vegetal', 'chemical', 'mint', 'dry vegetal', 'phenolic', 'wood', 'green vegetal', 'resinous', 'medicinal']"
c1coc(Cn2cccc2)c1,"['vegetal', 'sulphur', 'musty', 'empyreumatic', 'cruciferous', 'green vegetal', 'fresh', 'roasted', 'root', 'fermented', 'phenolic', 'woody', 'smoked']"
CC(=O)c1cc(C)ccc1O,"['red berry', 'balsamic', 'vegetal', 'lactone', 'cherry', 'dry vegetal', 'honeyed', 'fruity', 'woody', 'fresh']"
COC(=O)CC(C)O,"['floral', 'chemical', 'vegetal', 'alcoholic beverages', 'fermented drink', 'fermented', 'green vegetal', 'fruit with pip']"
CCC(C)CCC(=O)O,"['dairy', 'fermented']"
SC1CCCCC1,"['earthy', 'vegetal', 'root', 'sulphur', 'empyreumatic', 'cruciferous', 'alliaceous']"
CCCCCC1OCC(C)O1,"['vegetal', 'tropical fruit', 'green vegetal']"
CSCSC,"['earthy', 'mineral', 'vegetal', 'metal', 'sulphur', 'musty', 'empyreumatic', 'cruciferous', 'green vegetal', 'fresh', 'vegetable', 'cooked', 'root', 'fermented', 'woody']"
C=CC(=O)CC,"['earthy', 'vegetable', 'vegetal', 'root', 'chemical', 'sulphur', 'solvent', 'cruciferous', 'fresh']"
C=CC(=O)CCC,"['vegetal', 'mineral', 'green vegetal', 'metal', 'fresh', 'empyreumatic']"
COC(C)(C)C,"['floral', 'chemical', 'sulphur', 'solvent', 'alcoholic beverages', 'fermented drink', 'fermented']"
CCCCCCCS,"['cooked', 'vegetal', 'sulphur', 'empyreumatic', 'alliaceous']"
CCCCCCCCCC(C)O,"['bush flower', 'aldehydic', 'vegetal', 'green vegetal', 'citrus']"
SC1CCCC1,"['earthy', 'cooked', 'vegetal', 'root', 'sulphur', 'empyreumatic', 'aromatic plant', 'cruciferous', 'green vegetal']"
CCCCCCCCCCCOC(C)=O,"['bush flower', 'floral']"
CCCCCCCCC(=O)OC,"['balsamic', 'floral', 'vegetal', 'chemical', 'lactone', 'oleaginous', 'dry vegetal', 'green vegetal', 'fruit with pip', 'dried fruit', 'fresh', 'fatty', 'coumarin', 'alcoholic beverages', 'fermented drink', 'fermented', 'woody']"
CCCCCCCCCCC(=O)OC,"['floral', 'chemical', 'alcoholic beverages', 'fermented drink', 'fermented']"
CC(C)=CC(=O)OC(C)C,"['vegetal', 'garden flower', 'floral', 'fresh', 'green vegetal']"
C=CCOC(=O)Cc1ccccc1,"['balsamic', 'barrel aged alcohol', 'chemical', 'alcoholic beverages', 'honeyed', 'woody', 'tropical fruit']"
CCOC(=O)CCc1ccccc1,"['garden flower', 'balsamic', 'barrel aged alcohol', 'bush flower', 'chemical', 'alcoholic beverages', 'honeyed', 'woody']"
CCCCCCCC(=O)OCCC(C)C,"['balsamic', 'floral', 'vegetal', 'chemical', 'lactone', 'aldehydic', 'barrel aged alcohol', 'oleaginous', 'dry vegetal', 'green vegetal', 'dried fruit', 'fresh', 'tropical fruit', 'coumarin', 'alcoholic beverages', 'fermented drink', 'fermented', 'woody']"
CCCCCOC(=O)c1ccccc1,"['vegetal', 'fermented', 'green vegetal', 'woody', 'fresh']"
CCCCCOC(=O)c1ccccc1O,"['malt', 'roasted', 'cocoa', 'vegetal', 'empyreumatic', 'green vegetal', 'woody', 'fresh']"
C=CCSSSCC=C,"['vegetable', 'mineral', 'vegetal', 'metal', 'sulphur', 'empyreumatic', 'alliaceous']"
C=CCOC(=O)CCC,"['vegetal', 'lactone', 'fresh', 'stone fruit', 'green vegetal', 'fruit with pip']"
CCCCOC(=O)CCC(C)=O,"['cooked', 'cooked sugar', 'empyreumatic']"
C=CCCC=O,"['vegetal', 'green vegetal', 'fresh', 'empyreumatic']"
C=C(C)C1CC=C(C=O)CC1,"['red berry', 'fresh aldehydic', 'vegetal', 'aldehydic', 'chemical', 'woody', 'green vegetal', 'cherry', 'fruity', 'phenolic', 'citrus', 'medicinal']"
CC1=CCC(C(C)(C)OC=O)CC1,"['bush flower', 'citrus']"
CC(C)COc1ccc2ccccc2c1,"['red berry', 'tree flower', 'fermented', 'honeyed']"
C=CCSSCC=C,"['vegetable', 'mineral', 'vegetal', 'metal', 'sulphur']"
C=CCSSCCC,"['vegetable', 'vegetal', 'sulphur', 'empyreumatic']"
CCCSSC,"['earthy', 'vegetal', 'root', 'sulphur', 'cruciferous']"
CCCCCC(=O)OCCC(C)C,"['vegetal', 'fresh', 'dairy', 'fermented', 'green vegetal', 'fruit with pip', 'tropical fruit']"
CCCCCCCOC(=O)CC,"['chemical', 'bush flower', 'lactone', 'stone fruit', 'alcoholic beverages', 'fermented drink', 'fermented']"
S=C=NCCc1ccccc1,"['earthy', 'vegetal', 'root', 'sulphur', 'cruciferous', 'green vegetal', 'fresh']"
CCCCCc1ccccn1,"['earthy', 'cooked', 'vegetal', 'musty', 'empyreumatic', 'fermented', 'green vegetal', 'woody', 'fresh']"
CCCCCCCCC1CCC(=O)O1,"['mineral', 'vegetal', 'lactone', 'metal', 'stone fruit', 'dairy', 'green vegetal']"
CCCCCC(=O)OC(C)C,['tropical fruit']
CCCCCCCCCC(=O)OC(C)C,"['vegetal', 'fatty', 'fresh', 'green vegetal']"
CCCOC(=O)c1ccccc1,"['fruity', 'woody', 'sweet', 'dried fruit', 'fatty', 'oleaginous']"
CC1=NCCS1,"['cooked', 'vegetal', 'fresh', 'oleaginous', 'empyreumatic', 'fermented', 'fruity', 'green vegetal', 'dried fruit', 'fatty']"
CCCCCCOC(=O)C(C)C,"['floral', 'chemical', 'lactone', 'vegetal', 'stone fruit', 'alcoholic beverages', 'fermented drink', 'fermented', 'green vegetal', 'fruit with pip', 'fresh']"
CCCCCC=CC=CC=O,"['garden flower', 'floral', 'vegetal', 'aldehydic', 'oleaginous', 'fruity', 'green vegetal', 'dried fruit', 'vegetable', 'fresh aldehydic', 'peponide', 'cucurbitacea', 'citrus']"
Cc1nc2ccccc2nc1C,['empyreumatic']
CCC1C=CC(=O)O1,"['balsamic', 'vegetal', 'lactone', 'sweet', 'oleaginous', 'empyreumatic', 'dry vegetal', 'cooked sugar', 'dried fruit', 'fatty', 'tropical fruit', 'fresh', 'cooked', 'woody']"
CC1CCCC(C)(C)C1=O,"['vegetal', 'chemical', 'sweet', 'mint', 'dry vegetal', 'phenolic', 'fruity', 'honeyed', 'green vegetal', 'medicinal', 'citrus', 'fresh']"
COC(=O)CCC(C)C,"['dairy', 'fermented', 'tropical fruit']"
CC1=CCC(C(C)(C)O)CC1,"['garden flower', 'vegetal', 'phenolic', 'wood', 'fruity', 'citrus', 'resinous']"
C=CC(CCCCC)OC(C)=O,"['floral', 'bush flower', 'vegetal', 'musty', 'fermented', 'green vegetal', 'woody', 'fatty']"
CCC(C)COC(=O)C(C)CC,"['vegetal', 'fresh', 'green vegetal', 'fruit with pip']"
CCCCCCC=CC=O,"['garden flower', 'fresh aldehydic', 'floral', 'vegetal', 'fresh', 'peponide', 'fruity', 'green vegetal', 'cucurbitacea', 'citrus']"
COc1cc(C(C)=O)cc(OC)c1O,['woody']
CC(=O)CCc1ccccc1,"['vegetal', 'bush flower', 'sweet', 'green vegetal', 'woody']"
C1CCC(SSC2CCCCC2)CC1,"['malt', 'vegetable', 'roasted', 'cooked', 'vegetal', 'fresh', 'sulphur', 'oleaginous', 'empyreumatic', 'fermented', 'fruity', 'green vegetal', 'dried fruit', 'fatty']"
CCCCCCOC(=O)CCC,"['vegetal', 'aldehydic', 'fresh', 'green vegetal', 'fruit with pip', 'fatty']"
CCOC(C)CC,"['chemical', 'solvent']"
COC(=O)c1ccccc1NC(C)=O,"['red berry', 'floral', 'fruit with pip']"
CC1=CC(=O)CC1,"['cooked', 'cooked sugar', 'empyreumatic']"
CC1SC(C)SC(C)S1,"['vegetable', 'cooked', 'vegetal', 'sulphur', 'empyreumatic', 'berry', 'fruity', 'black fruit', 'alliaceous']"
CCCc1ccc(O)c(OC)c1,"['floral', 'chemical', 'woody', 'medicinal']"
C=CCOC(=O)CC(C)C,"['red berry', 'floral', 'chemical', 'cherry', 'alcoholic beverages', 'fermented drink', 'fermented', 'fruit with pip', 'tropical fruit']"
COc1nccnc1C,"['malt', 'cocoa', 'sweet', 'empyreumatic', 'oleaginous', 'fruity', 'dried fruit', 'fatty']"
CSS(C)(=O)=O,"['vegetable', 'vegetal', 'sulphur', 'empyreumatic']"
CC(C)C(C)C(C)(C)O,"['chemical', 'vegetal', 'mint', 'phenolic', 'green vegetal', 'medicinal', 'fresh']"
COc1cnccn1,"['malt', 'floral', 'chemical', 'vegetal', 'empyreumatic', 'oleaginous', 'fruity', 'green vegetal', 'dried fruit', 'fresh', 'fatty', 'alcoholic beverages', 'fermented drink', 'fermented']"
CCc1ccco1,"['roasted', 'chemical', 'fatty', 'solvent', 'oleaginous', 'empyreumatic', 'fermented', 'fruity', 'dried fruit', 'fresh']"
CSCCC=O,"['cooked', 'vegetal', 'sulphur', 'empyreumatic', 'dairy', 'fermented', 'fatty', 'alliaceous']"
CCOC(=O)C1CCCCC1,"['floral', 'chemical', 'sweet', 'fermented drink', 'alcoholic beverages', 'dairy', 'fruit with pip']"
CCCCC1CCCC(=O)O1,"['balsamic', 'vegetal', 'lactone', 'oleaginous', 'dairy', 'dry vegetal', 'fruity', 'dried fruit', 'tropical fruit', 'fresh', 'woody']"
C=C1CCC2(C(C)C)CC12,"['vegetal', 'chemical', 'fresh', 'mint', 'phenolic', 'wood', 'fruity', 'green vegetal', 'resinous', 'citrus', 'fatty', 'medicinal']"
C=CC(O)CCCCC,"['garden flower', 'fresh aldehydic', 'floral', 'vegetal', 'aldehydic', 'fresh', 'peponide', 'fermented', 'green vegetal', 'woody', 'fatty']"
CC(CCO)CC(C)(C)C,"['fresh aldehydic', 'vegetal', 'chemical', 'fresh', 'peponide', 'mint', 'dry vegetal', 'fruity', 'phenolic', 'green vegetal', 'medicinal', 'fatty']"
COCCc1ccccc1,"['garden flower', 'mineral', 'bush flower', 'vegetal', 'metal', 'green vegetal', 'fresh']"
CC(=O)CCc1ccc(OC(C)=O)cc1,"['red berry', 'balsamic', 'sweet']"
O=C(O)COc1ccccc1,['honeyed']
CC1=C(O)C(=O)C(C)O1,"['red berry', 'cooked', 'empyreumatic', 'cooked sugar', 'tropical fruit']"
CSSSC,"['vegetal', 'sulphur', 'empyreumatic', 'cruciferous']"
C=C(C)CC(C)=O,"['empyreumatic', 'vegetal']"
CCCCCc1ccco1,"['vegetal', 'mineral', 'metal', 'fresh', 'green vegetal']"
CCCCCCCc1ccco1,"['cooked', 'vegetal', 'fresh', 'oleaginous', 'empyreumatic', 'fruity', 'green vegetal', 'dried fruit']"
CC(=O)CCC=C(C)CCC=C(C)C,"['mineral', 'vegetal', 'bush flower', 'metal', 'green vegetal']"
CCOC(CC(C)C)OCC,"['roasted', 'chemical', 'vegetal', 'solvent', 'empyreumatic', 'green vegetal', 'fresh']"
CCCC(=O)C(C)=O,"['cooked', 'empyreumatic', 'dairy', 'fermented', 'cooked sugar']"
CCCSC,"['vegetal', 'sulphur', 'empyreumatic', 'dairy', 'green vegetal', 'fresh']"
CCOC(=O)C(C)(C)C,"['balsamic', 'barrel aged alcohol', 'chemical', 'alcoholic beverages', 'sweet', 'woody', 'fruit with pip']"
COC(=O)c1ccc(O)c(OC)c1,"['vegetal', 'balsamic', 'woody', 'green vegetal']"
CCCCCCC(C)O,"['vegetable', 'fresh aldehydic', 'vegetal', 'aldehydic', 'dairy', 'cucurbitacea', 'fermented', 'fruity', 'green vegetal', 'fruit with pip']"
C=CCOC(=O)CCCCCCC,"['mineral', 'floral', 'vegetal', 'aldehydic', 'chemical', 'metal', 'fresh', 'alcoholic beverages', 'fermented drink', 'fermented', 'green vegetal', 'fruit with pip']"
Cc1cc2ccccc2o1,['empyreumatic']
CCCC(=O)Oc1ccccc1,['honeyed']
CCCCCCC1OCC(C)O1,"['vegetal', 'green vegetal']"
O=COC1CCCCC1,"['red berry', 'chemical', 'vegetal', 'cherry', 'solvent', 'green vegetal', 'tropical fruit', 'fresh']"
O=C1CCC2CCCCC2O1,"['balsamic', 'vegetal', 'oleaginous', 'dairy', 'dry vegetal', 'fruity', 'dried fruit', 'fatty', 'tropical fruit', 'fresh']"
c1coc(CSSCc2ccco2)c1,"['vegetable', 'cooked', 'vegetal', 'sulphur', 'empyreumatic', 'cruciferous', 'alliaceous']"
OCCC1CCCCC1,"['vegetal', 'garden flower', 'bush flower', 'green vegetal']"
CCCCc1ccco1,"['floral', 'chemical', 'vegetal', 'alcoholic beverages', 'empyreumatic', 'fermented drink', 'oleaginous', 'fermented', 'dried fruit', 'fatty']"
CC(C)C1CCC(O)CC1,"['garden flower', 'mineral', 'bush flower', 'vegetal', 'metal', 'animal', 'phenolic', 'green vegetal', 'fresh']"
CC(C)=CCCC(C)O,"['vegetal', 'fruity', 'fresh', 'citrus', 'green vegetal']"
COC(=O)C1CCCCC1,"['dairy', 'tropical fruit']"
CCc1ccc(C=O)cc1,"['red berry', 'vegetal', 'cherry', 'green vegetal', 'fresh']"
C=CC(O)CCC,"['mineral', 'balsamic', 'barrel aged alcohol', 'chemical', 'cooked', 'metal', 'vegetal', 'solvent', 'alcoholic beverages', 'sweet', 'empyreumatic', 'green vegetal', 'woody', 'fresh']"
CCCCCc1cccs1,"['earthy', 'cooked', 'musty', 'oleaginous', 'empyreumatic', 'dairy', 'nutty', 'woody', 'dried fruit']"
O=C1CCCC1C1CCCC1,"['floral', 'vegetal', 'bush flower', 'fatty', 'green vegetal']"
C=CC(O)CCCC,"['mineral', 'vegetal', 'metal', 'fresh', 'musty', 'dairy', 'fermented', 'green vegetal', 'woody', 'fatty']"
CCc1occc(=O)c1O,"['red berry', 'cooked', 'cooked sugar', 'empyreumatic']"
C=CCCCCCC(C)=O,"['dairy', 'fermented']"
CC(C)=CCOC(=O)c1ccccc1,"['malt', 'roasted', 'cocoa', 'vegetal', 'empyreumatic', 'dry vegetal', 'woody']"
O=C(O)CC1CCCCC1,"['cooked', 'floral', 'sweet', 'empyreumatic', 'dairy', 'fermented', 'honeyed', 'cooked sugar']"
CCCCCCOC(C)OCCCCCC,"['chemical', 'vegetal', 'solvent', 'green vegetal', 'fruit with pip', 'fresh']"
CC(CC=O)CC(C)(C)C,"['fresh aldehydic', 'vegetal', 'fresh', 'fruity', 'green vegetal', 'citrus']"
CCCCCCC(=O)OCCCC,"['fresh aldehydic', 'floral', 'chemical', 'aldehydic', 'vegetal', 'fresh', 'alcoholic beverages', 'fermented drink', 'fermented', 'green vegetal', 'fruit with pip', 'fatty']"
CCCCCCCC(=O)OC(C)C,"['balsamic', 'floral', 'vegetal', 'chemical', 'lactone', 'barrel aged alcohol', 'oleaginous', 'sweet', 'dry vegetal', 'dried fruit', 'fresh', 'tropical fruit', 'coumarin', 'alcoholic beverages', 'fermented drink', 'fermented', 'woody']"
CCOC(=O)CCS,"['cooked', 'fruit with pip', 'empyreumatic']"
CC(=O)CCc1ccc(O)cc1,['red berry']
Cc1nccnc1C,"['malt', 'floral', 'vegetal', 'sweet', 'empyreumatic', 'oleaginous', 'fruity', 'green vegetal', 'cooked sugar', 'dried fruit', 'fresh', 'fatty', 'vegetable', 'cooked', 'fermented']"
C=CC1(C)CCC(C(C)(C)O)O1,"['dairy', 'vegetal', 'green vegetal', 'fresh']"
C=C(C)C1CC=C(C)CC1,"['vegetal', 'wood', 'fruity', 'citrus', 'resinous']"
CCCSSSCCC,"['vegetal', 'sulphur', 'fruity', 'green vegetal', 'fresh']"
CCCC(C)O,"['floral', 'chemical', 'vegetal', 'fresh', 'alcoholic beverages', 'fermented drink', 'fruity', 'phenolic', 'green vegetal', 'medicinal', 'fruit with pip', 'tropical fruit', 'fatty']"
CCCCCCCCCCC(C)=O,['citrus']
CCCCCCOC(=O)c1ccccc1O,"['dry vegetal', 'vegetal', 'woody', 'sweet', 'green vegetal']"
CCCCCCCCCCCCOC(=O)C(C)O,['empyreumatic']
CCCCCCOC(=O)CCCCC,"['fresh aldehydic', 'vegetal', 'aldehydic', 'green vegetal', 'fatty']"
CSCCSC,"['vegetable', 'vegetal', 'sulphur', 'empyreumatic']"
CCCCC=CC=CC=O,"['garden flower', 'vegetable', 'fresh aldehydic', 'floral', 'vegetal', 'aldehydic', 'fresh', 'peponide', 'oleaginous', 'green vegetal', 'cucurbitacea', 'dried fruit']"
CCCCCCOC(=O)c1ccccc1,"['vegetal', 'green vegetal', 'sweet']"
c1csc(SSc2cccs2)c1,"['fermented', 'woody', 'musty']"
CCCCCC(=O)OCc1ccccc1,"['bush flower', 'lactone', 'fresh', 'stone fruit', 'vegetal', 'green vegetal']"
C=CC(C)(CCC=C(C)C)OC(=O)c1ccccc1N,"['bush flower', 'vegetal', 'sweet', 'tree flower', 'honeyed', 'fruity', 'green vegetal', 'citrus']"
COc1ccccc1S,"['balsamic', 'cooked', 'floral', 'empyreumatic', 'woody', 'smoked']"
CCOC(=O)C(C)CC,"['red berry', 'balsamic', 'barrel aged alcohol', 'chemical', 'lactone', 'vegetal', 'stone fruit', 'alcoholic beverages', 'green vegetal', 'woody', 'fruit with pip']"
CCCCOC(=O)C(C)OC(=O)CCC,"['vegetal', 'animal', 'fermented', 'green vegetal', 'fresh']"
CC(=O)C(=O)C(C)C,['dairy']
C=CCOC(=O)COc1ccccc1,"['malt', 'garden flower', 'roasted', 'floral', 'empyreumatic', 'honeyed', 'tropical fruit']"
CCOC(=O)CC(O)C(=O)OCC,"['floral', 'chemical', 'cooked', 'alcoholic beverages', 'fermented drink', 'empyreumatic', 'fermented', 'fruit with pip', 'cooked sugar']"
CCCCOC(=O)c1ccccc1N,"['chemical', 'stone fruit', 'alcoholic beverages', 'fermented drink', 'fermented', 'fruit with pip']"
C=C(C)C1CCC(C)C(=O)C1,"['vegetal', 'chemical', 'mint', 'dry vegetal', 'phenolic', 'green vegetal', 'medicinal', 'fresh']"
Nc1ccccc1C(=O)OC1CCCCC1,"['sweet', 'tree flower', 'honeyed', 'fruit with pip', 'citrus']"
CCCCCCCCCC(OC)OC,"['vegetal', 'fresh', 'citrus', 'green vegetal']"
CC(C)COC(=O)c1ccccc1N,"['tree flower', 'honeyed', 'fruit with pip', 'citrus']"
CCCCCCC(=O)OCC(C)C,"['balsamic', 'floral', 'chemical', 'barrel aged alcohol', 'vegetal', 'alcoholic beverages', 'fermented drink', 'sweet', 'fermented', 'green vegetal', 'woody', 'fresh']"
CCCCCCC(C)C=O,"['garden flower', 'bush flower', 'fruity', 'citrus']"
C=C(C)C1CCC(C)CC1O,"['garden flower', 'fresh aldehydic', 'vegetal', 'bush flower', 'aldehydic', 'fresh', 'chemical', 'dry vegetal', 'phenolic', 'green vegetal', 'fatty']"
CCOc1ccc(C=O)cc1,"['red berry', 'fruity', 'cherry', 'fresh']"
C=CCc1ccc(OC=O)c(OC)c1,"['garden flower', 'chemical', 'phenolic', 'floral', 'medicinal', 'spicy']"
CCCCCCOC(=O)C(C)CC,"['vegetal', 'fruit with pip', 'fresh', 'green vegetal']"
CCC(C)N,"['dairy', 'fermented', 'amine']"
CCCC(=O)OC(C)(C)Cc1ccccc1,"['vegetal', 'lactone', 'stone fruit', 'dry vegetal', 'green vegetal', 'fresh']"
CCOC(=O)C1CC2C=CC1C2,"['vegetal', 'honeyed', 'green vegetal', 'fresh', 'sweet']"
C=CCc1ccc(OC(=O)Cc2ccccc2)c(OC)c1,['honeyed']
CCCCCCCCCCCCC=O,"['vegetal', 'fruity', 'green vegetal', 'citrus']"
CCCCC(=O)C(C)C,"['fermented', 'vegetal', 'fresh', 'green vegetal']"
C=CCCCCCCCCO,"['vegetal', 'floral', 'bush flower', 'fatty', 'green vegetal']"
CCc1cnc(C)cn1,"['malt', 'fresh aldehydic', 'vegetal', 'aldehydic', 'fresh', 'oleaginous', 'empyreumatic', 'fruity', 'green vegetal', 'dried fruit', 'fatty']"
CCc1nc(C)cnc1C,"['malt', 'vegetable', 'vegetal', 'sweet', 'empyreumatic', 'oleaginous', 'fruity', 'dried fruit', 'fatty']"
CC1=CCC2C(C1)C2(C)C,"['vegetal', 'chemical', 'wood', 'fruity', 'citrus', 'resinous']"
CC(C)(C)C1CCCCC1O,"['vegetal', 'chemical', 'mint', 'wood', 'green vegetal', 'resinous', 'fresh', 'medicinal']"
CC(=O)C(=O)CC(C)C,"['dairy', 'fatty']"
CCc1cnccn1,"['malt', 'cooked', 'oleaginous', 'empyreumatic', 'dairy', 'fruity', 'dried fruit', 'fatty']"
CCc1cncc(C)n1,"['malt', 'vegetable', 'vegetal', 'oleaginous', 'nutty', 'empyreumatic', 'fruity', 'dried fruit', 'fatty']"
Cc1nccnc1CC(C)C,"['cooked', 'vegetal', 'sweet', 'empyreumatic', 'green vegetal', 'cooked sugar', 'fresh']"
CCc1ncc(C)nc1C,"['malt', 'sweet', 'empyreumatic', 'oleaginous', 'fruity', 'cooked sugar', 'dried fruit', 'fatty', 'cooked', 'fermented']"
C=Cc1cnc(C)cn1,"['empyreumatic', 'roasted']"
C=CC1(C)CCC(O)C(C)(C)O1,"['dairy', 'honeyed']"
CCCCCC=CC(C)=O,"['musty', 'oleaginous', 'fermented', 'woody', 'dried fruit']"
Cc1cnc(C)c(C)n1,"['malt', 'vegetable', 'floral', 'vegetal', 'oleaginous', 'empyreumatic', 'fermented', 'fruity', 'dried fruit', 'fatty']"
CC1(C)CCCC2(C)OC(=O)C=C12,"['vegetal', 'lactone', 'stone fruit', 'dry vegetal', 'fruit with pip']"
CCc1nc(C)cs1,"['malt', 'roasted', 'cooked', 'vegetal', 'fresh', 'oleaginous', 'empyreumatic', 'fruity', 'green vegetal', 'dried fruit', 'fatty']"
CCc1nccnc1C,"['vegetable', 'vegetal', 'fresh', 'oleaginous', 'empyreumatic', 'fermented', 'fruity', 'green vegetal', 'dried fruit', 'fatty']"
CCc1nccnc1CC,"['vegetable', 'vegetal', 'oleaginous', 'empyreumatic', 'fruity', 'dried fruit', 'fatty']"
CCc1cnc(C)c(C)n1,"['malt', 'pyrazic', 'sweet', 'empyreumatic', 'oleaginous', 'fruity', 'dried fruit', 'fatty']"
CC(C)=CC1CC(C)CCO1,"['garden flower', 'mineral', 'bush flower', 'chemical', 'vegetal', 'metal', 'mint', 'phenolic', 'green vegetal', 'medicinal']"
CC(=O)OC1CC(C)CCC1C(C)C,"['dry vegetal', 'vegetal']"
C=CC(CCCCC)OC(=O)CCC,"['mineral', 'vegetal', 'metal', 'musty', 'fatty', 'dairy', 'fermented', 'green vegetal', 'woody', 'fresh']"
CCC(C)(C)C1CCC(=O)CC1,"['garden flower', 'floral', 'chemical', 'vegetal', 'mint', 'phenolic', 'green vegetal', 'medicinal', 'fresh']"
CCc1ncc(C)nc1CC,"['malt', 'vegetal', 'sweet', 'empyreumatic', 'oleaginous', 'fruity', 'green vegetal', 'dried fruit', 'fresh', 'fatty', 'cooked', 'cocoa', 'fermented']"
CCc1cnc(C)c(CC)n1,"['malt', 'roasted', 'cooked', 'vegetal', 'fresh', 'oleaginous', 'empyreumatic', 'fruity', 'green vegetal', 'dried fruit', 'fatty']"
C=CC(C)CCCC(C)(C)O,"['fruity', 'citrus']"
CCCCCCCCC(C)C=O,"['vegetal', 'fruity', 'citrus', 'green vegetal']"
CC1CCCC2(C)CCCCC12O,"['vegetal', 'fermented', 'green vegetal']"
Cc1nc(C)c(C)o1,"['malt', 'amine', 'cooked', 'cocoa', 'vegetal', 'fresh', 'empyreumatic', 'oleaginous', 'green vegetal', 'dried fruit', 'fatty']"
C=C(C)C1CCC(C)C(OC(C)=O)C1,"['bush flower', 'vegetal', 'chemical', 'mint', 'phenolic', 'wood', 'green vegetal', 'woody', 'resinous', 'fresh', 'medicinal']"
CC(=O)OCCC(C)CCCC(C)C,"['honeyed', 'bush flower']"
CC(=O)OCCC1CCCCC1,"['red berry', 'vegetal', 'bush flower', 'green vegetal', 'fresh']"
CC(=O)c1cnccn1,"['malt', 'pyrazic', 'vegetal', 'sweet', 'empyreumatic', 'oleaginous', 'fruity', 'dried fruit', 'fatty', 'vegetable', 'cocoa', 'fermented']"
CC(=O)c1cnc(C)cn1,"['fruity', 'pyrazic', 'dried fruit', 'fatty', 'oleaginous', 'empyreumatic']"
CCCCOC(=O)Cc1ccccc1,"['malt', 'roasted', 'bush flower', 'vegetal', 'empyreumatic', 'dry vegetal', 'honeyed']"
COc1cc(CCC(C)=O)ccc1O,['dairy']
CCC(=O)OCc1ccccc1,"['bush flower', 'lactone', 'peponide', 'stone fruit', 'woody', 'tropical fruit']"
CCC(=O)OCCc1ccccc1,"['honeyed', 'bush flower', 'woody', 'sweet']"
CC(=O)OCCCc1ccccc1,"['vegetal', 'chemical', 'woody', 'dry vegetal', 'honeyed', 'phenolic', 'medicinal']"
CC(=O)Oc1ccccc1,"['garden flower', 'mineral', 'floral', 'bush flower', 'chemical', 'metal', 'empyreumatic', 'smoked']"
COc1ccc(CC(C)=O)cc1,"['floral', 'vegetal', 'dairy', 'green vegetal', 'woody', 'fresh']"
OCCCc1ccccc1,"['garden flower', 'chemical', 'woody', 'phenolic', 'medicinal']"
OCCOc1ccccc1,"['chemical', 'bush flower', 'woody', 'spicy', 'sweet', 'phenolic', 'medicinal']"
CCc1ccc(O)cc1,"['smoked', 'empyreumatic']"
COc1ccc(C=O)cc1,"['vegetal', 'dry vegetal', 'woody', 'fresh']"
CCCC(C)C=O,"['malt', 'roasted', 'chemical', 'vegetal', 'solvent', 'empyreumatic', 'dairy', 'fermented', 'green vegetal', 'fresh']"
CCCC(=O)CCC,"['balsamic', 'barrel aged alcohol', 'chemical', 'vegetal', 'fresh', 'alcoholic beverages', 'dairy', 'fermented', 'green vegetal', 'woody', 'tropical fruit']"
CCOC(=O)CCC(=O)OCC,"['floral', 'chemical', 'vegetal', 'solvent', 'alcoholic beverages', 'fermented drink', 'fermented', 'green vegetal', 'fruit with pip', 'fresh']"
CCCCCCCCC(=O)OCC,"['balsamic', 'bush flower', 'floral', 'chemical', 'barrel aged alcohol', 'sweet', 'oleaginous', 'fruit with pip', 'dried fruit', 'alcoholic beverages', 'fermented drink', 'fermented', 'woody']"
Cc1cnc(C)cn1,"['malt', 'floral', 'vegetal', 'chemical', 'aldehydic', 'sweet', 'empyreumatic', 'oleaginous', 'fruity', 'green vegetal', 'dried fruit', 'fresh', 'fatty', 'fresh aldehydic', 'fermented', 'phenolic']"
CC(C)CCO,"['balsamic', 'barrel aged alcohol', 'chemical', 'fresh', 'woody', 'solvent', 'alcoholic beverages', 'sweet', 'phenolic', 'medicinal', 'tropical fruit']"
CC1OC(C)OC(C)O1,"['balsamic', 'barrel aged alcohol', 'chemical', 'alcoholic beverages', 'fermented', 'woody']"
CCCCCC(=O)OCC,"['red berry', 'vegetal', 'fresh', 'green vegetal', 'fruit with pip']"
C=CCOC(=O)CCCCC,"['balsamic', 'floral', 'chemical', 'barrel aged alcohol', 'fresh', 'solvent', 'alcoholic beverages', 'fermented drink', 'fermented', 'woody']"
CCCCOC(C)=O,"['chemical', 'fruit with pip', 'tropical fruit', 'fresh']"
CC(=O)OCCC(C)C,"['chemical', 'fruit with pip', 'tropical fruit', 'fresh']"
CCCCCCCCCCCCCC(=O)OCC,"['dairy', 'garden flower', 'floral']"
CCCCCCCCCCCCCC(=O)OC,"['garden flower', 'balsamic', 'floral', 'barrel aged alcohol', 'chemical', 'alcoholic beverages', 'sweet', 'woody']"
CCCCCCCCC=O,"['garden flower', 'vegetable', 'fresh aldehydic', 'bush flower', 'vegetal', 'fruity', 'green vegetal', 'cucurbitacea', 'citrus']"
CCCCCCCCCCCCCC=O,"['balsamic', 'animal', 'sweet', 'woody', 'fruit with pip', 'amine', 'citrus']"
C=CC(C)(CCC=C(C)C)OC(=O)c1ccccc1,"['garden flower', 'fresh', 'stone fruit', 'lemony', 'fruit with pip', 'citrus']"
CC1(C)C2CC=C(CCO)C1C2,"['vegetal', 'chemical', 'mint', 'phenolic', 'wood', 'fruity', 'green vegetal', 'resinous', 'citrus', 'fresh', 'medicinal']"
CCC(=O)OCCOc1ccccc1,"['vegetal', 'dry vegetal', 'bush flower', 'floral']"
CC1SSC(C)S1,"['vegetable', 'vegetal', 'sulphur', 'empyreumatic', 'alliaceous']"
CC(=O)c1nccnc1C,"['malt', 'pyrazic', 'vegetal', 'sweet', 'empyreumatic', 'oleaginous', 'fruity', 'cooked sugar', 'dried fruit', 'fatty', 'cooked']"
CC1NCCS1,"['amine', 'empyreumatic']"
COc1nccnc1CC(C)C,"['vegetal', 'green vegetal', 'fresh']"
CCc1nccnc1OC,"['vegetal', 'fatty', 'oleaginous', 'fermented', 'fruity', 'green vegetal', 'dried fruit', 'fresh']"
COc1nccnc1C(C)C,"['malt', 'roasted', 'cocoa', 'vegetal', 'fresh', 'sweet', 'empyreumatic', 'oleaginous', 'fruity', 'green vegetal', 'dried fruit', 'fatty']"
COc1ccccc1C,"['chemical', 'vegetal', 'fatty', 'oleaginous', 'mint', 'fruity', 'green vegetal', 'medicinal', 'dried fruit', 'fresh']"
CC(S)S,"['vegetable', 'cooked', 'vegetal', 'sulphur', 'empyreumatic', 'dairy', 'fermented', 'alliaceous']"
CCCCCc1cccc(=O)o1,"['balsamic', 'vegetal', 'oleaginous', 'dry vegetal', 'fruity', 'dried fruit', 'fresh', 'tropical fruit', 'coumarin', 'stone fruit', 'woody']"
CCC=CCCC=CCO,"['garden flower', 'fresh aldehydic', 'vegetal', 'aldehydic', 'fresh', 'peponide', 'oleaginous', 'fruity', 'green vegetal', 'cucurbitacea', 'dried fruit']"
Cc1occc1S,"['mineral', 'cooked', 'metal', 'amine', 'empyreumatic']"
CC(C)c1cnccn1,"['vegetal', 'fatty', 'oleaginous', 'sweet', 'fruity', 'honeyed', 'green vegetal', 'dried fruit', 'fresh']"
C=C(C)C1CCC(C)CC1=O,"['vegetal', 'green vegetal']"
CCCSSCC,"['vegetal', 'sulphur', 'empyreumatic', 'green vegetal', 'fresh']"
CCC(=O)C1CC(C(C)C)CC=C1C,"['fruity', 'vegetal', 'fresh', 'citrus', 'green vegetal']"
CC(=O)CCC1C(C)=CCCC1(C)C,"['garden flower', 'red berry', 'sweet', 'honeyed']"
C=Cc1cc(OC)c(O)c(OC)c1,"['smoked', 'empyreumatic']"
CC(=O)OC1CCC(C(C)(C)C)CC1,"['garden flower', 'vegetal', 'fresh', 'sweet', 'wood', 'green vegetal', 'resinous', 'fatty']"
CCc1cnc(CC)c(C)n1,"['malt', 'cooked', 'oleaginous', 'empyreumatic', 'fruity', 'dried fruit', 'fatty']"
c1cnc2c(n1)CCCC2,"['pyrazic', 'oleaginous', 'empyreumatic', 'dairy', 'fermented', 'fruity', 'dried fruit', 'fatty']"
CCC=CCCOC(=O)CC(C)C,"['vegetal', 'green vegetal', 'fruit with pip']"
CCCCCCCCCCCCCCCCOC(=O)C(C)O,['dairy']
CCCCCCCCCCCCCCC(=O)OCC,['honeyed']
CCCCCCCCC(=O)OCCCC,"['balsamic', 'bush flower', 'chemical', 'barrel aged alcohol', 'lactone', 'stone fruit', 'alcoholic beverages', 'fermented drink', 'sweet', 'fermented', 'citrus', 'woody', 'fatty']"
C=CCCCCCCCCOC(C)=O,"['bush flower', 'animal']"
CCCCCC1CC=CC(=O)O1,"['balsamic', 'vegetal', 'oleaginous', 'dairy', 'dry vegetal', 'dried fruit', 'fresh', 'fatty', 'tropical fruit', 'coumarin', 'stone fruit', 'woody']"
CCc1scnc1C,"['vegetal', 'fatty', 'oleaginous', 'fruity', 'green vegetal', 'dried fruit', 'fresh']"
Cc1cc(S)c(C)o1,"['cooked', 'empyreumatic']"
Cc1cc(SC(=O)CC(C)C)c(C)o1,"['dairy', 'malt', 'empyreumatic']"
CC(=O)OCCC(C)CC(C)(C)C,"['garden flower', 'floral']"
CCCCCCCC(=O)Oc1ccc(C)cc1,"['vegetal', 'bush flower', 'fatty', 'dry vegetal', 'green vegetal', 'fresh']"
CCCC(=O)OC(C)CCC,"['chemical', 'lactone', 'vegetal', 'stone fruit', 'solvent', 'green vegetal', 'tropical fruit', 'fresh']"
CCCSSc1ccoc1C,"['cooked', 'empyreumatic']"
CSSc1ccoc1C,"['cooked', 'vegetal', 'sulphur', 'empyreumatic', 'alliaceous']"
CC(C)=CCOC(=O)c1ccccc1O,"['vegetal', 'mineral', 'metal', 'fresh', 'green vegetal']"
CC1=NC(C)OC1,"['cooked', 'vegetal', 'oleaginous', 'empyreumatic', 'fruity', 'dried fruit', 'fatty']"
CC(C)CC(=O)OC1CC2CCC1(C)C2(C)C,"['vegetal', 'chemical', 'fresh', 'sweet', 'mint', 'phenolic', 'wood', 'green vegetal', 'resinous', 'fatty', 'medicinal']"
CCOC(=O)c1ccc(OC)cc1,"['red berry', 'cherry', 'fresh']"
CCCCC(=O)C(C)=O,"['dairy', 'fermented']"
CC(C)=CCCC(C)CCOC(=O)C(C)C,"['garden flower', 'bush flower', 'vegetal', 'lactone', 'stone fruit', 'green vegetal', 'citrus', 'fresh']"
Cc1ccc(C(C)C=O)cc1,"['vegetal', 'green vegetal']"
COC(Cc1ccccc1)OC,"['bush flower', 'vegetal', 'musty', 'fermented', 'green vegetal', 'woody', 'fresh']"
Cc1ccc(OC(=O)Cc2ccccc2)cc1,"['garden flower', 'honeyed', 'bush flower', 'floral', 'sweet']"
CC(C)COC(=O)Cc1ccccc1,"['malt', 'roasted', 'balsamic', 'bush flower', 'empyreumatic', 'honeyed', 'woody']"
O=C(Cc1ccccc1)OCc1ccccc1,"['malt', 'roasted', 'bush flower', 'empyreumatic', 'honeyed']"
CC(C)C(=O)OCCOc1ccccc1,"['bush flower', 'vegetal', 'honeyed', 'green vegetal', 'fruit with pip', 'fresh']"
Cc1ccc(CC=O)cc1,"['red berry', 'vegetal', 'peponide', 'fatty', 'cherry', 'oleaginous', 'green vegetal', 'dried fruit', 'fresh']"
COc1ccc(CCC(C)=O)cc1,"['red berry', 'bush flower', 'cherry']"
O=COCCCc1ccccc1,"['garden flower', 'vegetal', 'chemical', 'woody', 'spicy', 'honeyed', 'phenolic', 'green vegetal', 'medicinal', 'fresh']"
O=C1CCCCCCCCCCCC(=O)OCCO1,['animal']
CCCCCCCCCCCC(=O)OCCCC,"['vegetal', 'aldehydic', 'green vegetal']"
CC(C)=CCCC(C)C=O,"['chemical', 'vegetal', 'peponide', 'fruity', 'green vegetal', 'fatty']"
CC(C)=CC=O,"['red berry', 'cherry', 'oleaginous', 'dried fruit', 'fatty']"
CCCCCCCCOC(=O)C(C)C,"['vegetal', 'fresh', 'dairy', 'green vegetal']"
C=CCCCCCCCCC(=O)OCCCC,"['chemical', 'sweet', 'fermented drink', 'alcoholic beverages', 'dairy', 'fermented']"
CCCCCCCCOC(=O)CCC,"['bush flower', 'vegetal', 'dairy', 'green vegetal']"
CCCCCCCCCC(C)C=O,"['mineral', 'balsamic', 'vegetal', 'lactone', 'metal', 'sulphur', 'sweet', 'dry vegetal', 'green vegetal', 'woody', 'citrus']"
C=CCCCCCCCCCOC(C)=O,"['bush flower', 'cooked', 'sweet', 'empyreumatic', 'fermented', 'honeyed']"
C=CC(C)(CCC=C(C)C)OC=O,"['floral', 'vegetal', 'aldehydic', 'bush flower', 'fruity', 'green vegetal', 'lemony', 'citrus']"
CC1=C(C=O)C(C)(C)CC=C1,"['mineral', 'floral', 'vegetal', 'chemical', 'metal', 'mint', 'dry vegetal', 'green vegetal']"
Cc1cccc(C)c1S,"['mineral', 'cooked', 'metal', 'empyreumatic', 'smoked']"
CC(C)COC(=O)c1ccccc1,"['garden flower', 'vegetal', 'bush flower', 'fermented', 'green vegetal', 'woody', 'fresh']"
CCCCCCCCOC(=O)Cc1ccccc1,"['honeyed', 'bush flower', 'citrus']"
CCC(=O)OCCCc1ccccc1,"['garden flower', 'woody', 'sweet']"
COc1ccc(COC=O)cc1,"['balsamic', 'vegetal', 'green vegetal', 'woody', 'fresh']"
CC1(C)C2CCC1(C)C(O)C2,"['vegetal', 'chemical', 'sweet', 'mint', 'phenolic', 'wood', 'green vegetal', 'resinous', 'fresh', 'medicinal']"
C=C(C)CCCC(C)CCOC(=O)C(C)C,"['garden flower', 'bush flower']"
C=C(C)CCCC(C)CCOC=O,"['garden flower', 'vegetal', 'bush flower', 'green vegetal']"
C=C(C)CCCC(C)CCOC(=O)CCC,"['garden flower', 'bush flower']"
CCCCCCCCOC(=O)CC,"['earthy', 'red berry', 'vegetal', 'musty', 'fermented', 'green vegetal', 'fresh']"
C=CC(C)(CCC=C(C)C)OC(=O)CC,"['garden flower', 'balsamic', 'bush flower', 'barrel aged alcohol', 'chemical', 'alcoholic beverages', 'lemony', 'citrus']"
CC1=C(CC=O)C(C)(C)CCC1,"['garden flower', 'floral', 'vegetal', 'aldehydic', 'chemical', 'fresh', 'mint', 'dry vegetal', 'phenolic', 'green vegetal', 'fatty']"
CC12CCCC(O)(C1)C1CC(C)(C)C1CC2,"['chemical', 'phenolic', 'medicinal']"
CC1=CC(O)C2CC1C2(C)C,"['vegetal', 'chemical', 'mint', 'phenolic', 'wood', 'green vegetal', 'woody', 'resinous', 'medicinal']"
CC1(C)C2CC=C(C=O)C1C2,"['chemical', 'vegetal', 'mint', 'phenolic', 'green vegetal', 'medicinal', 'fresh']"
CCCCOCc1ccccc1,"['garden flower', 'bush flower']"
CCCCOC(=O)CCCC,"['red berry', 'chemical', 'vegetal', 'solvent', 'green vegetal', 'fresh']"
C=CCCC(=O)O,"['cooked', 'sweet', 'empyreumatic', 'dairy', 'fermented', 'cooked sugar', 'fatty']"
COC(=O)c1ccccc1OC,"['garden flower', 'chemical', 'alcoholic beverages', 'fermented drink', 'berry', 'fermented', 'black fruit', 'fresh']"
C=Cc1ccccc1OC,"['chemical', 'vegetal', 'fatty', 'animal', 'solvent', 'oleaginous', 'fermented', 'phenolic', 'fruity', 'green vegetal', 'dried fruit', 'fresh']"
COc1ccccc1OC(C)=O,"['balsamic', 'floral', 'chemical', 'empyreumatic', 'smoked', 'medicinal']"
CCC(=O)OCc1ccco1,"['roasted', 'vegetal', 'fresh', 'fatty', 'empyreumatic', 'green vegetal', 'fruit with pip', 'tropical fruit']"
CCCC(=O)OCc1ccco1,"['vegetal', 'green vegetal', 'fruit with pip', 'fresh']"
CCSC(C)=O,"['vegetable', 'roasted', 'cooked', 'vegetal', 'sulphur', 'empyreumatic', 'alliaceous']"
CCCCCCOC=O,"['chemical', 'vegetal', 'stone fruit', 'solvent', 'green vegetal', 'fruit with pip', 'tropical fruit', 'fresh']"
CCC(=O)OCC1CCCO1,"['cooked', 'vegetal', 'empyreumatic', 'oleaginous', 'green vegetal', 'cooked sugar', 'dried fruit']"
CCCC(=O)OC(C)C,"['red berry', 'chemical', 'fatty', 'solvent', 'dairy', 'tropical fruit', 'fresh']"
CCCCCCCC(=O)OCCCCC,"['garden flower', 'balsamic', 'chemical', 'barrel aged alcohol', 'alcoholic beverages', 'fermented drink', 'fermented', 'woody']"
CC(=O)OCCc1scnc1C,"['fruity', 'cooked', 'dried fruit', 'fatty', 'oleaginous', 'empyreumatic']"
CCC1OC(=O)C(O)=C1C,"['cooked', 'oleaginous', 'empyreumatic', 'cooked sugar', 'dried fruit', 'fatty']"
Cc1ccc(C=O)c(O)c1,"['red berry', 'balsamic', 'cooked', 'vegetal', 'lactone', 'cherry', 'empyreumatic', 'dry vegetal', 'woody', 'cooked sugar', 'fresh']"
CCCC(O)Cc1ccccc1,"['vegetal', 'green vegetal', 'fresh']"
CCCCCCC1CCCC(=O)O1,"['balsamic', 'vegetal', 'lactone', 'fresh', 'stone fruit', 'oleaginous', 'dairy', 'dry vegetal', 'woody', 'dried fruit', 'tropical fruit', 'coumarin']"
CC1CCC(=O)C1=O,"['roasted', 'cooked', 'empyreumatic', 'cooked sugar']"
COc1cc(C=O)ccc1OC(C)=O,"['dairy', 'balsamic', 'woody']"
CCCCCCC(=O)CC,"['fresh aldehydic', 'bush flower', 'aldehydic', 'vegetal', 'green vegetal', 'fatty']"
CC(=O)c1cccn1C,"['fruity', 'dried fruit', 'fatty', 'oleaginous']"
O=C1CCSC1,"['vegetal', 'sulphur', 'fatty', 'empyreumatic', 'dairy', 'green vegetal', 'fresh']"
CCC(=O)c1ccc[nH]1,"['vegetal', 'pyrazic', 'green vegetal', 'fresh', 'empyreumatic']"
CSc1ccccc1O,"['smoked', 'vegetable', 'cooked', 'vegetal', 'sulphur', 'sweet', 'empyreumatic', 'phenolic', 'cooked sugar', 'alliaceous']"
CC(C)=CC1CC(C)=CCO1,"['garden flower', 'vegetal', 'aromatic plant', 'green vegetal', 'fresh']"
C=CCOC=O,"['chemical', 'fresh', 'solvent']"
CC(C)SCc1ccco1,"['vegetable', 'cooked', 'vegetal', 'sulphur', 'empyreumatic', 'alliaceous']"
CC1=CCC(CCO)C1(C)C,"['chemical', 'vegetal', 'mint', 'fruity', 'phenolic', 'green vegetal', 'medicinal', 'fresh']"
COC(=O)CC(C)CCC=C(C)C,"['garden flower', 'chemical', 'vegetal', 'fresh', 'fermented drink', 'alcoholic beverages', 'fermented', 'green vegetal', 'fruit with pip', 'citrus']"
CCCC(O)CC(=O)OCC,"['floral', 'vegetal', 'chemical', 'alcoholic beverages', 'fermented drink', 'empyreumatic', 'green vegetal', 'dry vegetal', 'fermented', 'citrus', 'fruit with pip', 'tropical fruit']"
CCCCCCCCOC(=O)CCCCCCC,"['balsamic', 'vegetal', 'lactone', 'fresh', 'oleaginous', 'dry vegetal', 'woody', 'dried fruit', 'tropical fruit', 'coumarin']"
CCCSC(C)=O,"['vegetal', 'sulphur', 'green vegetal']"
CC(=O)CC(=O)OCCC(C)C,"['floral', 'chemical', 'vegetal', 'solvent', 'alcoholic beverages', 'fermented drink', 'green vegetal', 'fresh']"
CCCCCCCCCCCCCC(C)=O,"['vegetal', 'bush flower', 'empyreumatic', 'aromatic plant', 'green vegetal']"
CCCCCCCOC(=O)C(C)C,"['red berry', 'vegetal', 'lactone', 'fresh', 'stone fruit', 'cherry', 'green vegetal', 'fruit with pip']"
CCCC=CC(=O)OC,"['vegetal', 'fermented', 'honeyed', 'green vegetal', 'tropical fruit']"
C=CCOC(=O)CC,"['vegetable', 'chemical', 'vegetal', 'fresh', 'lactone', 'fatty', 'solvent', 'oleaginous', 'sulphur', 'stone fruit', 'fruit with pip', 'dried fruit']"
COC1=C(C)OC(C)C1=O,"['malt', 'earthy', 'balsamic', 'floral', 'vegetal', 'chemical', 'empyreumatic', 'oleaginous', 'dry vegetal', 'cooked sugar', 'dried fruit', 'fresh', 'fatty', 'roasted', 'cooked', 'alcoholic beverages', 'fermented drink', 'fermented', 'woody']"
COc1ccccc1OC(=O)Cc1ccccc1,"['empyreumatic', 'honeyed', 'smoked', 'fresh']"
C=CCOC(=O)c1ccco1,"['roasted', 'cooked', 'sweet', 'empyreumatic', 'cooked sugar']"
O=Cc1cc2ccccc2o1,"['balsamic', 'cooked', 'vegetal', 'lactone', 'fatty', 'empyreumatic', 'oleaginous', 'dry vegetal', 'woody', 'cooked sugar', 'dried fruit', 'fresh']"
CCCCCCCOC(=O)CCCCCCC,"['vegetal', 'fermented', 'green vegetal']"
C=CC(=O)CCCCC,"['mineral', 'vegetal', 'metal', 'sulphur', 'fermented', 'cruciferous', 'woody', 'amine']"
CC(C)c1ccc(CC=O)cc1,"['vegetal', 'fresh', 'fatty', 'green vegetal']"
CCCCC1OC(=O)c2ccccc21,"['vegetal', 'aromatic plant', 'green vegetal']"
CCC(=O)OC1CCCCC1,"['vegetal', 'fresh', 'tropical fruit', 'green vegetal']"
CCCCCC(=O)OCCc1ccccc1,"['bush flower', 'vegetal', 'animal', 'honeyed', 'green vegetal', 'tropical fruit', 'fresh']"
CCCCCCCCCCCC(=O)OCCC(C)C,"['floral', 'chemical', 'lactone', 'fresh', 'stone fruit', 'solvent', 'alcoholic beverages', 'fermented drink', 'dairy', 'phenolic', 'fruity', 'medicinal']"
C=Cc1ccc(OC)c(OC)c1,"['vegetal', 'chemical', 'empyreumatic', 'green vegetal', 'smoked', 'fresh']"
CC(C)=CCCC(C)CCOCC=O,"['garden flower', 'bush flower', 'chemical', 'peponide', 'vegetal', 'fruity', 'honeyed', 'green vegetal', 'citrus', 'fatty']"
CCCOC(C)OCCc1ccccc1,"['garden flower', 'chemical', 'vegetal', 'alcoholic beverages', 'fermented drink', 'fermented', 'green vegetal', 'fresh']"
CCCCCCCCC(=O)C(C)=O,"['balsamic', 'vegetal', 'lactone', 'oleaginous', 'dry vegetal', 'fruity', 'green vegetal', 'dried fruit', 'fresh', 'tropical fruit', 'coumarin', 'woody']"
C=CCOC(=O)CCCC1CCCCC1,['tropical fruit']
C=CCOC(=O)CCCCCC1CCCCC1,"['lactone', 'stone fruit']"
C=CCOC(=O)CCCCC1CCCCC1,"['lactone', 'fruit with pip', 'stone fruit', 'tropical fruit']"
C=CCOC(=O)C(CC)CC,"['red berry', 'chemical', 'lactone', 'stone fruit', 'fatty', 'solvent', 'oleaginous', 'cherry', 'dried fruit', 'fresh']"
C=CCOC(=O)CCCCCCCC,"['balsamic', 'floral', 'chemical', 'barrel aged alcohol', 'oleaginous', 'dairy', 'dried fruit', 'tropical fruit', 'alcoholic beverages', 'fermented drink', 'fermented', 'woody']"
C=CCCCCCCCCC(=O)OCC=C,"['balsamic', 'vegetal', 'lactone', 'oleaginous', 'dry vegetal', 'dried fruit', 'fresh', 'tropical fruit', 'coumarin', 'woody']"
CCCCCCC(=O)OCCCCC,"['balsamic', 'floral', 'chemical', 'vegetal', 'lactone', 'oleaginous', 'sweet', 'dry vegetal', 'green vegetal', 'dried fruit', 'fresh', 'fatty', 'tropical fruit', 'coumarin', 'solvent', 'alcoholic beverages', 'fermented drink', 'fermented', 'woody', 'citrus']"
CCCCC(=O)OCCC(C)CCC=C(C)C,"['honeyed', 'bush flower', 'sweet']"
CCC(=O)OCc1ccc(OC)cc1,"['red berry', 'balsamic', 'lactone', 'stone fruit', 'cherry', 'woody', 'fresh']"
CCCCC(=O)OC1CC2CCC1(C)C2(C)C,"['vegetal', 'chemical', 'mint', 'dry vegetal', 'phenolic', 'wood', 'green vegetal', 'resinous', 'fresh', 'medicinal']"
CCCCCCCC(OC)OC,"['garden flower', 'balsamic', 'chemical', 'bush flower', 'barrel aged alcohol', 'vegetal', 'alcoholic beverages', 'sweet', 'fruity', 'green vegetal', 'woody', 'citrus']"
CCCCCCCCCCCC(=O)Oc1ccc(C)cc1,"['oleaginous', 'fruity', 'woody', 'dried fruit', 'fatty']"
C=CC(C)(CCC=C(C)C)OC(=O)CCCCCCC,"['vegetal', 'green vegetal', 'fresh']"
CC(C)C(=O)OC(C)(C)CCc1ccccc1,"['garden flower', 'vegetal', 'stone fruit', 'sweet', 'dry vegetal', 'honeyed', 'green vegetal', 'fresh']"
CCCC(=O)OC(CC)c1ccccc1,"['bush flower', 'lactone', 'stone fruit']"
CCC(CC)COC(C)=O,"['chemical', 'fresh', 'solvent', 'fruit with pip', 'tropical fruit', 'fatty']"
CCOC(=O)CCc1ccco1,"['earthy', 'garden flower', 'barrel aged alcohol', 'vegetal', 'chemical', 'floral', 'sulphur', 'empyreumatic', 'cruciferous', 'green vegetal', 'fresh', 'tropical fruit', 'vegetable', 'root', 'alcoholic beverages']"
CCCCCCC#CC(=O)OCC,"['garden flower', 'vegetable', 'fresh aldehydic', 'vegetal', 'aldehydic', 'fresh', 'green vegetal', 'cucurbitacea', 'fatty']"
CCOC(=O)CCCc1ccccc1,"['stone fruit', 'empyreumatic']"
CCCCCCC(OC)OC,"['vegetal', 'green vegetal', 'citrus', 'fresh']"
CCCCCCOC(=O)CC(C)C,"['vegetal', 'red berry', 'fruit with pip', 'green vegetal']"
CCCCCCC1CC(OC(C)=O)CO1,"['lactone', 'stone fruit']"
CC(C)(Cc1ccccc1)OC=O,"['vegetal', 'garden flower', 'floral', 'bush flower', 'fresh', 'green vegetal']"
CCOC(=O)CCC1CCCCC1,"['lactone', 'fruit with pip', 'stone fruit', 'tropical fruit']"
CCC(C)(O)CCc1ccccc1,['bush flower']
C=C(C)CCCC(C)CCOC(=O)Cc1ccccc1,"['garden flower', 'bush flower', 'vegetal', 'honeyed', 'green vegetal', 'fresh']"
OCCCCCc1ccccc1,"['bush flower', 'fresh', 'fruity', 'citrus']"
CCCCCCCCC#CC(=O)OC,"['garden flower', 'cooked', 'vegetal', 'empyreumatic', 'dairy', 'green vegetal', 'fresh']"
CC(=O)c1cc(C)oc1C,"['malt', 'floral', 'animal', 'oleaginous', 'empyreumatic', 'fermented', 'phenolic', 'fruity', 'dried fruit', 'fatty']"
CCOCc1ccc(O)c(OC)c1,"['malt', 'balsamic', 'barrel aged alcohol', 'chemical', 'empyreumatic', 'dairy', 'medicinal', 'fresh', 'roasted', 'cocoa', 'solvent', 'alcoholic beverages', 'woody', 'smoked']"
CCOC(=O)CCSC,"['vegetable', 'mineral', 'cooked', 'vegetal', 'metal', 'sweet', 'empyreumatic', 'cooked sugar', 'tropical fruit']"
CC1CC(C)C(=O)C1=O,"['roasted', 'cooked', 'empyreumatic', 'oleaginous', 'fruity', 'cooked sugar', 'dried fruit', 'fatty']"
COC(=O)CCSC,"['earthy', 'vegetal', 'root', 'sulphur', 'cruciferous', 'green vegetal', 'fresh', 'alliaceous']"
Cc1nc(C)c(C)s1,"['malt', 'roasted', 'vegetal', 'sweet', 'empyreumatic', 'oleaginous', 'fermented', 'fruity', 'dried fruit', 'fatty']"
CCC(=O)CSC,"['earthy', 'mineral', 'vegetal', 'metal', 'sulphur', 'musty', 'cruciferous', 'fatty', 'root', 'fermented', 'woody', 'amine']"
CSc1ccc(C)o1,"['earthy', 'vegetable', 'roasted', 'root', 'vegetal', 'sulphur', 'empyreumatic', 'cruciferous']"
CC(C)CC(=O)OCc1ccco1,"['fruit with pip', 'stone fruit']"
c1coc(CSCc2ccco2)c1,"['malt', 'cooked', 'musty', 'oleaginous', 'empyreumatic', 'fermented', 'fruity', 'woody', 'dried fruit', 'fatty']"
CC(=O)SCc1ccco1,"['vegetal', 'sulphur', 'oleaginous', 'empyreumatic', 'fruity', 'dried fruit', 'fatty']"
COCc1ccco1,['empyreumatic']
CSC(=O)c1ccco1,"['vegetable', 'vegetal', 'sulphur', 'fermented', 'cruciferous']"
Cc1ccc(C=O)s1,"['red berry', 'cherry']"
CC1SCCC1=O,"['black fruit', 'empyreumatic']"
C=CC1(C)CCC(C(=C)C)O1,"['vegetal', 'wood', 'fruity', 'green vegetal', 'woody', 'resinous', 'citrus']"
Cc1cccc2nccnc12,"['vegetable', 'vegetal', 'oleaginous', 'empyreumatic', 'fermented', 'fruity', 'dried fruit', 'fatty']"
Cc1cnc(C(C)C)cn1,"['vegetal', 'fatty', 'oleaginous', 'empyreumatic', 'fruity', 'green vegetal', 'dried fruit', 'fresh']"
CC(C)Cc1cccnc1,"['vegetal', 'green vegetal', 'fresh']"
CCCCCC(=O)c1ccco1,"['vegetal', 'lactone', 'stone fruit', 'green vegetal', 'fresh']"
C=CCCCCCCCC(=O)O,"['vegetal', 'aldehydic', 'fresh', 'dairy', 'fermented', 'green vegetal']"
CC1=CCC(C(C)(C)OC(=O)c2ccccc2N)CC1,"['garden flower', 'tree flower', 'fermented', 'honeyed']"
CCC(C)C1CCCCC1=O,"['chemical', 'vegetal', 'mint', 'phenolic', 'green vegetal', 'medicinal']"
C=C(C)C1CC=C(COC(C)=O)CC1,"['vegetal', 'garden flower', 'fresh', 'green vegetal']"
Cc1csc(C(C)C)n1,"['roasted', 'cooked', 'vegetal', 'lactone', 'fresh', 'stone fruit', 'sulphur', 'oleaginous', 'empyreumatic', 'fermented', 'green vegetal', 'dried fruit', 'fatty']"
CCOc1nccs1,"['cooked', 'vegetal', 'fresh', 'sulphur', 'oleaginous', 'empyreumatic', 'fermented', 'fruity', 'green vegetal', 'dried fruit', 'fatty', 'alliaceous']"
CCCCOC(=O)C(C)CC,"['malt', 'chemical', 'vegetal', 'aldehydic', 'lactone', 'empyreumatic', 'aromatic plant', 'green vegetal', 'fruit with pip', 'fatty', 'fresh', 'roasted', 'fresh aldehydic', 'stone fruit', 'solvent']"
Cc1ccc(C=O)c(C)c1,"['red berry', 'balsamic', 'floral', 'cherry', 'fruity', 'woody']"
CCC(S)CS,"['vegetal', 'alliaceous', 'vegetable', 'cooked', 'sulphur', 'empyreumatic']"
CCCCCCCC1CC=CC(=O)O1,"['balsamic', 'vegetal', 'fresh', 'oleaginous', 'sweet', 'dry vegetal', 'fruity', 'woody', 'dried fruit', 'tropical fruit', 'coumarin']"
CCCCCCC1CCCCC(=O)O1,"['vegetal', 'lactone', 'stone fruit', 'dairy', 'aromatic plant', 'green vegetal']"
CCCCCC=CCCC=O,"['vegetal', 'sweet', 'tree flower', 'honeyed', 'green vegetal', 'citrus']"
CC(C)CC(=O)OC(C)C,"['floral', 'chemical', 'solvent', 'alcoholic beverages', 'fermented drink', 'dairy', 'fermented', 'fruit with pip', 'tropical fruit', 'fresh']"
CCc1nccnc1C(C)=O,"['vegetable', 'pyrazic', 'cooked', 'vegetal', 'oleaginous', 'empyreumatic', 'fermented', 'fruity', 'dried fruit', 'fatty']"
CSCCC(C)=O,"['mineral', 'vegetal', 'metal', 'dairy', 'fermented', 'amine']"
C=CCSSSC,"['vegetable', 'vegetal', 'sulphur', 'dairy']"
CC1=CC2=CC(=O)CCC2CC1,"['balsamic', 'vegetal', 'lactone', 'sweet', 'oleaginous', 'dry vegetal', 'dried fruit', 'fatty', 'tropical fruit', 'fresh', 'woody']"
CC(=O)CCS,"['vegetable', 'cooked', 'vegetal', 'sulphur', 'empyreumatic', 'alliaceous']"
CC(C)=C1CCC2(C)OC2C1=O,"['fruity', 'fruit with pip', 'tropical fruit']"
SCCc1cnccn1,"['vegetal', 'vegetable', 'cruciferous', 'cooked', 'sulphur', 'empyreumatic']"
Cc1ncc2c(n1)CSC2,"['pyrazic', 'oleaginous', 'empyreumatic', 'fruity', 'dried fruit', 'fatty']"
CC1=CCCC(C)(C)C12CCC(C)O2,"['mineral', 'vegetal', 'chemical', 'metal', 'mint', 'dry vegetal', 'phenolic', 'green vegetal', 'medicinal']"
Cc1ccccc1OC(=O)C(C)C,['chemical']
CCCCC(=O)OCc1ccco1,"['cooked', 'empyreumatic', 'dairy', 'fermented', 'fruit with pip', 'cooked sugar']"
CC=C(C)C(=O)OCc1ccccc1,"['bush flower', 'floral', 'vegetal', 'musty', 'oleaginous', 'fruity', 'green vegetal', 'dried fruit', 'fatty', 'fresh', 'red berry', 'cherry', 'fermented', 'woody']"
COc1cnc(C)s1,"['vegetal', 'sulphur', 'cruciferous', 'green vegetal', 'fresh']"
CCNc1ccccc1C(=O)OCC,"['chemical', 'alcoholic beverages', 'fermented drink', 'fermented', 'fruit with pip']"
CCCCCCOC(=O)c1ccco1,"['vegetal', 'fruit with pip', 'fresh', 'green vegetal']"
CCCCCCCC(=O)OCc1ccco1,"['mineral', 'balsamic', 'vegetal', 'lactone', 'metal', 'oleaginous', 'empyreumatic', 'dry vegetal', 'cooked sugar', 'dried fruit', 'fresh', 'fatty', 'tropical fruit', 'coumarin', 'cooked', 'stone fruit', 'woody']"
CCn1cccc1C(C)=O,"['fruity', 'dried fruit', 'fatty', 'oleaginous', 'empyreumatic']"
CC(=O)CCSCCC(C)=O,"['vegetal', 'cooked', 'green vegetal', 'empyreumatic']"
CCCCCCCC1CC(C)OC1=O,"['vegetal', 'fresh', 'stone fruit', 'oleaginous', 'green vegetal', 'dairy', 'citrus', 'dried fruit']"
C=CCSC(=O)CC,"['vegetable', 'vegetal', 'sulphur', 'green vegetal']"
CC(C)=CC(=O)OCCc1ccccc1,"['floral', 'vegetal', 'chemical', 'alcoholic beverages', 'fermented drink', 'fermented', 'green vegetal', 'fresh']"
CSCCCC=O,"['vegetal', 'sulphur', 'cruciferous', 'alliaceous']"
CCOC(=O)c1ccoc1-c1ccccc1,"['red berry', 'cherry']"
CC(=O)OC1(C(C)=O)CCCCC1,"['bush flower', 'chemical', 'woody', 'spicy', 'oleaginous', 'honeyed', 'phenolic', 'medicinal', 'dried fruit', 'fatty']"
CCc1nc(C)c(C)o1,"['dairy', 'fermented', 'vegetal', 'fresh', 'green vegetal']"
CC(O)C(C)SC(C)C(C)S,"['cooked', 'empyreumatic']"
Cc1ccc(OC(=O)CC(C)C)cc1,"['vegetal', 'dry vegetal']"
C=C(C)C1CCC(C)C1C=O,"['chemical', 'vegetal', 'mint', 'phenolic', 'green vegetal', 'medicinal', 'fresh']"
CC(=O)CCc1ccc2c(c1)OCO2,"['red berry', 'cherry']"
CC(=O)OC12CCCC(C)(CCC3C1CC3(C)C)C2,"['balsamic', 'vegetal', 'sweet', 'wood', 'resinous']"
CSSCc1ccco1,"['vegetable', 'cooked', 'vegetal', 'sulphur', 'empyreumatic']"
CCC(=O)SCc1ccco1,"['vegetable', 'roasted', 'vegetal', 'sulphur', 'empyreumatic']"
O=CSCc1ccco1,"['roasted', 'cooked', 'oleaginous', 'empyreumatic', 'fruity', 'dried fruit', 'fatty']"
SCc1cnccn1,"['vegetable', 'cooked', 'vegetal', 'sulphur', 'sweet', 'empyreumatic', 'cruciferous', 'cooked sugar']"
CCCCCC(CO)C(C)=O,['fermented']
C=C=CC(C)C(=O)OCC,"['red berry', 'balsamic', 'barrel aged alcohol', 'chemical', 'vegetal', 'peponide', 'alcoholic beverages', 'green vegetal', 'woody', 'fruit with pip', 'fresh']"
CCCCC(=O)C(CCC)Sc1ccoc1C,"['cooked', 'empyreumatic']"
Cc1occc1SC(C(=O)CC(C)C)C(C)C,"['vegetable', 'cooked', 'vegetal', 'sulphur', 'empyreumatic', 'fruity', 'citrus', 'alliaceous']"
C=C(CCCCC)C(C)=O,"['earthy', 'fermented', 'woody']"
C=CC(C)(CCC=C(C)C)OC(=O)CCC,"['lactone', 'fresh', 'stone fruit', 'lemony', 'honeyed', 'citrus', 'fruit with pip', 'tropical fruit']"
CC(S)C(=O)O,"['dairy', 'fermented', 'cooked', 'empyreumatic']"
CCC(=O)OC(C)(C)C1CC=C(C)CC1,"['garden flower', 'floral', 'vegetal', 'green vegetal', 'citrus', 'fresh']"
O=C(OCCc1ccccc1)c1ccccc1O,"['garden flower', 'bush flower', 'woody']"
CC(=O)OC1CCCCC1C(C)(C)C,"['chemical', 'vegetal', 'mint', 'phenolic', 'green vegetal', 'medicinal', 'fruit with pip', 'citrus']"
COC(OC)C(C)c1ccccc1,"['garden flower', 'vegetal', 'fresh', 'musty', 'fermented', 'fruity', 'honeyed', 'green vegetal', 'woody', 'citrus']"
COc1cc(CO)ccc1O,"['floral', 'vegetal', 'lactone', 'oleaginous', 'dairy', 'empyreumatic', 'dry vegetal', 'fruity', 'cooked sugar', 'dried fruit', 'fresh', 'fatty', 'tropical fruit', 'coumarin', 'cooked', 'woody']"
CC1CCC(C(C)C)OC(=O)C1,"['cooked', 'cooked sugar', 'sweet', 'empyreumatic']"
CSCCCN=C=S,"['mineral', 'vegetal', 'root', 'metal', 'sulphur', 'cruciferous']"
C=CCc1ccc(OC(=O)c2ccccc2)c(OC)c1,"['chemical', 'woody', 'sweet', 'phenolic', 'medicinal']"
CC1=CC(=O)CC(C)(C)C1=O,"['vegetal', 'fresh', 'dry vegetal', 'fermented', 'fruity', 'honeyed', 'green vegetal', 'citrus']"
COC(OC)c1ccccc1,"['chemical', 'vegetal', 'fatty', 'alcoholic beverages', 'fermented drink', 'oleaginous', 'fermented', 'green vegetal', 'dried fruit', 'fresh']"
CCCCCC1=C(C)CCC1=O,['bush flower']
C=C(C)c1ccc(C)cc1,"['vegetal', 'chemical', 'oleaginous', 'empyreumatic', 'fruity', 'wood', 'medicinal', 'resinous', 'dried fruit', 'fatty', 'fresh', 'roasted', 'fermented', 'woody', 'citrus']"
CC1(C)C2CCC1(C)C(OC=O)C2,"['vegetal', 'chemical', 'sweet', 'mint', 'fermented', 'phenolic', 'wood', 'green vegetal', 'resinous', 'fresh']"
CCCC(C)S,"['cooked', 'sulphur', 'empyreumatic']"
CCCCCOC(=O)CCCC,"['chemical', 'fruit with pip', 'solvent', 'fresh']"
C=CCSSC,"['vegetable', 'vegetal', 'sulphur']"
CCCC(=O)SC,"['malt', 'vegetable', 'roasted', 'vegetal', 'sulphur', 'empyreumatic', 'dairy', 'fermented', 'cruciferous', 'alliaceous']"
CCC(C)COC(=O)CC(C)C,"['balsamic', 'floral', 'chemical', 'barrel aged alcohol', 'vegetal', 'animal', 'alcoholic beverages', 'fermented drink', 'sweet', 'dairy', 'fermented', 'green vegetal', 'woody', 'fruit with pip', 'fresh']"
CCCCCCCCC=CC=O,"['vegetal', 'green vegetal', 'citrus']"
C=Cc1ccc(O)cc1,"['chemical', 'fermented', 'cooked', 'empyreumatic']"
CCc1ccc(O)c(OC)c1,"['balsamic', 'chemical', 'empyreumatic', 'smoked']"
CCOC(=O)C(CC)Cc1ccccc1,"['vegetal', 'green vegetal', 'fresh']"
CCC(O)C(C)=O,"['cooked', 'sweet', 'empyreumatic', 'dairy', 'cooked sugar', 'fatty']"
c1ccc(CCCC2CCCO2)cc1,"['vegetal', 'aldehydic', 'lactone', 'empyreumatic', 'oleaginous', 'green vegetal', 'cooked sugar', 'dried fruit', 'fresh', 'vegetable', 'fresh aldehydic', 'cooked', 'stone fruit', 'honeyed', 'cucurbitacea']"
Cc1ncsc1C,"['amine', 'cooked', 'vegetal', 'fresh', 'oleaginous', 'empyreumatic', 'fruity', 'green vegetal', 'dried fruit', 'fatty']"
CCC(=O)C(=O)CC,"['sweet', 'empyreumatic', 'oleaginous', 'dairy', 'fruity', 'cooked sugar', 'dried fruit', 'fatty']"
CC(C)OC(=O)Cc1ccccc1,"['malt', 'roasted', 'cocoa', 'chemical', 'bush flower', 'fermented drink', 'empyreumatic', 'alcoholic beverages', 'fermented', 'honeyed']"
CCCCCCCCCCCC(=O)OCCCCC,"['chemical', 'floral', 'alcoholic beverages', 'fermented drink']"
CCOC(=O)CC(C)O,"['vegetal', 'fruit with pip', 'green vegetal']"
CCCCCCOC(=O)C(C)(C)C,"['vegetal', 'fermented', 'fruit with pip', 'fresh', 'green vegetal']"
CC(C)CC(=O)OCCCc1ccccc1,"['red berry', 'stone fruit']"
CC(C)C(=O)OCc1ccc2c(c1)OCO2,"['floral', 'stone fruit']"
CCCCC1CCCCC(=O)O1,"['balsamic', 'vegetal', 'oleaginous', 'dairy', 'empyreumatic', 'dry vegetal', 'aromatic plant', 'green vegetal', 'cooked sugar', 'dried fruit', 'tropical fruit', 'fresh', 'cooked', 'fermented', 'woody']"
CCCCCCCOC(=O)CCC,"['garden flower', 'vegetal', 'dry vegetal', 'honeyed', 'green vegetal']"
CC(C)c1ccc(CCC=O)cc1,"['garden flower', 'vegetal', 'peponide', 'green vegetal']"
CC(C)CC(O)Cc1ccccc1,"['dairy', 'vegetal', 'aromatic plant', 'fresh', 'green vegetal']"
CC(C)Cc1nccs1,"['mineral', 'vegetal', 'metal', 'fermented', 'green vegetal', 'fresh']"
CCC1=C(O)C(=O)CC1,"['balsamic', 'barrel aged alcohol', 'chemical', 'cooked', 'alcoholic beverages', 'empyreumatic', 'woody', 'cooked sugar']"
CC1=C(O)C(=O)OC1C,"['roasted', 'cooked', 'empyreumatic', 'cooked sugar']"
CCCCOC(C)OCCc1ccccc1,"['vegetal', 'green vegetal', 'fresh']"
C=C(C)c1cnccn1,"['malt', 'cooked', 'cocoa', 'sweet', 'empyreumatic', 'oleaginous', 'fruity', 'cooked sugar', 'dried fruit', 'fatty']"
CCCCC1OC(=O)CC1C,"['balsamic', 'vegetal', 'chemical', 'oleaginous', 'empyreumatic', 'dry vegetal', 'fruity', 'aromatic plant', 'green vegetal', 'medicinal', 'dried fruit', 'fatty', 'tropical fruit', 'fresh', 'phenolic']"
CCCCCCCCOC(=O)c1ccco1,"['mineral', 'vegetal', 'metal', 'fresh', 'musty', 'dairy', 'fermented', 'green vegetal', 'woody']"
CCCC(C)C(=O)OCC,"['vegetal', 'peponide', 'green vegetal', 'fruit with pip', 'tropical fruit']"
COC(=O)C(O)CC(C)C,"['floral', 'chemical', 'alcoholic beverages', 'fermented drink', 'fermented']"
CC(C=O)CCc1ccccc1,['fermented']
CCC1CCC(CC)O1,"['chemical', 'cooked', 'cooked sugar', 'fresh', 'empyreumatic']"
CC(C=O)Cc1ccc2c(c1)OCO2,"['garden flower', 'chemical', 'vegetal', 'peponide', 'dry vegetal', 'green vegetal', 'citrus', 'fatty']"
CCC(=O)c1nccs1,"['fruity', 'pyrazic', 'dried fruit', 'fatty', 'oleaginous', 'empyreumatic']"
CCCC(CCO)SC,"['vegetal', 'mineral', 'green vegetal', 'metal', 'fresh']"
COC(=O)CCCSC,"['vegetal', 'fatty', 'sulphur', 'oleaginous', 'empyreumatic', 'fermented', 'cruciferous', 'dried fruit', 'tropical fruit']"
CCC1CC(C)=C(O)C1=O,"['cooked', 'cooked sugar', 'sweet', 'empyreumatic']"
CC1CCC2C(C)(C)C3CC12CCC3(C)O,"['vegetal', 'wood', 'resinous']"
C=CCSC,"['vegetable', 'vegetal', 'sulphur']"
CCCCC(=O)OCC(C)C,"['chemical', 'fruit with pip', 'solvent', 'fresh']"
CCOc1ccc2c(C)cc(=O)oc2c1,"['balsamic', 'vegetal', 'lactone', 'fresh', 'oleaginous', 'sweet', 'dry vegetal', 'fruity', 'aromatic plant', 'green vegetal', 'woody', 'dried fruit', 'fatty']"
CCC(=O)OC1=C(C)CCC1=O,"['cooked', 'oleaginous', 'sweet', 'dairy', 'empyreumatic', 'fruity', 'cooked sugar', 'dried fruit', 'fatty']"
Cc1ccc2c(c1)CCCN2,"['balsamic', 'honeyed', 'phenolic', 'woody']"
CCCCCCCCOC(=O)c1ccccc1,"['woody', 'fatty', 'sweet']"
CCCCCCC1=CCCC1=O,"['vegetal', 'bush flower', 'dry vegetal', 'aromatic plant', 'green vegetal']"
CCCOC(C)OCCC,"['floral', 'chemical', 'vegetal', 'solvent', 'alcoholic beverages', 'fermented drink', 'fermented', 'phenolic', 'green vegetal', 'medicinal']"
CCCCCCC(=O)OCCC(C)C,"['fresh aldehydic', 'floral', 'chemical', 'aldehydic', 'vegetal', 'fresh', 'fatty', 'alcoholic beverages', 'fermented drink', 'fermented', 'green vegetal', 'fruit with pip', 'tropical fruit']"
CCOc1ccc(C=O)cc1OC,['balsamic']
Cc1cccc(OC(=O)Cc2ccccc2)c1,"['honeyed', 'sweet']"
CCCCC(=O)OCCC,"['mineral', 'floral', 'chemical', 'metal', 'solvent', 'alcoholic beverages', 'fermented drink', 'fermented', 'fruit with pip', 'tropical fruit', 'fresh']"
C1SSCSSS1,"['earthy', 'fermented', 'woody', 'musty']"
C=C(CCC=C(C)C)C1CC=C(C)CC1,"['fruity', 'citrus']"
C=CCc1ccc(O)cc1,"['chemical', 'smoked', 'empyreumatic']"
C=CC(C)(C)C(=O)C=C(C)C,"['vegetal', 'honeyed', 'fruity', 'fresh', 'sweet', 'green vegetal']"
CC(=O)n1ccc2ccccc21,"['bush flower', 'sweet', 'tree flower', 'honeyed', 'fruity', 'woody']"
COc1ccccc1C(C)=O,"['chemical', 'fermented', 'floral', 'fresh']"
CC(C)CN=C=S,"['earthy', 'vegetable', 'vegetal', 'root', 'sulphur', 'cruciferous', 'green vegetal', 'fresh']"
CCCOC(=O)c1ccccc1O,"['vegetal', 'chemical', 'stone fruit', 'spicy', 'phenolic', 'green vegetal', 'medicinal', 'fresh']"
COc1ccccc1CO,"['balsamic', 'woody', 'fresh']"
CCC(S)CC,"['sulphur', 'empyreumatic']"
CCCc1ccccn1,"['amine', 'vegetal', 'fresh', 'oleaginous', 'empyreumatic', 'dry vegetal', 'fruity', 'green vegetal', 'dried fruit']"
CCCCCC(=O)CCCC(=O)O,"['dairy', 'fruity', 'lactone', 'stone fruit']"
CCCCCCCOC(=O)CCCCCC,"['fresh aldehydic', 'floral', 'chemical', 'aldehydic', 'vegetal', 'fresh', 'alcoholic beverages', 'fermented drink', 'green vegetal']"
CCCCCCCC(=O)OCCC,"['malt', 'balsamic', 'floral', 'vegetal', 'chemical', 'lactone', 'barrel aged alcohol', 'oleaginous', 'empyreumatic', 'sweet', 'dry vegetal', 'dried fruit', 'fresh', 'tropical fruit', 'coumarin', 'roasted', 'alcoholic beverages', 'fermented drink', 'fermented', 'woody']"
COC(=O)CCC(C)=O,"['cooked', 'vegetal', 'sweet', 'empyreumatic', 'green vegetal', 'cooked sugar', 'fresh']"
CCCCCN=C=S,"['earthy', 'vegetal', 'root', 'sulphur', 'cruciferous', 'green vegetal', 'fresh']"
OCc1cccs1,"['vegetable', 'chemical', 'vegetal', 'sulphur', 'solvent', 'empyreumatic', 'fresh']"
CC(C)c1ccccn1,"['vegetal', 'green vegetal', 'fresh']"
COc1ccc(C=O)c(O)c1,"['balsamic', 'woody']"
CCOC(OCC)c1ccccc1,"['vegetal', 'green vegetal', 'fresh']"
C=CCCCCO,"['vegetal', 'chemical', 'green vegetal', 'fresh', 'solvent']"
CCCCCCCCc1cccs1,"['fresh aldehydic', 'vegetal', 'aldehydic', 'fermented', 'green vegetal', 'fresh']"
CC(C)(C=O)Cc1ccccc1,"['vegetal', 'chemical', 'fatty', 'green vegetal']"
CCCCCCOC(=O)CCCC,"['vegetal', 'fatty', 'animal', 'green vegetal', 'fruit with pip', 'fresh']"
CC(C)C(=O)OC1CCCCC1,"['fruit with pip', 'tropical fruit']"
CCCCCCc1ccccn1,"['vegetal', 'oleaginous', 'fruity', 'green vegetal', 'dried fruit', 'fresh']"
CC(C)COC(Cc1ccccc1)OCC(C)C,"['malt', 'garden flower', 'roasted', 'bush flower', 'vegetal', 'empyreumatic', 'honeyed', 'green vegetal', 'fresh']"
CCc1ccc(OC)cc1,"['vegetal', 'fatty', 'oleaginous', 'dry vegetal', 'fruity', 'dried fruit', 'fresh']"
CSC(C)=O,"['pyrazic', 'vegetal', 'sulphur', 'empyreumatic', 'fermented', 'cruciferous']"
CCCCc1cccs1,"['empyreumatic', 'dairy']"
CCOc1ccc(C)cc1,['garden flower']
CCCCCOC(=O)c1ccco1,"['floral', 'chemical', 'cooked', 'fresh', 'alcoholic beverages', 'fermented drink', 'empyreumatic', 'cooked sugar', 'fatty']"
C=CCCCOC(C)=O,"['mineral', 'vegetal', 'metal', 'empyreumatic', 'green vegetal', 'fresh']"
CCCCCC(OC)OC,"['vegetal', 'empyreumatic', 'fermented', 'fruity', 'green vegetal', 'fruit with pip', 'fresh']"
CCC=C(C)C(=O)OCC,"['balsamic', 'barrel aged alcohol', 'chemical', 'vegetal', 'solvent', 'alcoholic beverages', 'green vegetal', 'woody', 'tropical fruit', 'fresh']"
COc1ccccn1,"['vegetal', 'empyreumatic', 'dry vegetal', 'green vegetal', 'smoked', 'fresh']"
CCOC1(OCC)CCCCC1,"['balsamic', 'barrel aged alcohol', 'chemical', 'vegetal', 'solvent', 'alcoholic beverages', 'sweet', 'dry vegetal', 'phenolic', 'fresh', 'medicinal']"
CCc1ccc(C)o1,"['empyreumatic', 'chemical', 'sulphur', 'solvent']"
Cc1ccc(Oc2ccccc2)cc1,"['mineral', 'bush flower', 'vegetal', 'metal', 'green vegetal', 'fresh']"
C=CCCC(=O)OCC,"['cooked', 'chemical', 'vegetal', 'solvent', 'sweet', 'empyreumatic', 'green vegetal', 'cooked sugar', 'fresh']"
CCCCC(=O)OCCC(C)C,"['vegetal', 'lactone', 'fresh', 'stone fruit', 'green vegetal', 'fruit with pip', 'tropical fruit']"
CC(C)CCSSCCC(C)C,"['cooked', 'vegetal', 'sulphur', 'empyreumatic', 'green vegetal', 'fresh']"
O=CCOc1ccccc1,"['garden flower', 'vegetal', 'chemical', 'animal', 'phenolic', 'green vegetal', 'fatty']"
COc1ccc(C(OC)OC)cc1,"['garden flower', 'vegetal', 'green vegetal', 'fresh']"
CC(=O)OCc1ccc(C)cc1,"['garden flower', 'red berry', 'vegetal', 'cherry', 'green vegetal', 'fresh']"
CC(C)N=C=S,"['earthy', 'vegetable', 'vegetal', 'root', 'sulphur', 'cruciferous']"
CCCCCCCCCC(=O)OCCC(C)C,"['balsamic', 'floral', 'chemical', 'barrel aged alcohol', 'fresh', 'vegetal', 'fatty', 'alcoholic beverages', 'fermented drink', 'fermented', 'green vegetal', 'woody', 'tropical fruit']"
CC(C)=CCCC(C)CC=O,"['vegetal', 'bush flower', 'fruity', 'green vegetal', 'citrus', 'fatty']"
O=C(OC1CCCCC1)c1ccccc1,"['woody', 'sweet']"
C=CCSSSSCC=C,"['vegetable', 'vegetal', 'sulphur', 'empyreumatic']"
CCCCCOC(=O)C(C)C,"['lactone', 'stone fruit', 'dairy', 'fruit with pip', 'tropical fruit', 'fatty']"
Cc1sccc1S,"['phenolic', 'cooked', 'chemical', 'empyreumatic']"
CSc1nccnc1C,"['cooked', 'vegetal', 'oleaginous', 'empyreumatic', 'sweet', 'fruity', 'dried fruit', 'fatty']"
COc1cc(C)cc(O)c1,"['vegetal', 'dry vegetal']"
OCCCCc1ccccc1,"['honeyed', 'bush flower']"
C=CCCN=C=S,"['earthy', 'vegetable', 'vegetal', 'root', 'sulphur', 'cruciferous', 'green vegetal', 'fresh']"
Cc1nccs1,"['vegetal', 'green vegetal', 'fresh']"
CCSSSCC,"['vegetable', 'vegetal', 'sulphur']"
CCCCCC(OCC)OCC,"['garden flower', 'balsamic', 'barrel aged alcohol', 'chemical', 'vegetal', 'alcoholic beverages', 'sweet', 'green vegetal', 'woody', 'fruit with pip']"
CCCCCCCCSC,"['vegetable', 'vegetal', 'fresh', 'sulphur', 'empyreumatic', 'green vegetal', 'alliaceous']"
Cc1ccccc1SSc1ccccc1C,"['cooked', 'empyreumatic']"
CSCCCN,"['dairy', 'vegetal', 'fermented', 'amine']"
O=CCS,"['vegetable', 'cooked', 'vegetal', 'sulphur', 'empyreumatic', 'cruciferous']"
Cc1cnc(C)s1,"['vegetable', 'cooked', 'vegetal', 'fresh', 'sulphur', 'oleaginous', 'empyreumatic', 'fruity', 'cruciferous', 'green vegetal', 'dried fruit', 'fatty']"
C=Cc1cnccn1,"['vegetal', 'fatty', 'oleaginous', 'empyreumatic', 'fruity', 'green vegetal', 'dried fruit', 'fresh']"
CC(C)SSC(C)C,"['vegetable', 'cooked', 'vegetal', 'sulphur', 'empyreumatic', 'fruity', 'cruciferous']"
CCCCCCN=C=S,"['earthy', 'vegetable', 'vegetal', 'root', 'sulphur', 'cruciferous', 'green vegetal', 'fresh']"
SCCc1ccccc1,"['fruity', 'empyreumatic']"
CSCCCCN=C=S,"['earthy', 'vegetable', 'vegetal', 'root', 'sulphur', 'cruciferous']"
CCOC(=O)CSC,"['earthy', 'vegetable', 'vegetal', 'root', 'sulphur', 'cruciferous', 'green vegetal', 'fresh', 'alliaceous']"
CCCc1cccnc1,"['vegetal', 'fermented', 'green vegetal', 'fresh', 'empyreumatic']"
CCCCCCOC,"['bush flower', 'vegetal', 'fresh', 'green vegetal', 'fruit with pip', 'tropical fruit']"
CCCCc1ccccn1,"['vegetal', 'green vegetal', 'fresh']"
C=C(C)CCOC(C)=O,"['vegetal', 'green vegetal', 'fresh']"
CSCCO,"['vegetal', 'cooked', 'empyreumatic']"
CCCCC(=O)OC1CC(C)CCC1C(C)C,['woody']
CC1=C(O)C(=O)C(C(C)C)CC1,"['chemical', 'vegetal', 'mint', 'berry', 'fruity', 'black fruit', 'green vegetal', 'medicinal', 'fresh']"
CC(C)CCN=C=S,"['earthy', 'vegetable', 'vegetal', 'root', 'sulphur', 'cruciferous', 'green vegetal', 'fresh']"
Cc1cscc1C,"['empyreumatic', 'vegetal', 'vegetable', 'sulphur', 'alliaceous']"
CCCCOC(C)OCCCC,"['balsamic', 'chemical', 'bush flower', 'barrel aged alcohol', 'vegetal', 'sweet', 'green vegetal', 'medicinal', 'fruit with pip', 'fresh', 'solvent', 'alcoholic beverages', 'fermented drink', 'fermented', 'phenolic', 'woody']"
SCCCCS,"['cooked', 'empyreumatic']"
CC1(C)COC(C)(c2ccccc2)OC1,"['floral', 'vegetal', 'chemical', 'mint', 'phenolic', 'wood', 'green vegetal', 'fresh', 'medicinal']"
C=CCCCCCCCCC(=O)OCC(C)C,"['floral', 'chemical', 'sweet', 'fermented drink', 'alcoholic beverages', 'dairy', 'fermented']"
CCCCCCCCCCOC=O,"['tree flower', 'honeyed', 'sweet']"
CCCCCCCOC(=O)CCCC,"['floral', 'chemical', 'vegetal', 'fresh', 'alcoholic beverages', 'fermented drink', 'fermented', 'green vegetal', 'fruit with pip', 'fatty']"
CCCCC(=O)OCCCc1ccccc1,"['red berry', 'woody']"
CCCCCCC(=O)OCCc1ccccc1,"['bush flower', 'chemical', 'lactone', 'stone fruit', 'alcoholic beverages', 'fermented drink', 'fermented', 'fruity', 'citrus', 'fatty']"
CCCCCCCC(=O)OCC(C)C,"['chemical', 'vegetal', 'fresh', 'alcoholic beverages', 'fermented drink', 'fermented', 'green vegetal']"
COc1ccc(CC=O)cc1,"['vegetal', 'green vegetal', 'fresh']"
CSSSSC,"['vegetable', 'vegetal', 'sulphur', 'empyreumatic', 'alliaceous']"
CCCCCC(C)OC(C)=O,"['vegetal', 'peponide', 'fresh', 'green vegetal', 'fruit with pip', 'tropical fruit']"
CSC(=O)c1ccccc1,"['vegetal', 'sulphur', 'dairy', 'cruciferous', 'alliaceous']"
CC(C)SSSC(C)C,"['vegetable', 'vegetal', 'sulphur', 'green vegetal', 'fresh']"
CC(=O)OC1CCCCCCCCCCC1,"['mineral', 'vegetal', 'metal', 'empyreumatic', 'phenolic', 'green vegetal', 'smoked', 'fresh']"
CCCCCCCCCCCCOC(=O)CC,"['floral', 'chemical', 'animal', 'alcoholic beverages', 'fermented drink', 'fermented', 'fatty']"
CCCCCC(=O)OC1CCCCC1,"['mineral', 'floral', 'chemical', 'metal', 'alcoholic beverages', 'fermented drink', 'fermented', 'tropical fruit']"
SCc1cccs1,"['cooked', 'amine', 'empyreumatic']"
CC(C)C(=O)OCc1ccco1,"['empyreumatic', 'roasted']"
CCOCc1ccco1,"['dairy', 'chemical', 'fresh', 'fatty', 'solvent']"
CCOC(Cc1ccccc1)OCC,"['garden flower', 'vegetal', 'green vegetal']"
C=CCOC(=O)CCCC,"['floral', 'chemical', 'alcoholic beverages', 'fermented drink', 'fruit with pip', 'tropical fruit']"
COc1cc(C(C)C)ccc1C,"['fruity', 'vegetal', 'fresh', 'citrus', 'green vegetal']"
CCOC(=O)CC1(C)OCCO1,"['vegetal', 'stone fruit', 'phenolic', 'wood', 'green vegetal', 'resinous', 'fruit with pip', 'fresh']"
CCCCCCCCC(=O)OCc1ccccc1,"['chemical', 'alcoholic beverages', 'fermented drink', 'fermented', 'woody']"
CCCCCCCCC(=O)OCCC,"['floral', 'chemical', 'peponide', 'alcoholic beverages', 'fermented drink']"
CCCCCCCCC(=O)OCCCCCC,"['balsamic', 'chemical', 'barrel aged alcohol', 'vegetal', 'sweet', 'oleaginous', 'green vegetal', 'dried fruit', 'fresh', 'fatty', 'alcoholic beverages', 'fermented drink', 'fermented', 'woody']"
COc1ccc(C)cc1C,"['fruity', 'dried fruit', 'fatty', 'oleaginous']"
C=C(C)CCCC(C)CCO,"['mineral', 'bush flower', 'metal', 'citrus']"
CC(=O)CCC(=O)OCc1ccccc1,"['cooked', 'cooked sugar', 'empyreumatic']"
CCCCCCCOC(=O)CCCCC,"['vegetal', 'green vegetal', 'fresh', 'fatty']"
CCOC(=O)c1ccccc1OC,"['red berry', 'fruit with pip']"
CCCCCCCC=CC(=O)OC,"['earthy', 'vegetal', 'aldehydic', 'musty', 'fermented', 'green vegetal', 'woody', 'fruit with pip']"
CC(=O)CC(C)(C)c1ccccc1,"['vegetal', 'honeyed', 'green vegetal', 'fresh']"
CCCCC(=O)OCCc1ccccc1,"['bush flower', 'vegetal', 'dry vegetal', 'green vegetal', 'fruit with pip', 'tropical fruit']"
Sc1ccsc1,"['vegetal', 'alliaceous', 'vegetable', 'sulphur', 'empyreumatic']"
CC12CCC(C1)C(C)(C)C2=O,"['vegetal', 'chemical', 'mint', 'phenolic', 'wood', 'green vegetal', 'resinous', 'medicinal']"
COC(=O)c1ccccc1N(C)C,"['vegetal', 'fruit with pip', 'citrus', 'green vegetal']"
O=C(CCO)OCCc1ccccc1,"['chemical', 'bush flower', 'fresh', 'solvent']"
CC(=O)OC(CC(C)C)CC(C)C,"['garden flower', 'fruity', 'bush flower', 'tropical fruit']"
CCCCCCCC(=O)OCc1ccccc1,"['lactone', 'stone fruit', 'tropical fruit']"
CCCCC(=O)OCc1ccccc1,"['vegetal', 'dry vegetal', 'fruit with pip', 'animal']"
CCCCCCCCCC(=O)OCCCCCC,"['floral', 'chemical', 'vegetal', 'alcoholic beverages', 'fermented drink', 'fermented', 'green vegetal']"
CCCCOc1ccc2ccccc2c1,['red berry']
CC(C)CCOC(C)OCCC(C)C,"['chemical', 'vegetal', 'solvent', 'phenolic', 'green vegetal', 'medicinal', 'fresh']"
CC(C)CCCC(C)(C)O,"['garden flower', 'fruity', 'bush flower', 'citrus']"
CCOC(OCC)c1ccco1,"['fermented', 'woody', 'musty', 'empyreumatic']"
CC(=O)c1sccc1C,"['oleaginous', 'fruity', 'honeyed', 'dried fruit', 'fatty']"
CC(=O)c1ccc(C)s1,"['garden flower', 'balsamic', 'floral', 'vegetal', 'lactone', 'empyreumatic', 'oleaginous', 'dry vegetal', 'fruity', 'cooked sugar', 'dried fruit', 'fatty', 'fresh', 'red berry', 'cooked', 'cherry', 'honeyed', 'woody']"
CCCC=CC(=O)CC,"['earthy', 'balsamic', 'vegetal', 'lactone', 'musty', 'oleaginous', 'sweet', 'dry vegetal', 'dried fruit', 'fatty', 'tropical fruit', 'coumarin', 'fermented', 'woody']"
CSSc1ccccc1,"['earthy', 'vegetal', 'root', 'sulphur', 'cruciferous', 'alliaceous']"
CCCC(=O)Oc1ccc(C)cc1,['chemical']
CCCCCCCCCCCC(OC)OC,"['vegetal', 'peponide', 'fruity', 'green vegetal', 'fruit with pip', 'citrus']"
CC(C)=CCc1occc1C,"['cooked', 'vegetal', 'sweet', 'empyreumatic', 'green vegetal', 'fruity', 'citrus', 'cooked sugar', 'fresh']"
CCc1nccs1,"['vegetal', 'fresh', 'oleaginous', 'fruity', 'green vegetal', 'dried fruit', 'fatty']"
CCc1cnc(CC)s1,"['cooked', 'vegetal', 'fatty', 'oleaginous', 'empyreumatic', 'fermented', 'fruity', 'green vegetal', 'dried fruit', 'fresh']"
CCCc1nccnc1C,"['malt', 'roasted', 'oleaginous', 'empyreumatic', 'fermented', 'fruity', 'dried fruit', 'fatty']"
CSCCCOC(C)=O,"['earthy', 'vegetable', 'vegetal', 'musty', 'sulphur', 'dairy', 'fermented', 'cruciferous', 'green vegetal', 'woody', 'fresh']"
CCCC(=O)OCCCSC,"['earthy', 'musty', 'dairy', 'fermented', 'woody']"
CCOC(CCSC)OCC,"['vegetable', 'vegetal', 'sulphur', 'dairy', 'fermented', 'cruciferous']"
COC(=O)CSC,"['vegetal', 'oleaginous', 'empyreumatic', 'dairy', 'fermented', 'dried fruit', 'fatty']"
CC1=CC(=O)C(C)O1,"['cooked', 'empyreumatic', 'dairy', 'cooked sugar', 'fatty']"
COC(C)(C)C1CC=C(C)CC1,"['vegetal', 'fresh', 'sweet', 'tree flower', 'fruity', 'honeyed', 'aromatic plant', 'green vegetal', 'citrus']"
CCC1(C)CC(=O)C(C)=C(C)C1C,"['cooked', 'sweet', 'empyreumatic', 'dairy', 'oleaginous', 'cooked sugar', 'dried fruit', 'fatty']"
CCC(=O)OC1CC2CC1C1CC=CC21,"['floral', 'bush flower', 'fatty']"
CC1C(=O)C2CC1C(C)(C)C2,"['vegetal', 'chemical', 'mint', 'phenolic', 'wood', 'green vegetal', 'resinous', 'fresh', 'medicinal']"
CC(C)CC1OCC(C)O1,"['roasted', 'balsamic', 'barrel aged alcohol', 'chemical', 'fatty', 'solvent', 'alcoholic beverages', 'empyreumatic', 'woody', 'fresh']"
CCC(C)(O)CCC=C(C)C,"['bush flower', 'fresh', 'fruity', 'citrus']"
CCC(C)CCCC(C)(C)O,"['garden flower', 'bush flower', 'fruity', 'citrus']"
CCCCCC1COCCC1OC(C)=O,"['earthy', 'bush flower', 'vegetal', 'fresh', 'musty', 'dry vegetal', 'fermented', 'green vegetal', 'woody', 'fatty']"
CC(C)CCOC(=O)C(C)O,"['floral', 'chemical', 'cooked', 'alcoholic beverages', 'fermented drink', 'dairy', 'sweet', 'empyreumatic', 'fermented', 'oleaginous', 'cooked sugar', 'dried fruit', 'fatty']"
CCCc1nccs1,"['vegetal', 'fatty', 'oleaginous', 'fruity', 'green vegetal', 'dried fruit', 'fresh']"
C=CCCCN=C=S,"['earthy', 'vegetable', 'vegetal', 'root', 'sulphur', 'cruciferous', 'green vegetal', 'fresh']"
CCCc1cnccn1,"['vegetal', 'fatty', 'oleaginous', 'empyreumatic', 'fruity', 'green vegetal', 'dried fruit', 'fresh']"
CCCCC(=O)OC(C)C,"['floral', 'chemical', 'solvent', 'sweet', 'fermented drink', 'alcoholic beverages', 'fermented', 'fruit with pip', 'tropical fruit', 'fresh']"
CCCCCCCC=CCO,"['balsamic', 'barrel aged alcohol', 'bush flower', 'chemical', 'alcoholic beverages', 'sweet', 'fruity', 'woody', 'citrus']"
CCSCCCO,['vegetal']
CCCCCCc1cccs1,"['earthy', 'mineral', 'cooked', 'vegetal', 'metal', 'sulphur', 'musty', 'empyreumatic', 'fermented', 'green vegetal', 'woody', 'fresh']"
CCCCCCCCC(OC)OC,"['vegetal', 'peponide', 'green vegetal', 'fruity', 'citrus']"
CC(=O)OC(C)CCC=C(C)C,"['vegetal', 'green vegetal', 'fresh']"
CC(=O)CC(C)(C)S,"['cooked', 'vegetal', 'green vegetal', 'empyreumatic', 'berry', 'black fruit', 'fresh']"
CCCCCCOC(=O)CC,"['vegetal', 'fruit with pip', 'fresh', 'green vegetal']"
CCCCCC(CC)OC(=O)CCC,"['vegetal', 'fermented', 'citrus', 'fresh', 'green vegetal']"
CCCC(CC(=O)OC)OC(C)=O,"['vegetal', 'green vegetal', 'fresh']"
CCCC(CC(=O)OCC)OC(C)=O,"['vegetal', 'green vegetal', 'fresh']"
CCCCCC1C=CC(=O)O1,"['balsamic', 'vegetal', 'lactone', 'sweet', 'oleaginous', 'dry vegetal', 'dried fruit', 'tropical fruit', 'fresh', 'woody']"
C=CC(O)CCCCCC,"['mineral', 'vegetal', 'metal', 'fresh', 'musty', 'dairy', 'fermented', 'green vegetal', 'woody', 'fatty']"
CSC(=O)CC(C)C,"['earthy', 'vegetal', 'musty', 'woody']"
CCCCCC(O)CCO,['fermented']
CC1(S)CCC2CC1C2(C)C,"['vegetal', 'green vegetal', 'fresh']"
CC(=O)C1CCCC(C)(C)C1,"['vegetal', 'chemical', 'mint', 'phenolic', 'wood', 'green vegetal', 'resinous', 'fresh', 'medicinal']"
C=C(C)C1CCC2(C)OC2C1,"['vegetal', 'citrus', 'green vegetal']"
CC1(C)C2CC3OC3(C)C1C2,"['vegetal', 'phenolic', 'wood', 'green vegetal', 'woody', 'resinous']"
CC(C)(O)CCCC1=CCC(C=O)CC1,"['vegetal', 'garden flower', 'fatty', 'green vegetal']"
CCCCCCCOC(=O)CC(C)C,"['vegetal', 'green vegetal', 'fresh']"
CC(C)CCOCCc1ccccc1,"['garden flower', 'mineral', 'floral', 'vegetal', 'metal', 'fruity', 'green vegetal']"
CCC=CC=CC=CC=O,"['vegetable', 'fresh aldehydic', 'vegetal', 'fresh', 'peponide', 'fruity', 'green vegetal', 'cucurbitacea']"
C=CC1(C)CCC(C(C)(C)O)CC1C(=C)C,"['bush flower', 'vegetal', 'green vegetal', 'fruity', 'citrus', 'fresh']"
CC(C)COC(=O)C(C)O,"['dairy', 'cooked', 'cooked sugar', 'fatty', 'sweet', 'empyreumatic']"
CCCOC(=O)C(C)O,"['cooked', 'floral', 'chemical', 'fermented drink', 'empyreumatic', 'alcoholic beverages', 'dairy', 'fermented', 'cooked sugar']"
CC1(C)C2CCC3(CO3)C1C2,"['floral', 'bush flower', 'chemical', 'vegetal', 'mint', 'phenolic', 'green vegetal', 'medicinal', 'fresh']"
C=C1CCC23C(C)CCC(C(C)C)C2C13,"['earthy', 'vegetable', 'vegetal', 'root', 'fresh', 'sulphur', 'cruciferous', 'green vegetal', 'citrus']"
CCC1=C(O)C(=O)C(C)O1,"['cooked', 'cooked sugar', 'empyreumatic']"
CC(C)=CCCC1=CCC(C=O)CC1,"['vegetal', 'fruity', 'chemical', 'citrus', 'fatty', 'green vegetal']"
CSCSSC,"['vegetable', 'vegetal', 'sulphur', 'empyreumatic', 'cruciferous', 'alliaceous']"
CC1=CC(C)C(C=O)CC1,"['vegetal', 'fatty', 'green vegetal', 'fruity', 'citrus', 'fresh']"
C=CCc1ccc(OCc2ccccc2)c(OC)c1,"['dry vegetal', 'vegetal', 'woody', 'sweet']"
C=CCOC(=O)CCCCCCCCC,"['floral', 'chemical', 'alcoholic beverages', 'fermented drink', 'fermented', 'tropical fruit']"
CC(=O)OC1(C)CCCC(C)(C)C12CCC(C)O2,"['vegetal', 'green vegetal', 'dry vegetal', 'citrus', 'fresh']"
Cc1ccc(C2OCC(C)O2)cc1,"['red berry', 'cherry', 'sweet']"
CC1CCC2C1C1C(CCC2(C)O)C1(C)C,"['bush flower', 'vegetal', 'fatty', 'green vegetal', 'fresh']"
CCCCCCCC=CC(=O)O,"['vegetal', 'fresh', 'stone fruit', 'green vegetal', 'citrus']"
CCCCC(CC)COC(=O)c1ccccc1,"['chemical', 'woody', 'fresh', 'sweet', 'solvent']"
CCCCCCCC(=O)OCC(C)OC(=O)CCCCCCC,"['balsamic', 'barrel aged alcohol', 'chemical', 'alcoholic beverages', 'sweet', 'woody']"
CC1=C2CCC(C)CC2OC1=O,"['balsamic', 'floral', 'vegetal', 'oleaginous', 'dairy', 'dry vegetal', 'fruity', 'dried fruit', 'fatty', 'tropical fruit', 'fresh', 'woody']"
C=C(C)C1CCC(C)CC1OC(C)=O,"['chemical', 'vegetal', 'mint', 'phenolic', 'green vegetal', 'fresh']"
CCCCCCC1OC(C)C(C)O1,"['vegetal', 'green vegetal', 'fresh']"
CCCOC(=O)c1ccccc1N,"['chemical', 'sweet', 'fermented drink', 'alcoholic beverages', 'tree flower', 'fermented', 'fruity', 'honeyed', 'fruit with pip', 'citrus']"
COc1cc(C=O)cc(-c2cc(C=O)cc(OC)c2O)c1O,"['dairy', 'balsamic', 'woody', 'sweet']"
CC1CC(C)(C)OC(Cc2ccccc2)O1,"['garden flower', 'vegetal', 'sweet', 'green vegetal', 'woody', 'fresh']"
CCOC(=O)CC1(C)OCC(C)O1,"['red berry', 'fruit with pip']"
O=C(Cc1ccccc1)OCC1CCCO1,"['malt', 'roasted', 'cocoa', 'empyreumatic', 'honeyed']"
CCCCCCCCCC1OCC(C)O1,"['vegetal', 'citrus', 'fresh', 'green vegetal']"
CCCCC(CC)COC(=O)CC,"['floral', 'chemical', 'alcoholic beverages', 'fermented drink', 'fermented', 'fruit with pip']"
CCCCC(C(C)=O)C(=O)OCC,"['chemical', 'vegetal', 'alcoholic beverages', 'fermented drink', 'fermented', 'green vegetal', 'fresh']"
CC(=O)CCCC(C)CCCC(C)C,"['dry vegetal', 'fermented', 'vegetal']"
CCCCOC(=O)C(C)CCC,"['garden flower', 'bush flower']"
CCCCCCCCC1OCC(C)O1,"['vegetal', 'citrus', 'green vegetal']"
Cc1ccc(CC(C)C=O)cc1,"['red berry', 'vegetal', 'peponide', 'fatty', 'cherry', 'green vegetal', 'citrus']"
CC1=CCC(C)C(C=O)C1,"['vegetal', 'fatty', 'green vegetal', 'fruity', 'citrus', 'fresh']"
CCCCCOC(=O)CC(C)C,"['malt', 'roasted', 'cocoa', 'sweet', 'empyreumatic', 'fruit with pip', 'tropical fruit']"
O=C(Cc1ccccc1)OC1CCCCC1,"['honeyed', 'bush flower']"
CCCCCC1OC(=O)CC1C,"['mineral', 'balsamic', 'vegetal', 'metal', 'oleaginous', 'sweet', 'dairy', 'dry vegetal', 'fruity', 'dried fruit', 'fresh', 'fatty', 'tropical fruit', 'coumarin', 'stone fruit', 'woody']"
CCCCCCC=CC(=O)O,"['vegetal', 'green vegetal', 'fresh']"
CC(c1ccccc1)C1OCCO1,"['vegetal', 'musty', 'fermented', 'green vegetal', 'woody', 'fresh']"
CCC(C)COC(=O)C(C)C,"['chemical', 'fresh', 'solvent']"
CCOC(C)OC(C)=O,"['floral', 'chemical', 'vegetal', 'peponide', 'solvent', 'alcoholic beverages', 'fermented drink', 'green vegetal', 'fermented', 'citrus']"
CC(O)C(=O)OCc1ccccc1,"['cooked', 'cooked sugar', 'empyreumatic']"
COC(=O)c1ccccc1N=CCC(C)CCCC(C)(C)O,"['garden flower', 'tree flower', 'honeyed', 'fruity', 'citrus']"
CC(C)=CCCC(C)CCCC(C)C=O,"['garden flower', 'bush flower', 'chemical', 'vegetal', 'green vegetal', 'fatty']"
CC1COC(C(C)C)O1,"['roasted', 'floral', 'chemical', 'vegetal', 'solvent', 'alcoholic beverages', 'empyreumatic', 'fermented drink', 'green vegetal', 'fresh']"
CC(=O)OC1CC2CC1C1C=CCC21,"['vegetal', 'green vegetal', 'fresh']"
CCCCCOC(=O)Cc1ccccc1,"['malt', 'roasted', 'cocoa', 'vegetal', 'empyreumatic', 'dry vegetal', 'honeyed', 'woody', 'fruit with pip']"
C=CCSCCC,"['vegetable', 'vegetal', 'sulphur']"
O=C(c1ccccc1)C(O)O,"['floral', 'vegetal', 'oleaginous', 'fruity', 'green vegetal', 'dried fruit', 'fresh']"
C=C(C)C1CC(=O)C2(C)OC2C1,"['chemical', 'fresh', 'solvent']"
CCCOc1cncc(C)n1,"['vegetal', 'green vegetal', 'fresh']"
CCCCCOC(=O)c1ccccc1N,['fruit with pip']
CSCCC1OCC(C)O1,"['dairy', 'vegetal', 'vegetable', 'fermented', 'cooked', 'empyreumatic']"
O=COC1CCCCCCCCCCC1,"['chemical', 'vegetal', 'mint', 'phenolic', 'green vegetal', 'medicinal']"
CC(=O)OCc1ccc(C(C)C)cc1,"['lemony', 'citrus']"
Cc1cnc(SCc2ccco2)cn1,"['oleaginous', 'empyreumatic', 'fruity', 'dried fruit', 'fatty']"
CCCC1CCOC(C)S1,"['vegetable', 'vegetal', 'fresh', 'sulphur', 'green vegetal', 'berry', 'black fruit', 'alliaceous']"
CC(C)C(=O)OC(C)(C)Cc1ccccc1,"['berry', 'black fruit', 'bush flower']"
CC1(C)CCCC(C)(O)C1=O,"['dry vegetal', 'fruity', 'vegetal', 'citrus']"
CCCCCOC(=O)C(C)O,"['balsamic', 'cooked', 'barrel aged alcohol', 'chemical', 'sweet', 'empyreumatic', 'alcoholic beverages', 'dairy', 'woody', 'cooked sugar']"
O=C(OC1CCCCC1)c1ccccc1O,"['vegetal', 'green vegetal', 'woody', 'fresh']"
CCCCCCCCCC(OCC)OCC,"['balsamic', 'barrel aged alcohol', 'chemical', 'vegetal', 'lactone', 'oleaginous', 'sweet', 'dry vegetal', 'green vegetal', 'dried fruit', 'tropical fruit', 'coumarin', 'solvent', 'alcoholic beverages', 'woody', 'citrus']"
CCCCCCCC(OCC)OCC,"['vegetal', 'fresh', 'citrus', 'green vegetal']"
CCOC(=O)c1ccccc1NC,['fruit with pip']
CCOC(=O)C(C)(O)CC,"['cooked', 'oleaginous', 'sweet', 'empyreumatic', 'fruit with pip', 'cooked sugar', 'dried fruit', 'fatty']"
CC(=O)OCCC1=CCC2CC1C2(C)C,"['vegetal', 'bush flower', 'fresh', 'phenolic', 'wood', 'resinous', 'lemony', 'citrus']"
CC1(C)C2=CCCC(C)(C)C23CCC1C3,"['balsamic', 'sweet']"
CC(=O)CCCC(C)CCC=C(C)C,['bush flower']
C=C1C(O)CC2CC1C2(C)C,"['vegetal', 'chemical', 'mint', 'phenolic', 'wood', 'green vegetal', 'resinous', 'medicinal']"
CCC(C)SC(=O)CC(C)C,"['dairy', 'vegetal', 'fermented', 'fresh', 'green vegetal']"
CCC(=O)OCC(C)CC,"['balsamic', 'barrel aged alcohol', 'chemical', 'peponide', 'solvent', 'alcoholic beverages', 'woody', 'fruit with pip', 'fresh']"
CCC(C)C(=O)OCC(C)C,"['peponide', 'citrus']"
CCC(=O)C(C)CC=C(C)C,['citrus']
CCOC(C)OCCc1ccccc1,"['garden flower', 'vegetal', 'green vegetal']"
CCCCCC(=O)OCC(C)CC,"['chemical', 'fresh', 'solvent', 'fruit with pip', 'tropical fruit']"
CCCCCC1C(=O)CCC1CC(=O)OC,"['vegetal', 'bush flower', 'fatty', 'green vegetal', 'fresh']"
CCCCC(CC)C(=O)OCC,"['garden flower', 'floral']"
CCC1CCCC(=O)O1,"['balsamic', 'vegetal', 'sweet', 'oleaginous', 'dry vegetal', 'fruity', 'green vegetal', 'dried fruit', 'fatty', 'tropical fruit', 'fresh', 'woody']"
CC1COC(C)O1,"['fresh aldehydic', 'chemical', 'aldehydic', 'vegetal', 'fatty', 'solvent', 'green vegetal', 'fresh']"
CC(c1ccccc1)N(C)C,['amine']
CCC(=O)OCCCCCCC(C)C,['bush flower']
CC1=CCCC(C)(C)C1C(C)CCC=O,"['vegetal', 'garden flower', 'dry vegetal', 'phenolic', 'floral']"
CCOCc1cnccn1,"['fatty', 'oleaginous', 'empyreumatic', 'sweet', 'fruity', 'dried fruit', 'tropical fruit']"
CCOC(=O)C1OC1c1ccc(C)cc1,"['red berry', 'bush flower']"
C=CC(C)CCCC(C)(C)OC(C)=O,"['bush flower', 'fresh', 'fruity', 'citrus']"
CCCCCCCCCCC(OC)OC,"['fruity', 'citrus', 'fatty']"
CCOc1cncc(C)n1,"['fatty', 'oleaginous', 'empyreumatic', 'fruity', 'dried fruit', 'tropical fruit']"
CCCCCCCCOCC=O,"['vegetal', 'fatty', 'green vegetal']"
Cc1nc(CC(C)C)sc1C,"['garden flower', 'floral', 'vegetal', 'bush flower', 'fresh', 'oleaginous', 'fruity', 'green vegetal', 'dried fruit', 'fatty']"
CCCc1nc(C)c(C)o1,"['mineral', 'metal', 'empyreumatic']"
CC(=O)c1ncc(C)nc1C,"['pyrazic', 'oleaginous', 'empyreumatic', 'fruity', 'dried fruit', 'fatty']"
CCOCc1ccccc1OC,"['vegetal', 'bush flower', 'dry vegetal', 'green vegetal']"
CCc1ccc(CC(C)(C)C=O)cc1,"['garden flower', 'vegetal', 'chemical', 'fatty', 'green vegetal']"
CC(C)(C)C(=O)OCCc1ccccc1,"['garden flower', 'bush flower']"
CCC(=O)OC(C)(C)Cc1ccccc1,"['vegetal', 'dry vegetal', 'bush flower']"
CCCC(=O)Oc1c(C)occc1=O,"['red berry', 'cooked', 'empyreumatic', 'cooked sugar']"
CSc1nccnc1C(C)C,"['vegetal', 'cooked', 'fresh', 'green vegetal', 'empyreumatic']"
CSSC(C)(C)C=O,"['malt', 'roasted', 'vegetal', 'sweet', 'empyreumatic', 'dry vegetal']"
CC(C)CCOC(=O)CC(S)C(=O)OCCC(C)C,"['empyreumatic', 'roasted']"
CC(CCOC=O)CC(C)(C)C,"['vegetal', 'green vegetal', 'fresh']"
C=CCOC(=O)COCCC(C)C,"['vegetal', 'fruit with pip', 'tropical fruit', 'fresh', 'green vegetal']"
CCCCCCC1OC(=O)CC1C,"['bush flower', 'fresh', 'stone fruit', 'vegetal', 'dairy', 'green vegetal', 'fatty']"
COC(OC)C(C)(C)CC=C(C)C,"['garden flower', 'floral', 'vegetal', 'aldehydic', 'fatty', 'fruity', 'green vegetal', 'citrus']"
CC(=O)OC1CC(C)CC(C)(C)C1,"['vegetal', 'bush flower', 'chemical', 'phenolic', 'green vegetal', 'medicinal', 'fresh']"
CCC1(O)C2(C)CCC(C2)C1(C)C,"['chemical', 'vegetal', 'mint', 'fermented', 'phenolic', 'green vegetal', 'medicinal', 'fresh']"
CCCCCOC(=O)C(C)CC,['fruit with pip']
CC1CC(C)(c2ccccc2)OC(C)O1,"['vegetal', 'fruity', 'citrus', 'green vegetal']"
CCCCCCOC(C)OCC,"['balsamic', 'barrel aged alcohol', 'chemical', 'vegetal', 'woody', 'solvent', 'alcoholic beverages', 'sweet', 'phenolic', 'green vegetal', 'medicinal', 'fresh']"
CCCCCCC(CC)OC(C)=O,"['vegetal', 'chemical', 'fresh', 'green vegetal', 'solvent']"
CCCCCCCCC(OCC)OCC,"['vegetal', 'bush flower', 'fruity', 'green vegetal', 'citrus', 'fatty']"
CC(=O)Sc1cc(C)oc1C,"['cooked', 'empyreumatic']"
CC(=O)Sc1ccoc1C,['empyreumatic']
CCCCCCCCCC(=O)OCCCCCCC,"['balsamic', 'barrel aged alcohol', 'chemical', 'floral', 'sweet', 'alcoholic beverages', 'fermented drink', 'fermented', 'woody']"
CCCCCCCCC(=O)OCCCCC,"['balsamic', 'chemical', 'barrel aged alcohol', 'lactone', 'stone fruit', 'alcoholic beverages', 'fermented drink', 'oleaginous', 'sweet', 'fermented', 'woody', 'dried fruit', 'fatty']"
CCCCCCCCCC(C)C(OC)OC,"['balsamic', 'vegetal', 'fresh', 'sweet', 'fruity', 'green vegetal', 'woody', 'citrus', 'fatty']"
CC(C)=CCCC1(C)OCC(C)O1,"['vegetal', 'green vegetal', 'citrus', 'fresh']"
CC1CCC(C(C)C)C(OC(=O)C(C)C)C1,['bush flower']
CC1CCC2CC1SC2(C)C,"['vegetal', 'lactone', 'stone fruit', 'green vegetal', 'citrus']"
CC1CCC(CO)C(C)C1,"['garden flower', 'phenolic', 'animal']"
COc1cc(C2OCC(C)O2)ccc1O,"['malt', 'roasted', 'balsamic', 'floral', 'empyreumatic', 'woody']"
CCOc1cc(C2OCC(C)O2)ccc1O,"['balsamic', 'chemical', 'dairy', 'phenolic', 'woody', 'medicinal']"
CC(C)=CCCC(C)CCOC(=O)c1ccccc1N,['bush flower']
CCCC(=O)OC1=C(C)CCC1=O,"['cooked', 'sweet', 'empyreumatic', 'dairy', 'oleaginous', 'cooked sugar', 'dried fruit', 'fatty']"
CC(C)=CCOC=O,"['vegetable', 'balsamic', 'barrel aged alcohol', 'chemical', 'vegetal', 'solvent', 'alcoholic beverages', 'sweet', 'green vegetal', 'woody', 'fresh']"
CCC(=O)Oc1c(C)occc1=O,"['red berry', 'cooked', 'empyreumatic', 'cooked sugar']"
CC1=CC=C2C(C)(C)CCCC2(C)O1,"['garden flower', 'red berry', 'vegetal', 'wood', 'resinous']"
CCCCC(C)OC(C)=O,['fruit with pip']
CC(C)CCCC(C)CC=O,"['vegetal', 'fatty', 'green vegetal', 'fruity', 'citrus']"
CCCCCC(O)CC(=O)OCC,"['chemical', 'vegetal', 'alcoholic beverages', 'fermented drink', 'fermented', 'green vegetal', 'fruit with pip', 'fresh']"
CCCCCCCCC1CCCC(=O)O1,['fermented']
CC(=O)OC(C)(C)C1CC=C(C)CC1,"['floral', 'bush flower', 'fresh', 'fruity', 'citrus']"
CC(C)=CCCC(C)CCOC(=O)CC(C)C,"['garden flower', 'bush flower', 'vegetal', 'sweet', 'berry', 'dry vegetal', 'fruity', 'honeyed', 'black fruit', 'fruit with pip']"
C=CCOC(=O)COC1CCCCC1,"['vegetal', 'green vegetal', 'fresh', 'tropical fruit']"
CCC(=O)OCC(C)OC(=O)CC,"['chemical', 'fermented', 'floral', 'alcoholic beverages', 'fermented drink']"
CCOC(=O)C(O)CC(C)C,"['chemical', 'fermented', 'floral', 'alcoholic beverages', 'fermented drink']"
C=CC(C)(CCC=C(C)C)OC(=O)CCCC,"['bush flower', 'floral', 'lactone', 'stone fruit', 'citrus']"
CC(=O)OCCCCCCCC(C)C,"['floral', 'bush flower', 'vegetal', 'green vegetal', 'fruity', 'citrus']"
COC(C)(C)CCCC(C)C=O,"['vegetal', 'peponide', 'fresh', 'green vegetal', 'citrus']"
COCc1cnccn1,"['vegetal', 'fatty', 'oleaginous', 'empyreumatic', 'sweet', 'fruity', 'green vegetal', 'dried fruit']"
CCC(C)COC(=O)C=C(C)C,"['garden flower', 'mineral', 'vegetal', 'metal', 'dry vegetal', 'fruit with pip']"
CC1CC(C)(c2ccccc2)CO1,"['vegetal', 'fruity', 'citrus', 'green vegetal']"
CCCCCC(=O)OCCC(C)CCC=C(C)C,"['bush flower', 'fruit with pip', 'tropical fruit']"
CCCCCCCCCCCC=CC=O,"['vegetable', 'fresh aldehydic', 'vegetal', 'aldehydic', 'fresh', 'green vegetal', 'cucurbitacea', 'citrus']"
CCOC(=O)CCC(C)C,"['fruit with pip', 'tropical fruit']"
CCCCCC1=CCCC1=O,['bush flower']
CC(C)c1ccc(C(C)C=O)cc1,"['vegetal', 'fatty', 'green vegetal']"
CCC(C)SC(=O)C=C(C)C,"['fresh aldehydic', 'vegetal', 'aldehydic', 'fatty', 'dairy', 'fermented', 'green vegetal', 'fresh']"
CCCC(CCCC(=O)OCC)OC(C)=O,['animal']
C=CC(CCC)OC(C)=O,"['balsamic', 'barrel aged alcohol', 'vegetal', 'chemical', 'alcoholic beverages', 'sweet', 'green vegetal', 'woody', 'fresh']"
CCCCCCOC(CCCCC)OCCCCCC,"['fresh aldehydic', 'balsamic', 'barrel aged alcohol', 'vegetal', 'aldehydic', 'fresh', 'chemical', 'alcoholic beverages', 'sweet', 'fruity', 'green vegetal', 'woody', 'fruit with pip', 'fatty']"
CC(C)CC(=O)SC(C)C,"['dairy', 'vegetal', 'fermented', 'fruity', 'fresh', 'green vegetal']"
CC(C)=CC(=O)SC(C)C,"['vegetable', 'cooked', 'vegetal', 'sulphur', 'empyreumatic', 'fruity', 'green vegetal', 'fresh']"
C=CCCCCCCC(C)=O,"['vegetal', 'fruit with pip', 'tropical fruit', 'fresh', 'green vegetal']"
CC(C)CC=NCCC(C)C,"['malt', 'roasted', 'amine', 'fatty', 'empyreumatic']"
C=CCCCCCCCC(C)=O,"['vegetal', 'peponide', 'fresh', 'green vegetal', 'citrus']"
C=C1C(O)CC23CC1C(C)(C)C2CCC3C,"['wood', 'vegetal', 'resinous']"
Cc1ccc2c(c1)OCC(=O)CO2,"['vegetal', 'fruity', 'chemical', 'peponide', 'green vegetal']"
CCc1nc(C)oc1C,"['vegetal', 'fatty', 'oleaginous', 'empyreumatic', 'fruity', 'green vegetal', 'dried fruit', 'fresh']"
C=C1C(=O)CC2CC1C2(C)C,"['vegetal', 'chemical', 'mint', 'phenolic', 'green vegetal', 'medicinal', 'fresh']"
CC1=CC=CCC1,"['fruity', 'fresh', 'sulphur', 'citrus']"
CCCCCCCCCC(=O)OCC(C)C,"['balsamic', 'barrel aged alcohol', 'chemical', 'lactone', 'stone fruit', 'alcoholic beverages', 'woody']"
CCCCCCCCCC(=O)OCCC,"['vegetal', 'fresh', 'green vegetal']"
CCCCCCC(C(C)=O)C(=O)OCC,"['bush flower', 'chemical', 'vegetal', 'alcoholic beverages', 'fermented drink', 'fermented', 'green vegetal', 'fresh']"
CSCS,"['vegetable', 'cooked', 'vegetal', 'sulphur', 'empyreumatic', 'alliaceous']"
CCOc1nccnc1C,"['malt', 'fatty', 'oleaginous', 'empyreumatic', 'sweet', 'fruity', 'dried fruit', 'tropical fruit']"
CCSSC,"['vegetal', 'sulphur', 'green vegetal', 'fresh']"
C=CCCCCCCCCCC(=O)O,"['vegetal', 'fruity', 'citrus', 'green vegetal']"
CC=C(C)C(=O)O,"['cooked', 'cooked sugar', 'empyreumatic']"
CC(O)C1CCCCC1,['fatty']
CCCC(=O)C(=O)CCC,"['cooked', 'empyreumatic', 'dairy', 'fermented', 'cooked sugar']"
SCS,['empyreumatic']
CCSC(C)SCC,"['vegetable', 'roasted', 'cooked', 'vegetal', 'sulphur', 'empyreumatic']"
CCCC(C)CC=O,"['vegetal', 'dairy', 'fermented', 'green vegetal', 'fresh']"
CC(S)c1ccccc1,"['fruity', 'cooked', 'empyreumatic']"
CC(=O)CC(=O)OCc1ccccc1,"['woody', 'tropical fruit']"
CC(C)=CCS,"['vegetable', 'roasted', 'cooked', 'vegetal', 'sulphur', 'empyreumatic', 'phenolic', 'smoked', 'alliaceous']"
C=C(C)C1C=CC(C)(O)CC1,['fermented']
CCCCC1OCC(C)O1,"['chemical', 'vegetal', 'solvent', 'oleaginous', 'phenolic', 'fruity', 'green vegetal', 'medicinal', 'dried fruit', 'fresh']"
CCC(C)(CCc1ccccc1)OC(C)=O,"['garden flower', 'dry vegetal', 'vegetal', 'green vegetal']"
CCCCC=CCC(=O)OCC,"['floral', 'chemical', 'alcoholic beverages', 'fermented drink', 'fermented']"
CCCCC1COCC(C)C1OC(C)=O,"['earthy', 'bush flower', 'musty', 'fermented', 'woody']"
C=CC(C)(CCC=C(C)C)OC(C)OCC,"['garden flower', 'fruity', 'lemony', 'citrus']"
CCCOC(=O)C(C)CC,"['floral', 'chemical', 'vegetal', 'fresh', 'alcoholic beverages', 'fermented drink', 'fermented', 'green vegetal', 'fruit with pip', 'tropical fruit']"
C=CCCCCCCCC=O,"['vegetal', 'bush flower', 'fruity', 'green vegetal', 'citrus']"
CC1(O)CCC2C(=CCCC2(C)C)C1,"['balsamic', 'sweet']"
COC(=O)c1ccccc1NC=O,"['fermented', 'fruit with pip']"
CCC(C)COC(=O)c1ccccc1O,"['vegetal', 'green vegetal', 'fresh']"
CCCC(=O)OCC(C)CC,"['balsamic', 'barrel aged alcohol', 'chemical', 'lactone', 'stone fruit', 'sweet', 'alcoholic beverages', 'woody', 'fruit with pip']"
CCCC(C)COC(=O)C(C)CCC,"['bush flower', 'fruit with pip']"
CSCCCCCCN=C=S,"['earthy', 'vegetable', 'vegetal', 'root', 'sulphur', 'cruciferous']"
CC(C)=CCOC(=O)C=C(C)C,"['vegetal', 'green vegetal', 'fresh']"
CC(=O)C1=NCCS1,"['vegetable', 'fresh aldehydic', 'pyrazic', 'vegetal', 'aldehydic', 'fresh', 'sulphur', 'oleaginous', 'empyreumatic', 'fruity', 'green vegetal', 'dried fruit', 'fatty', 'alliaceous']"
C=C(C)CCCC(C)CO,"['vegetal', 'fruity', 'peponide', 'green vegetal']"
CCc1ccc(C=O)s1,"['red berry', 'cooked', 'cherry', 'sweet', 'empyreumatic', 'oleaginous', 'cooked sugar', 'dried fruit', 'fatty']"
CCCC(=O)OCC(C)OC(=O)CCC,"['dairy', 'fatty']"
C=CC(O)CCCCCCC,"['mineral', 'vegetal', 'metal', 'musty', 'fermented', 'fruity', 'green vegetal', 'woody', 'citrus', 'fatty']"
CCCCCC(=O)OCSC,"['fermented', 'tropical fruit']"
CCCCCC(=O)OCC=C(C)C,"['vegetal', 'dairy', 'fermented', 'green vegetal', 'fresh']"
CC(C)=CCOC(=O)C(C)C,"['red berry', 'vegetal', 'stone fruit', 'fatty', 'sweet', 'dairy', 'honeyed', 'green vegetal', 'tropical fruit', 'fresh']"
CC(C)C(=O)OC1CC2CCC1(C)C2(C)C,"['vegetal', 'chemical', 'fatty', 'oleaginous', 'mint', 'sweet', 'phenolic', 'wood', 'green vegetal', 'resinous', 'dried fruit', 'fresh', 'medicinal']"
CCOc1nccnc1C(C)C,"['vegetal', 'fatty', 'oleaginous', 'empyreumatic', 'fruity', 'green vegetal', 'dried fruit', 'fresh']"
C=CC(C)(CCC=C(C)C)OCC,"['vegetal', 'aromatic plant', 'citrus', 'green vegetal']"
CCCCCCCOCC(=O)CO,"['vegetal', 'musty', 'fatty', 'fermented', 'green vegetal', 'woody', 'fresh']"
CCc1nccnc1SC,"['vegetal', 'fresh', 'oleaginous', 'empyreumatic', 'fermented', 'fruity', 'green vegetal', 'dried fruit', 'fatty']"
CCCCCCCC(O)CCCC(=O)OCC(O)CO,"['balsamic', 'vegetal', 'stone fruit', 'fatty', 'oleaginous', 'sweet', 'dairy', 'dry vegetal', 'woody', 'dried fruit', 'coumarin']"
C=CC(=O)CCCCCC,"['earthy', 'fermented', 'woody', 'musty']"
CCC=CC=CC(C)=O,"['garden flower', 'mineral', 'floral', 'vegetal', 'aldehydic', 'metal', 'musty', 'dry vegetal', 'green vegetal', 'fresh', 'fresh aldehydic', 'fermented', 'woody', 'amine']"
CC(C)CC1OC(CC(C)C)OC(CC(C)C)O1,"['malt', 'roasted', 'balsamic', 'empyreumatic', 'fruity', 'woody']"
CSCCCCCN=C=S,"['earthy', 'vegetable', 'vegetal', 'root', 'sulphur', 'cruciferous']"
CCCCCC(OCCCC)OCCCC,"['balsamic', 'barrel aged alcohol', 'chemical', 'vegetal', 'fresh', 'alcoholic beverages', 'sweet', 'fruity', 'green vegetal', 'woody', 'fruit with pip', 'fatty']"
CC(C)CC(=O)Cc1ccccc1,"['cooked', 'cooked sugar', 'empyreumatic']"
CCCC(=O)C(O)CCC,"['dairy', 'fruity', 'dried fruit', 'fatty', 'oleaginous']"
CCCOC(=O)CCC(C)=O,"['cooked', 'cooked sugar', 'empyreumatic']"
CCC(=O)OC1CC(C)CCC1C(C)C,['bush flower']
CCCOC(=O)Cc1ccccc1,"['bush flower', 'lactone', 'stone fruit', 'honeyed', 'fruity']"
CCCCCCOC(=O)Cc1ccccc1,"['chemical', 'bush flower', 'vegetal', 'alcoholic beverages', 'fermented drink', 'fermented', 'honeyed', 'green vegetal', 'fresh']"
CC(=O)CSCc1ccco1,"['vegetable', 'vegetal', 'sulphur', 'empyreumatic', 'cruciferous']"
C=CCc1cc(OC)c(O)c(OC)c1,"['cooked', 'smoked', 'empyreumatic']"
COC(CC(C)=O)OC,"['chemical', 'fatty', 'solvent', 'oleaginous', 'fermented', 'phenolic', 'fruity', 'medicinal', 'dried fruit', 'fresh']"
CC(=O)Cc1ccco1,"['earthy', 'vegetable', 'cooked', 'vegetal', 'root', 'sulphur', 'empyreumatic', 'cruciferous', 'cooked sugar']"
CCCC(=O)c1ccco1,"['woody', 'sweet']"
C=C(C)CCC(C)=O,"['vegetal', 'fermented', 'green vegetal', 'fresh']"
CCCCCCCCOC(=O)CC(C)C,"['bush flower', 'vegetal', 'fresh', 'sweet', 'honeyed', 'green vegetal', 'fruit with pip', 'tropical fruit']"
CCCCCCCCCCC1OCC(C)O1,"['fruity', 'citrus']"
CCCCCCC(=O)OCCC,"['balsamic', 'floral', 'chemical', 'barrel aged alcohol', 'vegetal', 'green vegetal', 'fruit with pip', 'fresh', 'fatty', 'tropical fruit', 'red berry', 'alcoholic beverages', 'fermented drink', 'woody']"
CCCCCCCCCCOC(=O)CC,"['balsamic', 'barrel aged alcohol', 'chemical', 'vegetal', 'green vegetal', 'fresh', 'animal', 'solvent', 'alcoholic beverages', 'woody', 'citrus']"
CCCCCCCCCCOC(=O)CCC,"['floral', 'bush flower', 'lactone', 'stone fruit']"
CCCCCCCC(=O)OCCc1ccccc1,"['malt', 'balsamic', 'chemical', 'barrel aged alcohol', 'vegetal', 'empyreumatic', 'green vegetal', 'cooked sugar', 'fresh', 'roasted', 'cooked', 'alcoholic beverages', 'fermented drink', 'fermented', 'woody']"
CCCCC(=O)c1ccco1,"['dairy', 'fermented', 'cooked', 'cooked sugar', 'empyreumatic']"
O=C1CCCCCCCCCCCCCCO1,"['balsamic', 'floral', 'vegetal', 'lactone', 'dry vegetal', 'woody', 'fruit with pip', 'fresh']"
CC1COC(C(C)c2ccccc2)O1,"['earthy', 'vegetal', 'peponide', 'musty', 'dry vegetal', 'fermented', 'green vegetal', 'woody']"
O=Cc1ccc(CO)o1,"['floral', 'vegetal', 'chemical', 'cooked', 'alcoholic beverages', 'fermented drink', 'empyreumatic', 'dry vegetal', 'fermented', 'dairy', 'cooked sugar']"
CCCC(=O)CC(=O)OCC,"['vegetal', 'fresh', 'animal', 'tropical fruit', 'green vegetal']"
COc1cc(C)cc(OC)c1O,"['cooked', 'chemical', 'sweet', 'empyreumatic', 'cooked sugar', 'smoked']"
CCCCC(C)OC(=O)CCC,['tropical fruit']
CCCC(=O)OCc1ccc(OC)cc1,"['dairy', 'stone fruit', 'fatty', 'fresh']"
CCCCCCCCCCCCOC(=O)C(C)C,['dairy']
CCCC(=O)OC1CCCCC1,"['fruit with pip', 'tropical fruit']"
CCCCCC(=O)CC,"['floral', 'bush flower', 'vegetal', 'dairy', 'green vegetal', 'woody']"
SCCCCCCCCCS,"['earthy', 'cooked', 'vegetal', 'musty', 'empyreumatic', 'fermented', 'woody']"
CC(CCO)CCCC(C)(C)O,"['vegetal', 'garden flower', 'bush flower', 'fresh', 'green vegetal']"
C=CC(C)(CCC=C(C)C)OC(=O)Cc1ccccc1,"['garden flower', 'honeyed', 'bush flower']"
C=C(C)COC(=O)CCC,"['chemical', 'fresh', 'solvent']"
O=C(OCCc1ccccc1)c1ccco1,"['earthy', 'bush flower', 'floral', 'cooked', 'sweet', 'empyreumatic', 'fermented', 'honeyed', 'woody', 'cooked sugar']"
SCc1ccccn1,"['cooked', 'empyreumatic']"
c1coc(COCc2ccco2)c1,"['roasted', 'oleaginous', 'empyreumatic', 'fruity', 'dried fruit', 'fatty']"
CCCC(=O)CCCC(=O)O,['animal']
COC(=O)CCCc1ccccc1,['honeyed']
CCCCCCC1(C)CCC(=O)O1,"['balsamic', 'bush flower', 'vegetal', 'oleaginous', 'dry vegetal', 'fruity', 'dried fruit', 'tropical fruit', 'stone fruit', 'woody']"
CC(C)CC(=O)OC1CCCCC1,"['fruit with pip', 'tropical fruit']"
CC(OC=O)c1ccccc1,"['vegetal', 'green vegetal', 'fresh', 'sweet']"
CCCCCC(=O)OCC(C)OC(=O)CCCCC,"['vegetal', 'green vegetal', 'fresh']"
CC=CC(=O)OCC,"['vegetable', 'balsamic', 'barrel aged alcohol', 'chemical', 'cooked', 'vegetal', 'sulphur', 'alcoholic beverages', 'empyreumatic', 'woody', 'cooked sugar', 'tropical fruit']"
CC(C)=CCCC(C)=CCCC(C)CCO,"['garden flower', 'mineral', 'vegetal', 'metal', 'green vegetal', 'fruit with pip', 'fresh']"
CC12CCC(C1)C(C)(C)C2O,"['vegetal', 'chemical', 'mint', 'phenolic', 'wood', 'fruity', 'green vegetal', 'resinous', 'citrus', 'fresh', 'medicinal']"
CCCCCC1CCC(=O)O1,"['balsamic', 'vegetal', 'lactone', 'fresh', 'oleaginous', 'dairy', 'dry vegetal', 'fruity', 'woody', 'dried fruit', 'tropical fruit', 'coumarin']"
CCCCCCCC1CCC(=O)O1,"['balsamic', 'vegetal', 'oleaginous', 'dairy', 'dry vegetal', 'green vegetal', 'dried fruit', 'fresh', 'tropical fruit', 'coumarin', 'stone fruit', 'woody']"
CC(C)=CCCC(C)(O)C1CC=C(C)CC1,"['vegetal', 'lactone', 'oleaginous', 'sweet', 'dry vegetal', 'dried fruit', 'fresh', 'fatty', 'tropical fruit', 'coumarin', 'woody', 'citrus']"
Cc1coc2c1CCC(C)C2,"['vegetal', 'chemical', 'mint', 'dry vegetal', 'fermented', 'phenolic', 'green vegetal', 'medicinal', 'fresh']"
CC(C)=C1CCC(C)CC1=O,"['mineral', 'chemical', 'vegetal', 'metal', 'mint', 'phenolic', 'green vegetal', 'medicinal']"
CC1CCC(C(C)C)C(=O)C1,"['chemical', 'vegetal', 'solvent', 'mint', 'phenolic', 'green vegetal', 'medicinal']"
O=C(O)C=C(CC(=O)O)C(=O)O,"['floral', 'chemical', 'vegetal', 'alcoholic beverages', 'fermented drink', 'oleaginous', 'fermented', 'fruity', 'dried fruit', 'fatty']"
O=C(O)C=Cc1ccccc1,"['chemical', 'woody', 'spicy', 'phenolic', 'medicinal']"
CC(C)=CCCC(C)=CCCC(C)=CCO,"['garden flower', 'fatty']"
c1ccc(CCCc2ccccn2)cc1,"['vegetal', 'mineral', 'metal', 'green vegetal']"
CCCCCCOC(=O)CCCCCC,"['balsamic', 'barrel aged alcohol', 'chemical', 'vegetal', 'alcoholic beverages', 'sweet', 'green vegetal', 'woody']"
CCCC(S)CCOC(C)=O,"['red berry', 'berry', 'black fruit', 'fruit with pip', 'citrus']"
CSCc1ccco1,"['earthy', 'vegetal', 'root', 'sulphur', 'empyreumatic', 'cruciferous']"
CCCC=CC(=O)OCC,"['balsamic', 'floral', 'chemical', 'barrel aged alcohol', 'vegetal', 'green vegetal', 'fruit with pip', 'fresh', 'red berry', 'alcoholic beverages', 'fermented drink', 'fermented', 'woody', 'citrus']"
CCCCCCCC(O)CC,"['earthy', 'fermented', 'fruity', 'woody', 'citrus']"
CC(=O)CCC1=C(C)CCCC1(C)C,"['garden flower', 'balsamic', 'sweet']"
CCC=CSC,"['vegetable', 'vegetal', 'sulphur']"
CCOC(=O)C(C)S,"['vegetal', 'empyreumatic', 'vegetable', 'cooked', 'sulphur', 'alliaceous']"
CCc1cnc(C)s1,"['malt', 'vegetable', 'vegetal', 'sulphur', 'sweet', 'empyreumatic', 'green vegetal', 'amine', 'fresh']"
CCCCCCOC(=O)C(C)O,"['vegetal', 'green vegetal', 'fresh']"
CC(C)CCOC(=O)C(C)C,"['malt', 'roasted', 'red berry', 'chemical', 'vegetal', 'cherry', 'solvent', 'empyreumatic', 'green vegetal', 'fruit with pip', 'fresh']"
CSCCCCO,"['earthy', 'mineral', 'vegetal', 'metal', 'musty', 'sulphur', 'dairy', 'cruciferous', 'green vegetal', 'fresh', 'fermented', 'woody']"
CSc1cnccn1,"['malt', 'chemical', 'vegetal', 'sulphur', 'oleaginous', 'empyreumatic', 'fruity', 'dried fruit', 'fatty', 'fresh', 'vegetable', 'roasted', 'solvent']"
CCC(C)c1nccnc1OC,"['vegetal', 'fatty', 'oleaginous', 'fermented', 'fruity', 'green vegetal', 'dried fruit', 'fresh']"
CC(=O)c1nccs1,"['pyrazic', 'oleaginous', 'empyreumatic', 'fruity', 'dried fruit', 'fatty']"
CC(S)CCS,"['vegetable', 'cooked', 'vegetal', 'sulphur', 'oleaginous', 'empyreumatic', 'fruity', 'dried fruit', 'fatty']"
CCC(C)C(=O)OCCc1ccccc1,"['vegetal', 'bush flower', 'fresh', 'green vegetal']"
CC(=O)c1cc(C)sc1C,"['cooked', 'oleaginous', 'empyreumatic', 'dairy', 'fermented', 'fruity', 'dried fruit', 'fatty']"
CC(=O)C1=CCCCN1,"['pyrazic', 'cooked', 'oleaginous', 'empyreumatic', 'sweet', 'fruity', 'cooked sugar', 'dried fruit', 'fatty']"
CCCCCCCCCC1CCCC(=O)O1,['fermented']
CC(=O)C1=NCCCC1,"['pyrazic', 'cooked', 'sweet', 'empyreumatic', 'cooked sugar']"
CCC(C)C(=O)OCCC(C)C,"['red berry', 'floral', 'chemical', 'cherry', 'alcoholic beverages', 'fermented drink', 'fermented', 'citrus', 'fruit with pip', 'tropical fruit']"
COc1cncc(C)n1,"['sweet', 'oleaginous', 'empyreumatic', 'fruity', 'dried fruit', 'fatty']"
CCCCCCCCOC(=O)C(C)CC,"['vegetal', 'fermented', 'green vegetal', 'fresh']"
CC1CC(=O)CO1,"['balsamic', 'barrel aged alcohol', 'vegetal', 'lactone', 'chemical', 'fatty', 'alcoholic beverages', 'empyreumatic', 'dairy', 'dry vegetal', 'woody', 'fresh']"
CC(C)(S)CCO,"['vegetal', 'sulphur', 'empyreumatic', 'fruity', 'citrus', 'alliaceous']"
CC(=O)c1sc(C)nc1C,"['cooked', 'oleaginous', 'empyreumatic', 'fermented', 'fruity', 'dried fruit', 'fatty']"
CCc1ccc(C)s1,"['empyreumatic', 'vegetal', 'chemical', 'fresh', 'green vegetal']"
CCCCCC(CC)OC(C)=O,"['fruit with pip', 'bush flower', 'vegetal', 'fruity', 'green vegetal', 'lemony', 'citrus']"
CCC(=O)CO,"['roasted', 'cooked', 'chemical', 'fresh', 'solvent', 'empyreumatic', 'fermented', 'phenolic', 'medicinal', 'cooked sugar', 'fatty']"
CCCCCCCCOC(=O)CCCCCC,"['vegetal', 'green vegetal', 'fresh']"
CCCC(S)CCO,"['vegetable', 'cooked', 'vegetal', 'sulphur', 'empyreumatic', 'berry', 'black fruit', 'citrus']"
CCCCc1ccc(CC)s1,['empyreumatic']
CCCCCC(C)S,"['vegetal', 'sulphur', 'animal', 'alliaceous']"
CCCCSSCC,"['vegetal', 'sulphur', 'green vegetal', 'fresh']"
CNc1ccccc1C(=O)OCC(C)C,"['fruit with pip', 'citrus']"
CCC(C)C(=O)OC(C)C,"['balsamic', 'chemical', 'vegetal', 'lactone', 'oleaginous', 'dry vegetal', 'green vegetal', 'fruit with pip', 'dried fruit', 'fatty', 'fresh', 'coumarin', 'solvent', 'woody']"
CC(=O)CCC(=O)OCCC(C)C,"['floral', 'chemical', 'cooked', 'fatty', 'solvent', 'alcoholic beverages', 'fermented drink', 'sweet', 'empyreumatic', 'fermented', 'cooked sugar', 'fresh']"
CCCCCCCCC(=O)OCCCCCCC,"['bush flower', 'chemical', 'fermented drink', 'alcoholic beverages', 'tree flower', 'fermented', 'honeyed', 'fruity', 'citrus', 'fatty']"
CCCCSSCCC,"['vegetable', 'vegetal', 'sulphur']"
CCCCCSSC,"['vegetal', 'sulphur', 'green vegetal', 'fresh']"
Sc1cccs1,"['cooked', 'sweet', 'empyreumatic', 'cooked sugar']"
CCCCCCCCC(=O)OCCC(C)C,"['chemical', 'lactone', 'stone fruit', 'alcoholic beverages', 'fermented drink', 'oleaginous', 'fermented', 'dried fruit', 'fatty']"
CC(=O)CC(=O)OCC(C)C,"['floral', 'chemical', 'fermented drink', 'alcoholic beverages', 'fermented']"
Nc1ccccc1C(=O)OCc1ccccc1,"['garden flower', 'fruity', 'citrus']"
CCc1nc(C)c(C)s1,"['malt', 'roasted', 'oleaginous', 'empyreumatic', 'fruity', 'dried fruit', 'fatty']"
CCCOC(=O)C(C)=O,"['cooked', 'cooked sugar', 'empyreumatic']"
CCCc1cc(OC)c(O)c(OC)c1,"['smoked', 'empyreumatic']"
C=CCSSSCCC,"['vegetable', 'vegetal', 'sulphur']"
CCSSSC,"['vegetable', 'vegetal', 'sulphur', 'empyreumatic', 'green vegetal', 'fresh']"
COCCC(C)(C)S,"['lactone', 'stone fruit', 'berry', 'fruity', 'black fruit', 'citrus']"
CC(C)(S)CCOC=O,"['vegetable', 'cooked', 'vegetal', 'sulphur', 'sweet', 'empyreumatic', 'fruity', 'cooked sugar', 'alliaceous']"
Cc1occc1SSCc1ccco1,"['cooked', 'empyreumatic']"
Cc1occc1SSc1ccoc1C,"['vegetable', 'vegetal', 'sulphur', 'empyreumatic', 'alliaceous']"
CC(=O)CC(C)S,"['vegetable', 'cooked', 'vegetal', 'empyreumatic', 'berry', 'fruity', 'black fruit', 'citrus']"
CCCc1nccnc1OC,"['vegetal', 'vegetable']"
CCC1=C(O)C(=O)CC1C,"['cooked', 'cooked sugar', 'empyreumatic']"
CC(C)C1SSC(C(C)C)S1,"['vegetable', 'cooked', 'vegetal', 'sulphur', 'oleaginous', 'empyreumatic', 'fruity', 'phenolic', 'smoked', 'dried fruit', 'alliaceous']"
CC(C)CC1SC(C)NC(C)S1,"['malt', 'cooked', 'oleaginous', 'empyreumatic', 'fruity', 'dried fruit', 'fatty']"
CCCCCC(CC(=O)OC)OC(C)=O,"['floral', 'vegetal', 'chemical', 'alcoholic beverages', 'fermented drink', 'fermented', 'green vegetal', 'fresh']"
C=C(C)c1ccnc(C(C)=O)c1,"['fresh aldehydic', 'balsamic', 'vegetal', 'aldehydic', 'fatty', 'green vegetal', 'woody', 'fresh']"
C=C(C)c1cc(C(C)=O)ccn1,"['vegetal', 'green vegetal', 'fresh', 'empyreumatic']"
CC1(C)CC2C3CCCC(C)(C3O)C2C1,['sweet']
CCCCCC(C)OC(=O)CCC,"['dairy', 'vegetal', 'fermented', 'fresh', 'green vegetal']"
CCC(=O)C(C)S,"['vegetable', 'cooked', 'vegetal', 'sulphur', 'empyreumatic', 'fruity', 'citrus', 'alliaceous']"
C=CCOC(=O)CCC(C)=O,"['vegetal', 'fresh', 'tropical fruit', 'green vegetal', 'empyreumatic']"
Cc1cnc2c(n1)CCC2C,"['malt', 'oleaginous', 'empyreumatic', 'fermented', 'fruity', 'dried fruit', 'fatty']"
CCCCCC(=O)OCCC(S)CCC,"['berry', 'black fruit', 'citrus']"
CCCCC(CC)OC(C)=O,"['bush flower', 'vegetal', 'green vegetal', 'fruit with pip', 'fresh']"
CC(=O)C(=O)OCCC(C)C,"['barrel aged alcohol', 'chemical', 'cooked', 'alcoholic beverages', 'empyreumatic', 'woody', 'cooked sugar']"
CC(C)CCOC(=O)CCc1ccco1,"['bush flower', 'cooked', 'vegetal', 'empyreumatic', 'green vegetal', 'fruit with pip', 'cooked sugar', 'fresh']"
CCCCCCCOC(=O)C(C)CC,"['vegetal', 'fruit with pip', 'green vegetal']"
CC(S)C(C)S,"['vegetal', 'vegetable', 'cooked', 'sulphur', 'empyreumatic']"
CCCCCCCCCC(=O)OCCCCC,"['balsamic', 'floral', 'chemical', 'barrel aged alcohol', 'sweet', 'fermented drink', 'alcoholic beverages', 'fermented', 'woody']"
CCCC(=O)OCC1CCCO1,"['vegetal', 'lactone', 'stone fruit', 'dairy', 'fermented', 'green vegetal', 'fresh']"
CCCCOC(C)OCC,"['balsamic', 'floral', 'chemical', 'barrel aged alcohol', 'vegetal', 'sweet', 'green vegetal', 'medicinal', 'fresh', 'solvent', 'alcoholic beverages', 'fermented drink', 'fermented', 'phenolic', 'woody']"
O=COCc1ccco1,"['roasted', 'chemical', 'fresh', 'solvent', 'oleaginous', 'empyreumatic', 'fruity', 'dried fruit', 'fatty']"
CCOC(=O)CCSCc1ccco1,"['vegetal', 'sulphur', 'oleaginous', 'empyreumatic', 'fruity', 'dried fruit', 'fatty']"
CCCCCC(=O)OCc1ccco1,"['vegetal', 'fermented', 'green vegetal', 'fresh']"
CCCCCCC(=O)OCc1ccco1,"['vegetal', 'green vegetal', 'fresh']"
CCCCCCCC1OCC(C)O1,"['vegetal', 'green vegetal', 'fruity', 'citrus', 'fresh']"
C=CCC(C=O)c1ccccc1,"['malt', 'vegetable', 'roasted', 'cocoa', 'vegetal', 'sweet', 'empyreumatic']"
C=CC(C)(CCC=C(C)C)OC(=O)CCCCC,"['vegetal', 'fruit with pip', 'tropical fruit', 'fresh', 'green vegetal']"
CCCC(=O)OC(C)c1ccccc1,"['bush flower', 'vegetal', 'lactone', 'stone fruit', 'green vegetal', 'fruit with pip', 'fresh']"
CC(=O)CCC1=C(C)C=CCC1(C)C,"['vegetal', 'dry vegetal', 'red berry', 'fruity', 'bush flower']"
CCCC(=O)OC(C)(C)C1CC=C(C)CC1,"['woody', 'sweet']"
CC1=C(CCC(C)O)C(C)(C)CCC1,"['balsamic', 'animal']"
CCn1cccc1C=O,"['phenolic', 'smoked', 'empyreumatic']"
CC(=O)c1oc(C)cc1C,"['cooked', 'empyreumatic', 'oleaginous', 'fruity', 'woody', 'cooked sugar', 'dried fruit', 'fatty']"
CC1=CCC(C(C)(C)OC(=O)CC(C)C)CC1,"['vegetal', 'phenolic', 'wood', 'fruity', 'citrus', 'woody', 'resinous', 'fresh']"
CCCCCCCCCOC(=O)CCCCCCC,"['balsamic', 'bush flower', 'barrel aged alcohol', 'chemical', 'musty', 'alcoholic beverages', 'fermented', 'woody']"
CC1COC(c2ccccc2)O1,"['red berry', 'cherry']"
COC(=O)Cc1ccc(C(C)(C)C)cc1,"['malt', 'garden flower', 'roasted', 'balsamic', 'floral', 'cocoa', 'vegetal', 'peponide', 'empyreumatic', 'honeyed', 'green vegetal', 'fresh']"
CCC=CCCC=CC=O,"['garden flower', 'fresh aldehydic', 'floral', 'vegetal', 'aldehydic', 'peponide', 'fruity', 'green vegetal', 'cucurbitacea', 'citrus']"
CC=CC(=O)O,"['dairy', 'cooked', 'cooked sugar', 'sweet', 'empyreumatic']"
CC(=O)OCC=C(C)CCCC(C)CCCC(C)CCCC(C)C,"['vegetal', 'green vegetal', 'woody', 'fatty', 'fresh', 'sweet']"
O=CC=Cc1ccccc1,"['floral', 'vegetal', 'chemical', 'woody', 'honeyed', 'phenolic', 'green vegetal', 'medicinal', 'fatty']"
COC(=O)C=Cc1ccccc1,"['red berry', 'chemical', 'woody', 'cherry', 'spicy', 'phenolic', 'medicinal']"
CC=Cc1ccc(OC)cc1,['fresh']
CC=CC=CC=O,"['vegetal', 'green vegetal', 'citrus', 'fresh']"
CC(C)=CCCC(C)=CCO,"['bush flower', 'citrus']"
CCOC(=O)C=Cc1ccccc1,"['chemical', 'woody', 'stone fruit', 'honeyed', 'phenolic', 'medicinal']"
CC=Cc1ccc(OC)c(OC)c1,"['dry vegetal', 'chemical', 'phenolic', 'vegetal', 'medicinal']"
CC(C)=CCCC(C)=CC=O,['citrus']
CC(=O)C=CC1=C(C)CCCC1(C)C,['garden flower']
CCC=CC(=O)O,"['cooked', 'sweet', 'empyreumatic', 'dairy', 'fermented', 'cooked sugar']"
CC=CC(=O)OC,"['vegetal', 'green vegetal', 'fresh']"
CC(=O)OCC=C(C)CCC=C(C)CCC=C(C)C,"['garden flower', 'mineral', 'bush flower', 'vegetal', 'metal', 'fresh', 'peponide', 'green vegetal', 'fruity', 'citrus', 'fatty']"
CC=CCCCO,"['mineral', 'vegetal', 'metal', 'fresh', 'sulphur', 'fermented', 'green vegetal']"
CC=CC=CCO,"['vegetal', 'fatty', 'oleaginous', 'fermented', 'green vegetal', 'dried fruit']"
COc1ccc(C=CC=O)cc1,"['red berry', 'balsamic', 'chemical', 'woody', 'cherry', 'empyreumatic', 'phenolic', 'fruity', 'medicinal', 'smoked']"
C=CCOC(=O)C=Cc1ccccc1,"['chemical', 'lactone', 'woody', 'stone fruit', 'phenolic', 'medicinal', 'tropical fruit']"
CC(C)C=CC(=O)O,"['dry vegetal', 'vegetal']"
Cc1cc(SSc2cc(C)oc2C)c(C)o1,['empyreumatic']
CCC=CCC=O,"['fresh aldehydic', 'vegetal', 'aldehydic', 'peponide', 'green vegetal', 'fruit with pip']"
CCOC(=O)C(C)C(C)O,"['vegetal', 'green vegetal', 'fruit with pip', 'fresh']"
CCOC(=O)C=Cc1ccco1,"['woody', 'fruit with pip']"
CC(C)COC(=O)C=Cc1ccccc1,"['malt', 'roasted', 'lactone', 'stone fruit', 'empyreumatic', 'woody']"
CC=Cc1ccc(OC(C)=O)c(OC)c1,"['chemical', 'woody', 'phenolic', 'medicinal']"
CCC=CCC1=C(C)CCC1=O,"['earthy', 'bush flower', 'vegetal', 'musty', 'fermented', 'aromatic plant', 'green vegetal', 'citrus']"
CC(=O)OCC=C(C)CCC=C(C)C,"['bush flower', 'aldehydic', 'vegetal', 'fresh', 'fatty', 'green vegetal', 'fruit with pip', 'citrus']"
CC=CC=CC(=O)OCC,"['chemical', 'vegetal', 'solvent', 'green vegetal', 'fresh']"
O=C(C=Cc1ccccc1)OCC=Cc1ccccc1,"['chemical', 'bush flower', 'woody', 'phenolic', 'medicinal']"
CC(C)=CCCC(C)=CC#N,"['mineral', 'vegetal', 'metal', 'fresh', 'green vegetal', 'citrus', 'fatty']"
CC=CC(=O)C1=C(C)CCCC1(C)C,"['vegetal', 'bush flower', 'stone fruit', 'sweet', 'dry vegetal', 'honeyed', 'black fruit']"
CC(=O)CCC=C(C)CCC=C(C)CCC=C(C)C,"['chemical', 'solvent', 'alcoholic beverages', 'fermented drink', 'dairy', 'fermented', 'fresh']"
CCCCCC(C=O)=Cc1ccccc1,"['vegetal', 'bush flower', 'fatty', 'green vegetal', 'fresh']"
CC(=O)C=CC=C(C)CCC=C(C)C,"['garden flower', 'vegetal', 'dry vegetal', 'citrus']"
CCCC=CCOC(C)=O,"['vegetal', 'green vegetal', 'fruit with pip']"
Cc1oc2ccccc2c1C,"['cooked', 'vegetal', 'animal', 'empyreumatic', 'dry vegetal', 'smoked']"
CCCCc1nccs1,"['vegetal', 'green vegetal', 'fresh']"
CCCC(CC=O)SC,"['fresh aldehydic', 'vegetal', 'aldehydic', 'fresh', 'dairy', 'green vegetal']"
CCOC(=O)C(C)(C)SC,"['vegetal', 'chemical', 'fresh', 'green vegetal', 'solvent']"
CCOC1=C(C)OC(C)C1=O,"['red berry', 'cooked', 'empyreumatic', 'cooked sugar']"
CCOC(=O)CC(C)CC(C)(C)C,"['chemical', 'vegetal', 'alcoholic beverages', 'fermented drink', 'fermented', 'green vegetal', 'fruit with pip', 'fresh']"
CCCCCCCCCOC(=O)c1ccccc1N,"['fruity', 'citrus']"
CCCC(=O)OCSC,"['mineral', 'vegetal', 'metal', 'sulphur', 'dairy', 'fermented', 'cruciferous', 'alliaceous']"
CC(C)CCCCCCCCCCC=O,"['citrus', 'empyreumatic']"
CC1=C2CCC(C)C=C2OC1=O,"['balsamic', 'vegetal', 'oleaginous', 'dry vegetal', 'fruity', 'dried fruit', 'fatty', 'tropical fruit', 'fresh', 'woody']"
CCOC(=O)CC(C)SCC,"['mineral', 'metal']"
CCCC(=O)OCCc1scnc1C,"['cooked', 'oleaginous', 'empyreumatic', 'fruity', 'dried fruit']"
CCCCCC(=O)OCCc1scnc1C,"['cooked', 'oleaginous', 'empyreumatic', 'fruity', 'dried fruit']"
CC1C=CC2C(C)CCC(C(C)C)C2C1,"['vegetal', 'green vegetal', 'empyreumatic']"
CC1C=CCCC1(C)C=O,"['vegetal', 'fresh', 'fruity', 'green vegetal', 'citrus', 'fatty']"
C=CCc1ccc(OC(=O)CC(C)C)c(OC)c1,"['chemical', 'phenolic', 'medicinal']"
CC(=O)[n+]1cc(C)nc(C)c1,"['pyrazic', 'oleaginous', 'empyreumatic', 'fruity', 'dried fruit', 'fatty']"
Cc1occc(=O)c1OC(=O)C(C)C,"['red berry', 'cooked', 'empyreumatic', 'cooked sugar']"
CCOCc1ccccc1O,"['balsamic', 'woody', 'smoked', 'empyreumatic']"
O=C1CCCCC=CCCCCCCCCCO1,"['balsamic', 'vegetal', 'aldehydic', 'animal', 'green vegetal', 'woody', 'fatty']"
CCc1ccccc1S,"['vegetable', 'cooked', 'vegetal', 'sulphur', 'empyreumatic', 'phenolic', 'smoked']"
CCCC1CC(=O)C=C(C)C1,"['vegetal', 'aromatic plant', 'green vegetal']"
CCOC(=O)COc1ccc(C)cc1,"['malt', 'roasted', 'red berry', 'floral', 'vegetal', 'fresh', 'cherry', 'oleaginous', 'empyreumatic', 'sweet', 'dry vegetal', 'honeyed', 'dried fruit', 'fatty']"
CC1=NC(CC(C)C)SC1C,"['malt', 'cooked', 'vegetal', 'fresh', 'empyreumatic', 'oleaginous', 'fruity', 'green vegetal', 'dried fruit', 'fatty']"
CSCCOC(C)=O,"['cooked', 'peponide', 'empyreumatic']"
CC1=C(O)C(=O)CO1,"['cooked', 'cooked sugar', 'empyreumatic']"
CCCCCC=C1CCCC1=O,"['vegetal', 'bush flower', 'fresh', 'green vegetal']"
CSC(C)(C)CC(C)=O,"['mineral', 'vegetal', 'metal', 'green vegetal', 'berry', 'black fruit', 'fresh']"
CCCCOCc1ccc(O)c(OC)c1,"['balsamic', 'woody']"
CCCOC(=O)C=Cc1ccccc1,"['fermented', 'woody']"
CCOC(=O)C=CC(=O)OCC,"['floral', 'chemical', 'vegetal', 'fresh', 'alcoholic beverages', 'fermented drink', 'green vegetal', 'fermented', 'citrus', 'fruit with pip', 'tropical fruit']"
CC(C)OC(=O)C=Cc1ccccc1,"['red berry', 'chemical', 'lactone', 'woody', 'stone fruit', 'spicy', 'phenolic', 'medicinal']"
CCCCOC(=O)C=Cc1ccccc1,"['malt', 'roasted', 'woody', 'empyreumatic']"
CC(C)CCOC(=O)C=Cc1ccccc1,"['malt', 'roasted', 'empyreumatic', 'fermented', 'woody']"
CC(=CCO)CCCC(C)CCCC(C)CCCC(C)C,"['vegetal', 'bush flower', 'sweet', 'green vegetal', 'woody', 'fresh']"
CCCCCC=CC=CC(=O)OCC,"['vegetal', 'fruit with pip', 'fresh', 'green vegetal']"
CC=C(C)C(=O)OCC,"['cooked', 'cooked sugar', 'empyreumatic']"
CCC=CCCO,"['fresh aldehydic', 'vegetal', 'aldehydic', 'peponide', 'green vegetal', 'fruit with pip']"
C=C1CCC=C(C)CCC2C1CC2(C)C,"['chemical', 'phenolic', 'medicinal']"
C=CC(C)=CCC=C(C)CCC=C(C)C,"['bush flower', 'vegetal', 'fresh', 'lemony', 'fruity', 'green vegetal', 'fruit with pip', 'citrus']"
C=CC(=C)CCC=C(C)CCC=C(C)C,"['vegetal', 'fruity', 'citrus', 'fresh', 'green vegetal']"
CC1=CCCC(C)=CCC(C)(C)C=CC1,['sweet']
C=C1C2CCC(C2)C1(C)CCC=C(C)CO,"['vegetal', 'wood']"
C=CC(C)=CCC=C(C)CCC=C(C)C=O,"['floral', 'vegetal', 'green vegetal', 'fruity', 'citrus', 'fatty']"
C=CC(=C)CCC=C(C)CCC=C(C)C=O,['citrus']
C=CC(C)=CCC=C(C)C,"['vegetal', 'fresh', 'fruity', 'green vegetal', 'citrus']"
CC(=O)C=CC1C(C)=CCCC1(C)C,['garden flower']
CC(C)=CCCC(C)=CCOC=O,"['garden flower', 'mineral', 'vegetal', 'bush flower', 'metal', 'lactone', 'stone fruit', 'dry vegetal', 'green vegetal', 'fruit with pip', 'citrus']"
CC(=O)OCC=Cc1ccccc1,"['chemical', 'woody', 'phenolic', 'medicinal']"
CCCC=CC(=O)O,"['dairy', 'fermented']"
CCCCCC=CC(=O)O,"['vegetal', 'fermented', 'green vegetal']"
CCC=CCCCC(=O)O,"['vegetal', 'green vegetal', 'fresh']"
CCCCC=CC=O,"['vegetal', 'green vegetal', 'fruit with pip']"
CCCCCC=CC=O,"['fresh aldehydic', 'vegetal', 'aldehydic', 'green vegetal', 'cucurbitacea', 'tropical fruit']"
CC=CCCCCC=O,"['vegetable', 'fresh aldehydic', 'vegetal', 'aldehydic', 'peponide', 'dairy', 'green vegetal', 'cucurbitacea']"
CCCC=CC=CC=O,"['vegetal', 'fresh', 'peponide', 'green vegetal', 'fruit with pip', 'citrus']"
CCCCC=CCCC=O,"['vegetal', 'green vegetal', 'peponide', 'fresh']"
CCCCCCCC=CC=O,"['bush flower', 'vegetal', 'fresh', 'musty', 'fermented', 'green vegetal', 'woody', 'citrus']"
CCCC=CCCCCC=O,"['vegetable', 'fresh aldehydic', 'vegetal', 'aldehydic', 'fresh', 'green vegetal', 'cucurbitacea']"
CCCCCCCCCC=CC=O,"['mineral', 'vegetal', 'metal', 'fresh', 'green vegetal', 'citrus']"
CCCCCCCCCCC=CC=O,"['floral', 'vegetal', 'fresh', 'dairy', 'green vegetal', 'citrus']"
Nc1ccccc1C(=O)OCC=Cc1ccccc1,"['woody', 'fruit with pip', 'sweet']"
C=CC(C)(O)CCC=C(C)CCC=C(C)C,"['vegetal', 'fruity', 'citrus', 'fresh', 'green vegetal']"
CCOC(=O)C=C(C)CCC=C(C)C,"['vegetal', 'bush flower', 'green vegetal', 'floral', 'fresh']"
CCCCC=CCO,"['vegetal', 'green vegetal', 'fresh']"
CCCC=CCO,"['vegetal', 'chemical', 'solvent', 'green vegetal', 'medicinal', 'tropical fruit']"
CCCCCC=CCO,"['fresh aldehydic', 'vegetal', 'aldehydic', 'fresh', 'fermented', 'fruity', 'green vegetal', 'cucurbitacea', 'citrus']"
CCCSSSC,"['vegetable', 'mineral', 'vegetal', 'metal', 'sulphur', 'empyreumatic', 'green vegetal', 'fresh', 'alliaceous']"
CC=C(C)C=O,"['vegetal', 'chemical', 'fatty', 'solvent', 'oleaginous', 'sweet', 'green vegetal', 'dried fruit', 'fresh']"
CC=CC=CC(=O)OC,"['balsamic', 'vegetal', 'fatty', 'oleaginous', 'green vegetal', 'woody', 'dried fruit', 'fresh']"
CC=CC(C)C,"['vegetal', 'green vegetal', 'sulphur', 'fresh']"
CC(C)=CCCC(C)=CC1OCC(C)O1,"['fruity', 'fresh', 'citrus']"
CCCC(=O)OCC=C(C)CCC=C(C)C,"['red berry', 'bush flower', 'vegetal', 'lactone', 'stone fruit', 'green vegetal', 'citrus']"
CCC=CCCOC(=O)CCCCCCC,"['mineral', 'floral', 'chemical', 'vegetal', 'metal', 'alcoholic beverages', 'fermented drink', 'fermented', 'green vegetal', 'fresh']"
CCCCCC=CCCC(=O)OC,"['vegetal', 'lactone', 'stone fruit', 'green vegetal', 'fruit with pip', 'amine', 'fresh']"
CCCCCC=CCC1CCC(=O)O1,['stone fruit']
CCC=CCCOC(=O)CCC,"['mineral', 'floral', 'chemical', 'vegetal', 'metal', 'fatty', 'alcoholic beverages', 'fermented drink', 'dairy', 'fermented', 'green vegetal', 'fruit with pip']"
CC=C(C)C(=O)OCCCC,"['garden flower', 'chemical', 'bush flower', 'cooked', 'solvent', 'alcoholic beverages', 'fermented drink', 'empyreumatic', 'fermented', 'cooked sugar', 'fresh']"
CCCC=CCOC(=O)C(C)CC,"['vegetal', 'fruit with pip', 'fresh', 'green vegetal']"
CCCC=CCOC(=O)CC(C)C,"['vegetal', 'fatty', 'dairy', 'green vegetal', 'fruit with pip']"
CCCC=CCOC(=O)CCC,"['fresh aldehydic', 'vegetal', 'aldehydic', 'lactone', 'stone fruit', 'green vegetal', 'fruit with pip', 'tropical fruit']"
CCCC=CCOC(=O)CC,"['floral', 'vegetal', 'fresh', 'dairy', 'green vegetal', 'fruit with pip']"
CCC=CCCOC(=O)C(C)C,"['fresh aldehydic', 'vegetal', 'aldehydic', 'fresh', 'green vegetal', 'fruit with pip', 'fatty']"
CCC=CCCOC(=O)CCCCC,"['fresh aldehydic', 'floral', 'chemical', 'aldehydic', 'vegetal', 'fresh', 'alcoholic beverages', 'fermented drink', 'sweet', 'fermented', 'green vegetal', 'woody', 'fruit with pip']"
CCC=CCCOC(C)=O,"['garden flower', 'balsamic', 'barrel aged alcohol', 'chemical', 'vegetal', 'aldehydic', 'floral', 'green vegetal', 'fruit with pip', 'fatty', 'tropical fruit', 'fresh aldehydic', 'peponide', 'alcoholic beverages', 'woody']"
CCCC=CCCC(=O)OCC,"['vegetal', 'green vegetal', 'fruit with pip', 'tropical fruit', 'citrus']"
C=CCC=CCCC(=O)OCC,"['chemical', 'solvent', 'fruit with pip', 'tropical fruit', 'fresh']"
CCCCCC=CCCO,"['earthy', 'vegetable', 'fresh aldehydic', 'vegetal', 'aldehydic', 'woody', 'musty', 'peponide', 'fermented', 'fruity', 'green vegetal', 'cucurbitacea', 'fatty']"
CCCCCC=CCCCOC(C)=O,"['bush flower', 'citrus']"
CCCC=CCCCO,"['vegetal', 'green vegetal']"
CCCCCCCCCC=CCO,"['fruity', 'citrus']"
CCCC=CCOC=O,"['balsamic', 'barrel aged alcohol', 'vegetal', 'chemical', 'alcoholic beverages', 'sweet', 'green vegetal', 'woody', 'fresh']"
CCCC=CCOC(=O)CCCCC,"['balsamic', 'barrel aged alcohol', 'vegetal', 'chemical', 'alcoholic beverages', 'sweet', 'dry vegetal', 'green vegetal', 'woody', 'fruit with pip', 'fresh']"
CCCC=CCOC(=O)CCCC,"['balsamic', 'floral', 'chemical', 'barrel aged alcohol', 'fresh', 'vegetal', 'alcoholic beverages', 'fermented drink', 'sweet', 'fermented', 'green vegetal', 'woody', 'fruit with pip', 'tropical fruit']"
CCC=CCCOC(=O)CCCC,"['vegetal', 'fatty', 'dairy', 'green vegetal', 'fruit with pip']"
CC(C)=CCCC(C)=CCOC(=O)c1ccccc1,"['bush flower', 'woody']"
COc1cc(C=CC(C)=O)ccc1O,"['floral', 'dairy', 'woody']"
CCCCCCCCC=CCCCCCCCC(=O)OCCCC,['amine']
COc1ccc(C=C(C)C=O)cc1,"['chemical', 'phenolic', 'medicinal', 'woody']"
CCC=CCC(=O)O,"['fresh aldehydic', 'vegetal', 'aldehydic', 'peponide', 'fatty', 'animal', 'sweet', 'fermented', 'honeyed', 'green vegetal', 'fresh']"
CCCC(=O)OCC=Cc1ccccc1,"['chemical', 'barrel aged alcohol', 'spicy', 'alcoholic beverages', 'fermented drink', 'sweet', 'fermented', 'phenolic', 'woody', 'medicinal']"
O=C1CCCCCCCC=CCCCCCCO1,['animal']
COC(=O)C=Cc1ccco1,"['red berry', 'chemical', 'woody', 'cherry', 'phenolic', 'medicinal']"
CCC(=O)OCC=Cc1ccccc1,"['red berry', 'bush flower', 'vegetal', 'cherry', 'green vegetal', 'woody', 'fruit with pip', 'fresh']"
CC(C)C(=O)OCC=Cc1ccccc1,"['chemical', 'woody', 'stone fruit', 'phenolic', 'medicinal', 'fruit with pip']"
CCC(=O)OCC=C(C)CCC=C(C)C,"['garden flower', 'bush flower', 'vegetal', 'fresh', 'honeyed', 'green vegetal', 'fruit with pip', 'citrus']"
CC(C)CC(=O)OCC=Cc1ccccc1,"['red berry', 'chemical', 'bush flower', 'vegetal', 'peponide', 'cherry', 'alcoholic beverages', 'fermented drink', 'green vegetal', 'fruit with pip', 'fresh']"
C=CC(C)(CCC=C(C)C)OC(=O)C=Cc1ccccc1,"['garden flower', 'woody']"
CCCCCC(=O)OCC=Cc1ccccc1,"['vegetal', 'green vegetal', 'woody', 'fresh']"
CC=C(C)C(=O)OC,"['balsamic', 'barrel aged alcohol', 'chemical', 'solvent', 'alcoholic beverages', 'sweet', 'woody', 'fresh']"
CC=C(C)C(=O)OCCc1ccccc1,"['garden flower', 'bush flower', 'vegetal', 'fatty', 'green vegetal', 'fresh']"
O=C(C=Cc1ccccc1)OC1CCCCC1,"['red berry', 'chemical', 'lactone', 'woody', 'stone fruit', 'cherry', 'spicy', 'phenolic', 'medicinal']"
C=Cc1sc(C)nc1C,"['malt', 'roasted', 'cooked', 'oleaginous', 'empyreumatic', 'fruity', 'dried fruit', 'fatty']"
CCC(C)C1N=C(C)C(C)S1,"['malt', 'cooked', 'cocoa', 'vegetal', 'sweet', 'empyreumatic', 'oleaginous', 'fruity', 'dried fruit', 'fatty']"
CC(=CC(C)C)C(=O)O,"['dairy', 'fermented', 'honeyed', 'sweet']"
CC(=O)c1ccnc(C)n1,"['cooked', 'sweet', 'empyreumatic', 'oleaginous', 'fruity', 'cooked sugar', 'dried fruit', 'fatty']"
CCCCCC=C(C)C=O,"['vegetal', 'green vegetal', 'citrus', 'fresh']"
CCOC(=O)C1OC1(C)c1ccc(C)cc1,"['red berry', 'balsamic', 'vegetal', 'cherry', 'green vegetal', 'woody', 'fresh']"
CCCCCC=CCCC(=O)OCC,"['balsamic', 'barrel aged alcohol', 'chemical', 'vegetal', 'lactone', 'sweet', 'green vegetal', 'fruit with pip', 'fresh', 'tropical fruit', 'red berry', 'stone fruit', 'alcoholic beverages', 'woody']"
CCC1N=C(C)C(C)S1,"['malt', 'roasted', 'cooked', 'lactone', 'vegetal', 'stone fruit', 'sweet', 'empyreumatic', 'oleaginous', 'fermented', 'fruity', 'dried fruit', 'fatty']"
CC=CC(=O)C(C)CC,"['malt', 'mineral', 'metal', 'empyreumatic', 'oleaginous', 'dairy', 'fruity', 'dried fruit', 'cocoa']"
CCCCCC=CCOC(=O)CCC,"['dairy', 'fatty']"
CCC=CCC(=O)OCC,"['mineral', 'vegetal', 'metal', 'dairy', 'fermented', 'honeyed', 'green vegetal', 'fruit with pip']"
CC(C)CC=C(C=O)C(C)C,"['malt', 'vegetable', 'roasted', 'floral', 'vegetal', 'bush flower', 'empyreumatic', 'green vegetal', 'fresh']"
CCC=CCCCCCC=O,"['vegetable', 'fresh aldehydic', 'vegetal', 'fresh', 'fruity', 'green vegetal', 'cucurbitacea', 'citrus', 'fatty']"
CCCCCC=CC=CCO,"['cooked', 'peponide', 'citrus', 'empyreumatic']"
CCC=CCCCCC=O,"['garden flower', 'fresh aldehydic', 'floral', 'vegetal', 'aldehydic', 'peponide', 'sweet', 'fruity', 'honeyed', 'green vegetal', 'cucurbitacea', 'citrus', 'fatty']"
CCC=CCC(=O)OC,"['garden flower', 'vegetal', 'honeyed', 'green vegetal', 'fruit with pip']"
CCC=CCCCCCO,"['fresh aldehydic', 'vegetal', 'aldehydic', 'peponide', 'sweet', 'honeyed', 'green vegetal', 'cucurbitacea']"
CCC=CCCC=O,"['vegetal', 'peponide', 'fruity', 'green vegetal', 'fresh']"
C=CC(C)=CCC(O)C(=C)C,"['chemical', 'vegetal', 'fresh', 'mint', 'fruity', 'phenolic', 'green vegetal', 'medicinal', 'citrus']"
CCC=CCCC=CCOC(C)=O,"['garden flower', 'vegetable', 'fresh aldehydic', 'floral', 'vegetal', 'aldehydic', 'fresh', 'peponide', 'oleaginous', 'fruity', 'green vegetal', 'cucurbitacea', 'fruit with pip', 'dried fruit']"
CCCCC=CCOC(C)=O,"['vegetal', 'fresh', 'green vegetal']"
CCCCCCCC=CCOC(C)=O,['citrus']
CC(=O)C=CCCC(C)C,"['cooked', 'vegetal', 'fresh', 'oleaginous', 'empyreumatic', 'dairy', 'green vegetal', 'dried fruit']"
CCCCCCC=CC(C)=O,"['floral', 'bush flower', 'vegetal', 'dairy', 'green vegetal', 'fruit with pip']"
CCC=CCCOC(=O)C(C)=O,"['vegetal', 'aldehydic', 'sweet', 'empyreumatic', 'dry vegetal', 'green vegetal', 'cooked sugar', 'fresh', 'tropical fruit', 'fresh aldehydic', 'cooked', 'peponide', 'cucurbitacea']"
CC=CC=CCOC(C)=O,"['floral', 'chemical', 'vegetal', 'alcoholic beverages', 'fermented drink', 'fermented', 'green vegetal', 'fruit with pip', 'tropical fruit', 'fatty']"
CCCC=CCCC(C)=O,['fermented']
C=C1CCCC(C)(C)C1C=CC(C)=O,"['vegetal', 'garden flower', 'green vegetal', 'fresh']"
CCC=CCCOC(=O)C(C)O,"['vegetal', 'peponide', 'green vegetal']"
CCC=CCC(OCC)OCC,"['vegetal', 'fruity', 'fruit with pip', 'fresh', 'green vegetal']"
CCCCCC=CC(=O)OCC,"['vegetal', 'fresh', 'stone fruit', 'green vegetal', 'fruit with pip']"
CCCC=CCCO,"['fresh aldehydic', 'vegetal', 'aldehydic', 'peponide', 'fruity', 'green vegetal']"
CCCCCC=CC(=O)OC,"['garden flower', 'floral', 'vegetal', 'peponide', 'fatty', 'empyreumatic', 'green vegetal', 'fruit with pip']"
C=CCOC(=O)C(C)=CC,"['vegetal', 'green vegetal', 'fresh']"
CCC=CC=O,"['vegetable', 'vegetal', 'fresh', 'green vegetal', 'fruit with pip', 'citrus']"
CCC=CCO,"['earthy', 'mineral', 'chemical', 'vegetal', 'metal', 'musty', 'green vegetal', 'fatty', 'red berry', 'cherry', 'solvent', 'fermented', 'woody', 'citrus']"
CCCCCCC=CCO,"['garden flower', 'fresh aldehydic', 'floral', 'vegetal', 'aldehydic', 'fresh', 'peponide', 'fruity', 'green vegetal', 'cucurbitacea']"
CCCCCCCCCCC=CCO,"['fruity', 'citrus']"
CCCCCCCCC=CCO,['bush flower']
CCC=CCCOC(=O)CC,"['vegetal', 'green vegetal', 'citrus', 'fruit with pip']"
CCC=CCCOC(=O)C(C)CC,"['vegetal', 'animal', 'green vegetal', 'fruit with pip', 'tropical fruit']"
CCCC=CCOC(=O)CCCCCCC,"['floral', 'chemical', 'vegetal', 'fresh', 'alcoholic beverages', 'fermented drink', 'fermented', 'green vegetal', 'fruit with pip', 'fatty']"
CCCC=CC(OCC)OCC,"['vegetal', 'aromatic plant', 'green vegetal', 'fruit with pip', 'fresh']"
CCC=CCCOC=O,"['fresh aldehydic', 'vegetal', 'aldehydic', 'peponide', 'green vegetal', 'fruit with pip', 'citrus', 'fatty']"
O=C1CCCCCC=CCCCCCCCCO1,['fermented']
CCC=CCC=CCCO,"['earthy', 'garden flower', 'floral', 'vegetal', 'aldehydic', 'musty', 'green vegetal', 'woody', 'fruit with pip', 'tropical fruit', 'fresh aldehydic', 'peponide', 'fermented', 'honeyed', 'cucurbitacea', 'amine']"
CC(C)=CCCC(C)=CC(C)O,"['floral', 'bush flower', 'vegetal', 'phenolic', 'wood', 'fruity', 'citrus', 'resinous', 'fresh']"
CCCCC(=O)OCC=C(C)CCC=C(C)C,"['bush flower', 'vegetal', 'dry vegetal', 'fruit with pip', 'tropical fruit']"
C=CC(C)(O)CCC=C(C)CCC=C(C)CCC=C(C)C,"['bush flower', 'woody']"
CC=CC(=O)CCCC,"['mineral', 'vegetal', 'root', 'metal', 'fresh', 'sulphur', 'musty', 'fermented', 'cruciferous', 'green vegetal', 'woody']"
CCC=C(C)C(=O)O,"['red berry', 'cooked', 'vegetal', 'animal', 'empyreumatic', 'green vegetal', 'cooked sugar', 'fresh']"
COC(=O)C=C(C)CCC=C(C)C,"['garden flower', 'vegetal', 'green vegetal', 'citrus', 'fresh']"
CC=CC(=O)C1C(C)C=CCC1(C)C,"['vegetal', 'bush flower', 'berry', 'dry vegetal', 'black fruit']"
C=CCCC(=O)C=CC1C(C)=CCCC1(C)C,"['garden flower', 'balsamic', 'vegetal', 'fresh', 'animal', 'phenolic', 'green vegetal']"
CC(C)=CCCC(C)=CCOC(=O)C(C)C,"['red berry', 'bush flower', 'lactone', 'peponide', 'stone fruit', 'vegetal', 'green vegetal', 'fruit with pip', 'citrus']"
CCCCCC(=O)OCC=C(C)CCC=C(C)C,"['garden flower', 'bush flower']"
CC=CC(=O)OCCCCCC,"['earthy', 'vegetal', 'sulphur', 'empyreumatic', 'cruciferous', 'aromatic plant', 'green vegetal', 'fruit with pip', 'cooked sugar', 'fatty', 'fresh', 'cooked', 'root']"
CC(C)=CCCC(C)=CCOC(=O)Cc1ccccc1,"['garden flower', 'bush flower', 'honeyed', 'woody']"
CC=CC(=O)C1=C(C)C=CCC1(C)C,"['red berry', 'bush flower', 'vegetal', 'stone fruit', 'dry vegetal', 'phenolic', 'wood', 'green vegetal', 'resinous', 'fruit with pip', 'fresh']"
CC=CC(=O)C1C(C)=CCCC1(C)C,"['mineral', 'bush flower', 'vegetal', 'metal', 'stone fruit', 'green vegetal', 'black fruit', 'fruit with pip', 'fresh']"
CC=C(C)C(=O)OCCC(C)C,"['garden flower', 'chemical', 'alcoholic beverages', 'fermented drink', 'fermented', 'fruit with pip']"
CC=CC(O)CCCC,"['red berry', 'fruit with pip', 'cherry']"
C=CC(C)(O)CC=CC(=C)C,"['fruit with pip', 'citrus']"
CCCCCC=CCC(=O)OC,"['vegetal', 'peponide', 'sweet', 'honeyed', 'green vegetal', 'fruit with pip', 'fresh']"
CCC=CC=CCO,"['vegetal', 'oleaginous', 'sweet', 'dairy', 'fermented', 'green vegetal', 'dried fruit', 'fresh']"
CCCCCCCC=CC=CC=O,"['fruity', 'cooked', 'citrus', 'empyreumatic']"
CCCCCCC=CC=CC=O,"['cooked', 'vegetal', 'fresh', 'empyreumatic', 'dairy', 'green vegetal', 'cooked sugar', 'citrus']"
CCC=CCCCO,"['fresh aldehydic', 'vegetal', 'aldehydic', 'green vegetal', 'amine']"
CCC=CCCOC(=O)Cc1ccccc1,"['vegetal', 'bush flower', 'peponide', 'honeyed', 'fruity', 'green vegetal', 'fresh']"
CCC=CCCOC(=O)c1ccccc1,"['vegetal', 'green vegetal']"
CC=C(C)C(=O)OCCC,"['garden flower', 'floral', 'chemical', 'bush flower', 'vegetal', 'alcoholic beverages', 'fermented drink', 'fermented', 'green vegetal', 'fruit with pip', 'fresh']"
CCC=CCCOC(C)OCCC=CCC,"['vegetal', 'fresh', 'green vegetal']"
CC=C(C)C(=O)OCC=C(C)CCC=C(C)C,['garden flower']
CC=C(C)C(=O)OCC(C)C,"['garden flower', 'floral', 'chemical', 'vegetal', 'alcoholic beverages', 'fermented drink', 'fermented', 'aromatic plant', 'green vegetal', 'fresh']"
CCCCCC=CCC1CCCC1=O,"['floral', 'bush flower', 'vegetal', 'stone fruit', 'peponide', 'dairy', 'green vegetal', 'fruit with pip', 'fresh']"
CCCC=CCOC(=O)Cc1ccccc1,"['balsamic', 'barrel aged alcohol', 'chemical', 'vegetal', 'sweet', 'alcoholic beverages', 'honeyed', 'green vegetal', 'woody', 'fresh']"
CCCCCC(=Cc1ccccc1)CO,"['bush flower', 'chemical', 'woody', 'phenolic', 'medicinal', 'fruit with pip']"
C=CC(C)=CCCC(C)(C)O,"['fruity', 'citrus']"
CC=C(C)C=CC=C(C)C,"['fruity', 'dried fruit', 'fatty', 'oleaginous']"
CCC=CCCC(OCC)OCC,"['fresh aldehydic', 'vegetal', 'aldehydic', 'fresh', 'dairy', 'green vegetal', 'cucurbitacea', 'fruit with pip', 'amine']"
O=C(C=Cc1ccccc1)OCCc1ccccc1,"['floral', 'bush flower', 'woody']"
CC(O)C=Cc1ccccc1,['woody']
CCCC=CC1OCC(C)O1,"['vegetal', 'fruit with pip', 'fresh', 'green vegetal']"
CC=CSC=CC,"['vegetable', 'vegetal', 'sulphur', 'alliaceous']"
CC(C)CC=C(C=O)c1ccccc1,"['malt', 'roasted', 'vegetal', 'fresh', 'empyreumatic', 'oleaginous', 'green vegetal', 'dried fruit', 'fatty']"
CCC(=O)C=CC1C(C)=CCCC1(C)C,"['vegetal', 'garden flower', 'dry vegetal', 'fatty']"
CCC=CCCOC(=O)c1ccccc1N,"['bush flower', 'vegetal', 'tree flower', 'honeyed', 'green vegetal', 'fruit with pip', 'fresh']"
CCC=C1OC(=O)c2ccccc21,"['vegetal', 'aromatic plant', 'green vegetal']"
CC(=O)C=CC1=C(C)CCC(C)C1(C)C,['garden flower']
CCC(=O)C=CC1=C(C)CCCC1(C)C,"['dairy', 'garden flower', 'dry vegetal', 'vegetal', 'fruity']"
CC=Cc1ccc(OCC)c(OC)c1,"['chemical', 'sweet', 'phenolic', 'woody', 'medicinal']"
CC(=O)C=CCC(C)C,"['vegetal', 'green vegetal', 'fatty']"
OCC(O)C(O)=Cc1ccccc1,"['fermented', 'red berry', 'cherry']"
CCCCCC=CCOC(C)=O,"['vegetal', 'peponide', 'green vegetal', 'fruit with pip']"
CCCC(=O)C(CC)Cc1ccccc1,"['vegetal', 'stone fruit', 'fatty', 'green vegetal']"
CC(=O)CCc1ccc(C)cc1,"['red berry', 'stone fruit']"
CC=Cc1ccc(OC=O)c(OC)c1,"['garden flower', 'floral', 'vegetal', 'chemical', 'spicy', 'phenolic', 'green vegetal', 'medicinal']"
CCC(C)CCCC(C)C=O,"['fresh aldehydic', 'floral', 'bush flower', 'aldehydic', 'peponide', 'vegetal', 'green vegetal', 'citrus', 'fatty']"
CCOC(CC(C)CCCC(C)(C)O)OCC,"['vegetal', 'garden flower', 'fresh', 'green vegetal']"
CCCCCCCCCOC(=O)CC(C)C,"['oleaginous', 'citrus', 'fruit with pip', 'dried fruit']"
CCOCC=C(C)C,"['fresh aldehydic', 'chemical', 'aldehydic', 'vegetal', 'fatty', 'solvent', 'sweet', 'phenolic', 'green vegetal', 'medicinal', 'fresh']"
CCCCCC(O)CCCC(=O)OCC(O)CO,"['balsamic', 'vegetal', 'stone fruit', 'oleaginous', 'sweet', 'dairy', 'dry vegetal', 'fruity', 'woody', 'dried fruit', 'fatty', 'coumarin']"
C=C(C)C(CO)CC=C(C)C,"['fruity', 'bush flower', 'citrus']"
CC1=C(O)C(=O)C(C)S1,"['cooked', 'empyreumatic']"
CCC=CCCOC(=O)C=Cc1ccccc1,"['vegetal', 'green vegetal', 'woody', 'sweet']"
CCC(=O)C=Cc1ccc(OC)cc1,"['red berry', 'balsamic', 'cooked', 'vegetal', 'lactone', 'floral', 'fatty', 'cherry', 'empyreumatic', 'dairy', 'dry vegetal', 'woody', 'cooked sugar', 'fresh']"
C=C1CCC(OC(C)=O)C(C)=CCC2C1CC2(C)C,"['balsamic', 'vegetal', 'sweet', 'wood', 'resinous']"
CC(=O)CC(=O)OCC=C(C)CCC=C(C)C,"['floral', 'chemical', 'bush flower', 'vegetal', 'alcoholic beverages', 'fermented drink', 'green vegetal', 'fruit with pip', 'fresh']"
CC=CC(=O)OCC=C(C)CCC=C(C)C,"['bush flower', 'cooked', 'empyreumatic', 'oleaginous', 'cooked sugar', 'dried fruit', 'fatty']"
CC=C(C)C(=O)OC(CC)CCCCC,"['vegetal', 'green vegetal', 'fresh']"
CC1COC(C=Cc2ccccc2)O1,"['chemical', 'phenolic', 'medicinal', 'woody']"
CCC=CCCC1CCC(=O)O1,"['balsamic', 'vegetal', 'lactone', 'oleaginous', 'dairy', 'dry vegetal', 'green vegetal', 'dried fruit', 'fresh', 'coumarin', 'stone fruit', 'woody']"
C=CC(C)=CCCC(C)(C)OC(C)=O,"['bush flower', 'vegetal', 'green vegetal', 'citrus', 'lemony', 'tropical fruit']"
CCCCCCC=CCOC(C)=O,"['vegetal', 'peponide', 'green vegetal', 'citrus', 'fresh']"
CCCCCCCC(=O)OCC=C(C)CCC=C(C)C,"['balsamic', 'barrel aged alcohol', 'chemical', 'bush flower', 'floral', 'alcoholic beverages', 'sweet', 'woody']"
CC=CCCC=CC=O,"['vegetal', 'green vegetal', 'fresh']"
CCC=CCCOC(=O)CC(C)=O,"['vegetal', 'fruity', 'fruit with pip', 'fresh', 'green vegetal']"
CC=CC(C)C(=O)OCCCCCC,"['vegetal', 'peponide', 'green vegetal', 'fruit with pip', 'fresh']"
CCCCC=CCCOC(=O)CC,"['vegetal', 'peponide', 'sweet', 'honeyed', 'green vegetal', 'fruit with pip', 'fresh']"
CC=C(C)C(=O)OCCC(C)CCC=C(C)C,"['garden flower', 'vegetal', 'bush flower', 'dry vegetal', 'green vegetal']"
CCCCCC=CCC=CC=CC=O,"['mineral', 'citrus', 'metal', 'amine']"
CCCCC(=O)OCc1ccc(OC)cc1,"['lactone', 'stone fruit']"
CCC(S)S,"['empyreumatic', 'vegetal', 'vegetable', 'sulphur', 'alliaceous']"
CCC(=O)C1=NCCS1,"['pyrazic', 'oleaginous', 'empyreumatic', 'fruity', 'dried fruit', 'fatty']"
CC1(C)C2CC=C(COC=O)C1C2,"['vegetal', 'fresh', 'phenolic', 'wood', 'resinous', 'fatty']"
CCC=CCC=CCCOC(C)=O,"['vegetable', 'fresh aldehydic', 'vegetal', 'aldehydic', 'peponide', 'green vegetal', 'cucurbitacea', 'fruit with pip', 'fatty']"
CCCCCCCC=CCCC=O,"['vegetal', 'fatty', 'amine', 'citrus', 'green vegetal']"
CCCCCC=CCCCCCCC=O,"['vegetal', 'citrus', 'green vegetal']"
CC=C(C)C(=O)OCCCCC,"['garden flower', 'bush flower', 'chemical', 'alcoholic beverages', 'fermented drink', 'fermented', 'fruit with pip']"
CC(S)C(C)CO,"['vegetable', 'cooked', 'vegetal', 'sulphur', 'animal', 'empyreumatic', 'green vegetal', 'fresh', 'alliaceous']"
CCCCCC=CCC=O,"['vegetable', 'fresh aldehydic', 'vegetal', 'aldehydic', 'fresh', 'green vegetal', 'cucurbitacea']"
CCCC(O)CCCC(=O)OCC,['tropical fruit']
CC(C)=CCC=C(C)CCOC(=O)CC(C)C,"['bush flower', 'floral', 'vegetal', 'fresh', 'peponide', 'green vegetal', 'fruit with pip', 'fatty']"
CCCCC=C1OC(=O)C(C)=C1C,"['vegetal', 'aromatic plant', 'green vegetal']"
CCCCCC(C=Cc1ccccc1)OC(C)=O,"['malt', 'roasted', 'bush flower', 'cocoa', 'chemical', 'woody', 'animal', 'empyreumatic', 'phenolic', 'medicinal']"
C=CC(C)(CCC=C(C)CC)OC(C)=O,"['bush flower', 'lemony', 'fruit with pip', 'citrus']"
COc1ccc(C=CC(=O)C(C)C)cc1,"['dairy', 'cooked', 'cooked sugar', 'fatty', 'sweet', 'empyreumatic']"
CCCOC(=O)C=Cc1ccco1,"['red berry', 'cooked', 'empyreumatic', 'honeyed', 'woody', 'fruit with pip', 'cooked sugar', 'citrus']"
CCC(C=O)=Cc1ccco1,"['balsamic', 'vegetal', 'chemical', 'lactone', 'oleaginous', 'sweet', 'empyreumatic', 'dry vegetal', 'fruity', 'medicinal', 'cooked sugar', 'dried fruit', 'fresh', 'fatty', 'tropical fruit', 'coumarin', 'cooked', 'animal', 'phenolic', 'woody']"
C=CCOC(=O)C=CC=CC,"['peponide', 'tropical fruit']"
CCCCCC(=Cc1ccccc1)COC=O,"['vegetal', 'fresh', 'dairy', 'green vegetal', 'woody', 'fatty']"
CCCCCC(=Cc1ccccc1)COC(=O)CC(C)C,"['vegetal', 'dry vegetal', 'fatty']"
CC1=CCC(C(C)(C)OC(=O)C=Cc2ccccc2)CC1,"['floral', 'chemical', 'alcoholic beverages', 'fermented drink', 'fermented', 'woody']"
CCCCC=C(C=O)CC,"['vegetal', 'oleaginous', 'fruity', 'green vegetal', 'dried fruit', 'fresh']"
CCCCCCCOC(=O)C=Cc1ccccc1,"['garden flower', 'vegetal', 'fresh', 'green vegetal']"
CCC=CCC1=C(C)C(=O)CC1,"['dairy', 'bush flower']"
CCCC=CC(=O)OCCCCCC,"['vegetal', 'green vegetal', 'fresh']"
CCC=CCCCC=O,"['vegetable', 'fresh aldehydic', 'vegetal', 'aldehydic', 'peponide', 'green vegetal', 'cucurbitacea', 'fatty']"
CCC=CCCOC(=O)CC=CCC,"['garden flower', 'vegetable', 'mineral', 'floral', 'vegetal', 'metal', 'peponide', 'green vegetal', 'fruit with pip', 'fresh']"
CC=CCCCCCCCC(=O)OC,"['balsamic', 'barrel aged alcohol', 'bush flower', 'chemical', 'vegetal', 'alcoholic beverages', 'sweet', 'fermented', 'green vegetal', 'woody', 'fresh']"
CCCCCC=CC=CC(=O)OC,"['fruit with pip', 'citrus', 'fresh']"
CCCC=CC(OC)OC,"['vegetal', 'fruit with pip', 'fresh', 'green vegetal']"
CCCCCCCC=CC=CCO,"['vegetal', 'green vegetal', 'fresh']"
C=C1C=CC(C(C)C)CCC(C)=CCC1,"['dry vegetal', 'vegetal']"
CC(C)=CCCC(C)=CCOCC=O,"['garden flower', 'vegetal', 'chemical', 'bush flower', 'green vegetal', 'fatty']"
CC=CC(=O)OCCC=CCC,"['mineral', 'vegetal', 'metal', 'green vegetal', 'fruit with pip']"
CCC=CCC1CCCC1=O,"['vegetal', 'sweet', 'oleaginous', 'dry vegetal', 'dried fruit', 'fatty', 'tropical fruit', 'fresh', 'stone fruit', 'woody']"
CCC=CCCC=CC(OCC)OCC,"['garden flower', 'vegetable', 'fresh aldehydic', 'floral', 'vegetal', 'aldehydic', 'peponide', 'fruity', 'green vegetal', 'cucurbitacea', 'fatty']"
CC(C)=CCCC(C)=CCOC(=O)c1ccccc1N,"['garden flower', 'honeyed', 'bush flower', 'sweet']"
CCCCCCOC(=O)C=Cc1ccccc1,"['woody', 'sweet']"
CC(C)=CCCC(C)=CCC1CCCC1=O,"['lactone', 'stone fruit']"
CC(=O)OC(C)C(C)=CC1C(C)=CCCC1(C)C,"['vegetal', 'garden flower', 'green vegetal']"
CCCC=CCOC(=O)c1ccccc1O,"['vegetal', 'green vegetal', 'sweet']"
CCC(C)C(=O)OCC=C(C)CCC=C(C)C,"['floral', 'bush flower', 'lactone', 'stone fruit', 'fruit with pip']"
CC=Cc1ccc(OCCCCC)c(OC)c1,"['chemical', 'vegetal', 'woody', 'dry vegetal', 'phenolic', 'medicinal']"
CCCCC=CCCCCC(=O)OCCC(C)C,"['chemical', 'bush flower', 'sweet', 'fermented drink', 'alcoholic beverages', 'fermented']"
CC=CC(=O)C1CCC(C)(C)C=C1C,"['vegetal', 'bush flower', 'stone fruit', 'dry vegetal', 'fruit with pip']"
CCC=CCC1CCCC(=O)O1,"['balsamic', 'floral', 'bush flower', 'vegetal', 'oleaginous', 'sweet', 'dry vegetal', 'dried fruit', 'fresh', 'coumarin', 'stone fruit', 'woody']"
CCCCCCCCCC=CCOC(C)=O,['citrus']
CCC=CCC=CC=CC=O,"['vegetal', 'fruity', 'citrus', 'green vegetal', 'amine', 'fresh']"
C=C1C=CCC(C)(C)C12CCC(C)O2,"['chemical', 'vegetal', 'alcoholic beverages', 'fermented drink', 'fermented', 'green vegetal', 'fresh']"
CCCCCCC1COC(=O)CO1,"['oleaginous', 'dairy', 'fruity', 'dried fruit']"
CC=CC=CCOC(=O)CCC,"['floral', 'chemical', 'vegetal', 'fatty', 'alcoholic beverages', 'fermented drink', 'fermented', 'green vegetal', 'fresh']"
CC(C)=CCCC(C)=CCCC(C)C=O,"['garden flower', 'vegetal', 'fatty', 'green vegetal']"
CCC=CCCCC(=O)OC,"['balsamic', 'vegetal', 'lactone', 'fresh', 'fatty', 'oleaginous', 'dry vegetal', 'green vegetal', 'dried fruit', 'coumarin']"
CC(C)C(=O)OCC(C)c1ccccc1,['woody']
CCCCC(C)CCC(=O)O,"['fermented', 'cooked', 'animal', 'empyreumatic']"
CCCCCC(C)CCC(=O)O,"['cooked', 'animal', 'empyreumatic']"
CCCC(=O)OCC(C)c1ccccc1,"['balsamic', 'barrel aged alcohol', 'chemical', 'lactone', 'stone fruit', 'alcoholic beverages']"
CCCCC1(CCCC)CCC(=O)O1,"['balsamic', 'vegetal', 'lactone', 'fresh', 'fatty', 'oleaginous', 'sweet', 'dairy', 'dry vegetal', 'fruity', 'woody', 'dried fruit', 'tropical fruit', 'coumarin']"
CCC(C)(S)CC(C)=O,"['berry', 'black fruit', 'cooked', 'empyreumatic']"
CCC(=O)CC(C)(C)S,"['lactone', 'stone fruit', 'berry', 'black fruit', 'fruit with pip', 'citrus']"
CC(C)C(=O)OC(C)(C)c1ccccc1,"['vegetal', 'lactone', 'stone fruit', 'green vegetal', 'fresh']"
CC1C(O)CC2(C(C)C)CC12,"['chemical', 'vegetal', 'green vegetal', 'mint', 'fruity', 'phenolic', 'citrus', 'medicinal', 'fresh']"
CCC=CCCC1CCCC(=O)O1,"['balsamic', 'bush flower', 'vegetal', 'lactone', 'oleaginous', 'dry vegetal', 'dried fruit', 'fresh', 'fatty', 'tropical fruit', 'coumarin', 'stone fruit', 'woody']"
CC1COC(C)(C(C)O)O1,['dairy']
CCCCC(S)CCOC,"['vegetal', 'green vegetal', 'berry', 'black fruit', 'fresh']"
CC(C)C(C=O)c1ccccc1,"['vegetal', 'green vegetal', 'fresh']"
CC1=CC(=O)CO1,"['cooked', 'empyreumatic', 'oleaginous', 'dairy', 'fruity', 'cooked sugar', 'dried fruit', 'fatty']"
CCCCCCCCCCc1ccco1,"['vegetal', 'green vegetal']"
CC(=O)C(C)Sc1ccoc1C,['empyreumatic']
CC(O)C(C)CS,"['vegetal', 'empyreumatic', 'vegetable', 'cooked', 'sulphur', 'alliaceous']"
CCC(C)CCCCC=O,"['vegetal', 'fruity', 'fresh', 'citrus', 'green vegetal']"
CC(C)=CCCC(C)CC(C)(C)O,"['fruity', 'citrus']"
COC(=O)CCSCc1ccco1,"['cooked', 'oleaginous', 'empyreumatic', 'dried fruit', 'fatty']"
CCOC(=O)SCc1ccco1,"['empyreumatic', 'roasted']"
CC(C)CCSSSCCC(C)C,"['vegetable', 'vegetal', 'sulphur', 'empyreumatic', 'alliaceous']"
CCCSSCc1ccco1,"['vegetable', 'cooked', 'vegetal', 'sulphur', 'empyreumatic']"
C=C(C)CCCC(C)CCOC(=O)CC(C)C,['bush flower']
c1cnc(CC2CCCCC2)cn1,"['malt', 'roasted', 'vegetal', 'fresh', 'oleaginous', 'empyreumatic', 'fermented', 'fruity', 'green vegetal', 'dried fruit', 'fatty']"
CC1OCCC(C)(C)S1,"['vegetal', 'fruity', 'green vegetal', 'fresh']"
CCC(C)CCCCCCC=O,"['vegetable', 'fresh aldehydic', 'floral', 'vegetal', 'bush flower', 'fruity', 'green vegetal', 'cucurbitacea', 'citrus', 'fatty']"
CSC(C)CC(=O)C1=C(C)CCCC1(C)C,"['malt', 'vegetal', 'dry vegetal', 'roasted', 'empyreumatic']"
CC1CC(S)C(C)O1,"['vegetable', 'cooked', 'vegetal', 'sulphur', 'empyreumatic', 'alliaceous']"
CC(C)CC1SSC(CC(C)C)S1,"['fruity', 'dried fruit', 'fatty', 'oleaginous', 'empyreumatic']"
C=CCCCC1CCCC(=O)O1,"['oleaginous', 'dairy', 'fruity', 'dried fruit', 'fatty']"
CSSc1ccccc1C,"['cooked', 'empyreumatic']"
CSCC(C=O)=CCC(C)C,"['vegetal', 'empyreumatic', 'vegetable', 'cooked', 'sulphur', 'alliaceous']"
CCCCOC(CCCC)OCCCC,"['chemical', 'vegetal', 'fatty', 'solvent', 'oleaginous', 'phenolic', 'fruity', 'green vegetal', 'medicinal', 'dried fruit', 'fresh']"
C=CCOC(=O)CC1CCCCC1,"['vegetal', 'lactone', 'stone fruit', 'green vegetal', 'tropical fruit', 'fresh']"
CC(=O)OCCCCC(C)C,"['vegetal', 'green vegetal', 'fresh']"
CCCOC(=O)C(C)S,"['vegetable', 'red berry', 'vegetal', 'empyreumatic']"
CCCCCC(CC)OC=O,"['vegetal', 'green vegetal', 'phenolic', 'wood', 'citrus', 'woody', 'resinous', 'fruit with pip', 'fresh']"
CSSCC(C)=O,"['vegetable', 'vegetal', 'sulphur', 'green vegetal', 'fresh', 'alliaceous']"
CC(C)C1CCC(C)(S)CC1=O,"['fruity', 'citrus']"
Cc1occc1SSSSc1ccoc1C,"['cooked', 'empyreumatic']"
CCCC1OCCC(C)S1,"['vegetable', 'vegetal', 'sulphur', 'fruit with pip', 'alliaceous']"
CCCCCC(=O)OCCCSC,"['vegetable', 'vegetal', 'sulphur', 'alliaceous']"
CSCCCOC(=O)CS,"['earthy', 'vegetal', 'sulphur', 'oleaginous', 'empyreumatic', 'dairy', 'fruity', 'cruciferous', 'dried fruit', 'vegetable', 'cooked', 'root']"
CC(C)CC1NC(CC(C)C)SC(CC(C)C)S1,"['malt', 'vegetable', 'cooked', 'cocoa', 'vegetal', 'sweet', 'empyreumatic', 'phenolic', 'smoked']"
CCCCCCOC(C)OCCC(C)C,"['chemical', 'vegetal', 'solvent', 'phenolic', 'green vegetal', 'medicinal', 'fruit with pip', 'fresh']"
CC(=O)c1cnc(C)c(C)n1,"['vegetal', 'fatty', 'oleaginous', 'empyreumatic', 'fruity', 'green vegetal', 'dried fruit', 'fresh']"
CCCSSSCC,"['vegetable', 'vegetal', 'sulphur', 'empyreumatic']"
CC(C)CC(=O)OCCC(C)(C)S,['fruit with pip']
C=CC=CC=CC=CCCC,"['vegetal', 'fresh', 'green vegetal']"
O=C1OC(C(O)CO)C(O)=C1O,"['fresh aldehydic', 'vegetal', 'aldehydic', 'fresh', 'fatty', 'green vegetal']"
CCCCCCOC(CCCCC)OCCC(C)C,"['balsamic', 'barrel aged alcohol', 'chemical', 'vegetal', 'fresh', 'alcoholic beverages', 'fruity', 'green vegetal', 'woody', 'fruit with pip', 'fatty']"
CCOC(=O)CCCCSC,"['vegetal', 'green vegetal', 'fresh']"
CCC1N=C(C)CS1,"['cooked', 'vegetal', 'lactone', 'stone fruit', 'oleaginous', 'empyreumatic', 'fruity', 'dried fruit', 'fatty']"
CC(C)CCOC(=O)CCCc1ccco1,"['dairy', 'cooked', 'cooked sugar', 'fatty', 'empyreumatic']"
CCCCCC=CCCOC(C)=O,"['vegetal', 'peponide', 'green vegetal', 'fruit with pip', 'citrus']"
CCCCCCCCCC(=O)OCc1ccco1,"['dairy', 'cooked', 'cooked sugar', 'sweet', 'empyreumatic']"
CCC(C)C=C(C=O)CSC,"['vegetal', 'empyreumatic', 'vegetable', 'cooked', 'sulphur', 'alliaceous']"
CCCCCC(O)CCCC(=O)OCC1COC(C)(C)O1,"['lactone', 'stone fruit']"
Cc1occc1SSC1CCOC1C,"['cooked', 'empyreumatic']"
CSCSSc1ccoc1C,"['cooked', 'empyreumatic']"
CCCCCCCC=CC(=O)OCCCC,"['balsamic', 'vegetal', 'lactone', 'oleaginous', 'sweet', 'dry vegetal', 'green vegetal', 'dried fruit', 'fresh', 'tropical fruit', 'coumarin', 'stone fruit', 'citrus']"
CC(C)CCCOC(=O)CCC(C)C,"['vegetal', 'aldehydic', 'fatty', 'green vegetal']"
CCCCC=COC(=O)CCCCCCCC,"['vegetal', 'green vegetal', 'fatty', 'fresh']"
CCCCCCCCC(OC(C)=O)C(=O)OC,"['dairy', 'fruity', 'stone fruit', 'fatty']"
CCCCC=COC(=O)C(C)CCC,"['vegetal', 'fruit with pip', 'fresh', 'green vegetal']"
CCCCCCCC=CC(=O)OC(CCCCCCCC)C(=O)O,['dairy']
CC(C)CC(C)(O)C1CCCS1,"['vegetal', 'fruity', 'green vegetal', 'citrus', 'fresh']"
CC(=S)OC1(C)OCCC1C,"['cooked', 'empyreumatic']"
CCCCCC(OCC)OCCC,"['vegetal', 'fruity', 'fruit with pip', 'fresh', 'green vegetal']"
CCCCC=COC(=O)c1ccco1,"['cooked', 'vegetal', 'empyreumatic', 'green vegetal', 'cooked sugar', 'fresh']"
CCC=CC(=O)OC=CCCCC,"['vegetal', 'green vegetal', 'fresh']"
CCCC(CS)OC=O,"['berry', 'black fruit', 'empyreumatic']"
CCCCCCCCC(=O)C(=O)OC(=C(C)C)C(O)CO,"['dairy', 'fatty']"
CCCC(CCOC)[SH]=C(O)OCC,"['berry', 'fruity', 'black fruit', 'empyreumatic']"
CC=CCOC(=O)C(C)CCC,"['chemical', 'stone fruit', 'solvent', 'fruit with pip', 'fresh']"
CC1=C(OC(=O)CO)CC(C(C)C)CC1,['citrus']
Cc1coc(C(=O)c2cccs2)c1C,"['cooked', 'empyreumatic']"
CCCCCCCCCCC(OC=O)C(=O)OC,"['dairy', 'fruity', 'stone fruit']"
CCCC(=O)CCSCc1ccco1,"['cooked', 'empyreumatic']"
CCOC(=O)C1(c2ccccc2)OC1CC,['empyreumatic']
CCCCCCCCC=CC(OC)OC,['citrus']
SCC1CC=CS1,"['cooked', 'empyreumatic']"
CCCOC(CC)OC(C)CCC,"['balsamic', 'barrel aged alcohol', 'chemical', 'vegetal', 'solvent', 'sweet', 'alcoholic beverages', 'phenolic', 'green vegetal', 'woody', 'fresh', 'medicinal']"
CCCCCCCC=COC(=O)CC(C)C,"['vegetal', 'peponide', 'green vegetal', 'fruit with pip', 'fresh']"
CC=CC1(C)CCOSC1(C)C,"['vegetal', 'fruity', 'green vegetal', 'fresh']"
CCCSC(O)(CS)CCC,"['vegetal', 'empyreumatic', 'vegetable', 'cooked', 'sulphur', 'alliaceous']"
CC(C)C=C(C=O)c1ccco1,"['vegetal', 'green vegetal', 'fatty', 'fresh']"
CCCC=CC(OCCCC)OCCCC,"['vegetal', 'green vegetal', 'fresh']"
CCC(=O)C(C)SSc1ccco1,"['fruity', 'cooked', 'dried fruit', 'fatty', 'oleaginous', 'empyreumatic']"
CCCCCCCCC(S)C=O,"['fruity', 'citrus']"
O=C(O)C(=O)CS,"['dairy', 'fermented', 'cooked', 'empyreumatic']"
O=Cc1cccc(O)c1,['chemical']
CC(C)CCC=O,"['malt', 'dairy', 'roasted', 'fermented', 'empyreumatic']"
Oc1ccccc1O,['empyreumatic']
CC(O)CC(=O)O,"['dairy', 'fermented', 'animal']"
CSCCC(=O)C(=O)O,"['dairy', 'fermented']"
NC(CCC(=O)O)C(=O)O,"['cooked', 'empyreumatic']"
CNC,"['dairy', 'fermented', 'amine']"
CCOC(=O)C(C)C(C)=O,"['floral', 'chemical', 'vegetal', 'alcoholic beverages', 'fermented drink', 'fermented', 'green vegetal', 'fruit with pip', 'fresh']"
CCCCCCCCCCCCCCCC=O,"['garden flower', 'floral']"
CC1(C)COC(=O)C1O,['empyreumatic']
OCCS,"['cooked', 'empyreumatic']"
O=C(O)CCCc1ccccc1,['honeyed']
C1CNCCN1,['amine']
CN,"['dairy', 'fermented', 'amine']"
CC(C)(C)C(=O)O,"['dairy', 'fermented']"
COC(C)(C)OC,['chemical']
O=C(O)CCS,"['cooked', 'empyreumatic']"
C=CC(=C)C,['sulphur']
CC1(O)CCC(C(C)(C)O)CC1,"['vegetal', 'chemical', 'sweet', 'mint', 'phenolic', 'wood', 'green vegetal', 'woody', 'resinous', 'fresh', 'medicinal']"
Oc1ccccc1-c1ccccc1,['chemical']
c1ccc2nccnc2c1,['empyreumatic']
Cc1ccc2ccccc2n1,"['vegetal', 'dry vegetal', 'amine', 'fatty']"
COc1ccc(CO)cc1OC,"['woody', 'balsamic', 'sweet']"
c1ccc2sccc2c1,['empyreumatic']
CCOC(=O)C(=O)OCC,"['floral', 'chemical', 'animal', 'alcoholic beverages', 'fermented drink']"
C=CC(=O)OC,"['garden flower', 'floral']"
OC1CCCC1,"['chemical', 'phenolic', 'medicinal', 'fresh']"
CC1CCCO1,"['chemical', 'fresh']"
C=C(C)C1CC=C(C)C(OC(=O)CC)C1,"['dairy', 'mineral', 'metal']"
CCCC(C)C(=O)O,['fermented']
C=C(C)C(=O)OCC,"['garden flower', 'fruity', 'floral', 'fruit with pip']"
C=C(C)C(=O)OCC(C)C,"['garden flower', 'floral']"
C=C(C)C(=O)OCCCC,"['chemical', 'fresh', 'solvent']"
N#Cc1ccccc1,"['red berry', 'fruity', 'cherry', 'sweet']"
CC1(C)OCC(CO)O1,"['chemical', 'fresh']"
CCCCN(CCCC)CCCC,"['dairy', 'fermented', 'amine']"
CCOc1ccccc1,['fresh']
CC(=O)Cc1ccccc1,"['vegetal', 'green vegetal', 'fresh']"
CC(C)c1ccc(C(C)CC=O)cc1,"['vegetal', 'green vegetal', 'fresh']"
CCCC(C)CO,"['chemical', 'phenolic', 'medicinal', 'fresh']"
CCOC(=O)OCC,"['chemical', 'solvent']"
CCC(=O)CC(C)CC,['fatty']
COC(=O)CCCCCCCCC(=O)OC,"['floral', 'chemical', 'solvent', 'alcoholic beverages', 'fermented drink', 'fermented', 'fruit with pip', 'fresh']"
CCCN,"['dairy', 'fermented', 'amine']"
CC(C)CCN,"['dairy', 'fermented']"
COCC(C)O,"['chemical', 'fresh', 'solvent']"
Cc1cc(C)cc(O)c1,"['garden flower', 'floral']"
Cc1cc(C)nc(C)c1,"['vegetal', 'dry vegetal', 'fermented', 'phenolic', 'green vegetal', 'amine', 'fresh']"
Cc1ccncc1,"['vegetal', 'dry vegetal', 'green vegetal', 'amine', 'fresh']"
Cc1cccnc1,"['vegetal', 'fatty', 'oleaginous', 'nutty', 'dry vegetal', 'fruity', 'green vegetal', 'dried fruit', 'fresh']"
COCOC,"['balsamic', 'barrel aged alcohol', 'chemical', 'sulphur', 'solvent', 'alcoholic beverages', 'sweet', 'phenolic', 'woody', 'fresh', 'medicinal']"
CC(=O)CCC(C)C,"['dairy', 'fermented']"
CC(=O)CCC(C)=O,['empyreumatic']
COCCOC,"['chemical', 'fresh']"
CCSCCO,"['vegetable', 'cooked', 'vegetal', 'sulphur', 'empyreumatic', 'fruity', 'alliaceous']"
CCOCCOC(C)=O,"['chemical', 'fresh']"
C=CCCCCCC,['sulphur']
CCCCOCCO,"['chemical', 'fatty', 'solvent', 'phenolic', 'medicinal', 'fresh']"
CCCCOCCOC(C)=O,"['earthy', 'vegetable', 'vegetal', 'root', 'chemical', 'sulphur', 'solvent', 'cruciferous', 'fresh']"
CCCCCCCCCCCO,"['citrus', 'fatty']"
CCCCCSSCCCCC,"['cooked', 'vegetal', 'sulphur', 'empyreumatic', 'green vegetal', 'fresh']"
CC1CC(OC(=O)c2ccccc2O)CC(C)(C)C1,"['chemical', 'phenolic']"
CCCCC(CC)COC(=O)c1ccccc1O,['woody']
CCC(=O)OC(C)c1ccccc1,"['bush flower', 'vegetal', 'green vegetal', 'citrus']"
Cc1nc2ccccc2s1,"['cooked', 'vegetal', 'oleaginous', 'empyreumatic', 'fruity', 'dried fruit', 'fatty']"
CN1CCCC1,"['dairy', 'fermented', 'amine']"
CCOC(=O)C1OC1c1ccccc1,"['red berry', 'bush flower', 'cooked', 'empyreumatic', 'honeyed', 'cooked sugar']"
CCCCC(CC)C(=O)O,"['dairy', 'fermented']"
CCCCOC(=O)CCC(=O)OCCCC,"['chemical', 'floral', 'alcoholic beverages', 'fermented drink']"
CC(C)COC(=O)CCCCC(=O)OCC(C)C,"['chemical', 'fresh']"
CCOC(=O)CCCCC(=O)OCC,"['chemical', 'fermented', 'floral', 'fatty', 'alcoholic beverages', 'fermented drink']"
O=c1cccc[nH]1,"['oleaginous', 'empyreumatic', 'fruity', 'phenolic', 'smoked', 'dried fruit', 'fatty']"
COc1cccc(C=O)c1O,"['phenolic', 'balsamic', 'chemical', 'woody']"
C1SCSS1,"['earthy', 'vegetable', 'cooked', 'vegetal', 'musty', 'sulphur', 'empyreumatic', 'fermented', 'woody', 'alliaceous']"
C1CS1,"['vegetal', 'cooked', 'empyreumatic']"
CCOCOCC,"['chemical', 'fresh', 'solvent']"
CC(O)C(C)(C)C,"['chemical', 'vegetal', 'mint', 'phenolic', 'green vegetal', 'medicinal', 'fresh']"
CC(C(=O)O)c1ccccc1,['honeyed']
CCCCC(=O)CCCC,"['vegetal', 'green vegetal', 'fresh']"
COc1cc(CO)cc(OC)c1O,"['woody', 'sweet']"
COc1cc(C(=O)O)cc(OC)c1O,"['woody', 'sweet']"
CCc1ccncc1,"['vegetal', 'green vegetal', 'fresh']"
CCCCc1cccnc1,"['vegetal', 'green vegetal', 'amine', 'fresh']"
CC(C)CCOCCC(C)C,"['vegetal', 'chemical', 'green vegetal', 'fresh', 'solvent']"
C=CCOCC,"['fresh', 'solvent', 'chemical']"
CCC(C)C(C)O,"['chemical', 'vegetal', 'fatty', 'phenolic', 'green vegetal', 'medicinal', 'fresh']"
CC(C)C(=O)C(C)C,"['dairy', 'chemical', 'fermented', 'fresh', 'solvent']"
Cc1cccnc1C,['empyreumatic']
CC(C)(C)c1cccc(O)c1,"['balsamic', 'woody', 'animal', 'sweet']"
CC1C=CC(=O)O1,"['balsamic', 'vegetal', 'lactone', 'fatty', 'oleaginous', 'dry vegetal', 'fruity', 'woody', 'dried fruit', 'fresh']"
Cc1cncc(C)c1,"['vegetal', 'green vegetal', 'fresh']"
C=CCOC(C)=O,"['balsamic', 'floral', 'chemical', 'barrel aged alcohol', 'solvent', 'alcoholic beverages', 'fermented drink', 'sweet', 'fermented', 'woody', 'fresh']"
C=CC(C)O,"['vegetal', 'green vegetal', 'sulphur', 'fresh']"
COC(=O)C(C)=O,"['cooked', 'cooked sugar', 'empyreumatic']"
CC(C)C(O)C(C)C,"['chemical', 'phenolic', 'medicinal', 'fresh']"
CCOc1ccccc1C=O,['fresh']
COC(=O)OC,"['fresh', 'solvent', 'chemical']"
CCCC(O)C(C)C,"['chemical', 'vegetal', 'mint', 'fermented', 'phenolic', 'green vegetal', 'medicinal', 'fresh']"
CC(C)c1cccc(O)c1,['chemical']
COc1ccc(C=O)cc1O,"['balsamic', 'vegetal', 'sweet', 'dry vegetal', 'woody']"
CCOC(=O)CS,"['vegetal', 'vegetable', 'green vegetal', 'sulphur', 'fresh']"
CCC(=O)CCC(C)C,"['chemical', 'vegetal', 'mint', 'phenolic', 'green vegetal', 'medicinal', 'fresh']"
CCC(C)(C)OC(C)=O,['tropical fruit']
Cc1ccc(C)[nH]1,"['vegetal', 'green vegetal', 'fresh', 'empyreumatic']"
CC(C)CCCCO,"['chemical', 'fatty', 'phenolic', 'medicinal', 'fresh']"
COc1cccc(OC)c1OC,"['smoked', 'animal', 'empyreumatic']"
CCC(=O)Oc1ccccc1,"['honeyed', 'sweet']"
CCOC(=O)C=C(C)C,"['garden flower', 'floral', 'fruit with pip', 'tropical fruit']"
CCCCSCC,"['cooked', 'vegetal', 'sulphur', 'empyreumatic', 'green vegetal', 'fresh']"
CCOC(=O)CCCC(=O)OCC,"['chemical', 'fermented', 'floral', 'alcoholic beverages', 'fermented drink']"
CCCC(=O)OC(C)CC,"['balsamic', 'barrel aged alcohol', 'chemical', 'lactone', 'stone fruit', 'alcoholic beverages', 'woody', 'fruit with pip', 'tropical fruit']"
C=CCCCO,"['vegetal', 'green vegetal', 'fresh']"
CCCCCSCCCCC,"['vegetal', 'sulphur', 'empyreumatic', 'green vegetal', 'fresh']"
CCc1cccs1,"['vegetal', 'green vegetal', 'fresh']"
CC1CC(=O)CC(C)(C)C1,"['dry vegetal', 'fruity', 'honeyed', 'vegetal', 'citrus']"
COC(=O)C=C(C)C,"['garden flower', 'floral', 'chemical', 'solvent', 'fruit with pip', 'fresh']"
CCCOC(=O)CCC(=O)OCCC,"['chemical', 'fermented', 'floral', 'alcoholic beverages', 'fermented drink']"
CCCCCC(=O)CCCCC,"['musty', 'fermented', 'woody']"
CC(=O)c1ccc(C(C)(C)C)cc1,['woody']
CC1CCC(C)O1,"['chemical', 'fresh', 'sulphur']"
CCCCC1CCCO1,"['vegetal', 'chemical', 'fresh', 'green vegetal']"
CCCCCCCCCCC,['sulphur']
CC1=C(C)C(=O)CC1,"['cooked', 'cooked sugar', 'sweet', 'empyreumatic']"
Cn1cccc1C=O,"['fruity', 'dried fruit', 'fatty', 'oleaginous', 'empyreumatic']"
Cc1ccc(C=O)[nH]1,['sweet']
COc1ccc(C)cc1O,"['balsamic', 'chemical', 'empyreumatic', 'woody', 'smoked']"
CCCCCCCCCCCCCCCCCC(=O)OCC(O)C1OCC(O)C1O,['fatty']
CCC(=O)COC(C)=O,"['floral', 'chemical', 'alcoholic beverages', 'fermented drink', 'dairy', 'oleaginous', 'fermented', 'fruit with pip', 'dried fruit', 'fatty']"
CCC(C)(C)S,"['fruity', 'cooked', 'empyreumatic']"
CC(=O)CC(=O)OC(C)(C)C,"['cooked', 'cooked sugar', 'sweet', 'empyreumatic']"
OC1CCCCCCCCCCC1,"['chemical', 'vegetal', 'mint', 'phenolic', 'green vegetal', 'medicinal', 'fresh']"
COC(OC)C(C)C,"['chemical', 'fruit with pip', 'solvent']"
CC1CCCS1,"['vegetable', 'sulphur', 'vegetal']"
CCC(C)CS,"['cooked', 'empyreumatic']"
CC(C)CCCC(C)CCCC(C)CCCC(C)C,"['amine', 'fatty']"
COc1cccc2ccccc12,"['fruity', 'citrus']"
COC(=O)CS,"['vegetal', 'vegetable', 'green vegetal', 'sulphur', 'fresh']"
Cc1ccc(C)c(O)c1C,"['chemical', 'smoked', 'animal', 'empyreumatic']"
CCCCCCCCCCCCCCCCS,"['empyreumatic', 'cooked']"
CC1OCCC1=O,"['balsamic', 'barrel aged alcohol', 'chemical', 'cooked', 'fresh', 'alcoholic beverages', 'empyreumatic', 'oleaginous', 'dairy', 'fruity', 'woody', 'cooked sugar', 'dried fruit', 'fatty']"
COC(C)(C)CCCC(C)CC=O,"['garden flower', 'fruity', 'peponide']"
C=CCCCCC(C)=O,"['dairy', 'fermented']"
CC(C)(C)c1ccncc1,"['dry vegetal', 'vegetal', 'fresh', 'green vegetal']"
CCCSCC,"['empyreumatic', 'vegetal', 'sulphur', 'alliaceous']"
CC(=O)C1CC=C(C)C1(C)C,"['vegetal', 'chemical', 'mint', 'phenolic', 'wood', 'green vegetal', 'resinous', 'fresh', 'medicinal']"
C=C(C)C1CCC2=CC(=O)CC(C)C2(C)C1,"['fruity', 'citrus']"
CCOC(CC)OCC,"['balsamic', 'barrel aged alcohol', 'chemical', 'solvent', 'sweet', 'alcoholic beverages', 'woody', 'fruit with pip', 'fresh']"
CCC(OC)OC,"['balsamic', 'barrel aged alcohol', 'chemical', 'solvent', 'alcoholic beverages', 'sweet', 'woody', 'fresh']"
CCCCCCCCOC(=O)CCCCC,"['vegetal', 'green vegetal', 'fatty', 'fresh']"
OCC1COC(Cc2ccccc2)O1,['bush flower']
CC(=O)CC(=O)OC1CCCCC1,"['cooked', 'cooked sugar', 'empyreumatic']"
CCOC(OCC)C(C)Cc1ccc(C(C)C)cc1,"['vegetal', 'green vegetal', 'fresh']"
CC=CC(=O)OCCCC,"['balsamic', 'barrel aged alcohol', 'chemical', 'vegetal', 'fresh', 'alcoholic beverages', 'sweet', 'green vegetal', 'woody', 'fruit with pip', 'tropical fruit']"
CCOCCC(OCC)OCC,"['balsamic', 'barrel aged alcohol', 'chemical', 'solvent', 'alcoholic beverages', 'sweet', 'phenolic', 'woody', 'fresh', 'medicinal']"
CCCCCCCCCCC(C)O,"['chemical', 'fresh', 'solvent']"
CCCCCCCCCCCC(=O)OC(C)C,"['vegetal', 'fresh', 'green vegetal']"
CCOC(C)OC,"['chemical', 'vegetal', 'fatty', 'solvent', 'oleaginous', 'phenolic', 'fruity', 'green vegetal', 'medicinal', 'dried fruit', 'fresh']"
CCCCCCCCCCC(=O)OCCCC,"['balsamic', 'barrel aged alcohol', 'chemical', 'alcoholic beverages', 'sweet', 'woody']"
CCc1cnc(CC)cn1,"['malt', 'roasted', 'oleaginous', 'empyreumatic', 'fermented', 'fruity', 'dried fruit', 'fatty']"
Cc1nc(C(C)C)oc1C,"['vegetal', 'green vegetal', 'fresh']"
CCCCC(=O)Oc1ccccc1,['chemical']
CC1CC(=O)CC(C)(C)C1=O,"['dry vegetal', 'vegetal']"
CCCOC(C)OCC,"['balsamic', 'barrel aged alcohol', 'chemical', 'vegetal', 'woody', 'fatty', 'solvent', 'oleaginous', 'alcoholic beverages', 'sweet', 'phenolic', 'fruity', 'green vegetal', 'medicinal', 'dried fruit', 'fresh']"
CCOC(OCC)OCC,"['vegetal', 'chemical', 'mint', 'phenolic', 'wood', 'green vegetal', 'woody', 'resinous', 'fresh', 'medicinal']"
CCCCC(C=O)CC,"['vegetal', 'green vegetal', 'fresh']"
CCCCCCCCOC(=O)CCCCC(=O)OCCCCCCCC,"['chemical', 'fresh']"
CCCCCOC(=O)CCC(C)C,"['fruit with pip', 'fatty']"
Cc1ccsc1C,"['cooked', 'oleaginous', 'empyreumatic', 'fruity', 'dried fruit', 'fatty']"
CCCCCCCCCC(=O)OCCCC,"['balsamic', 'barrel aged alcohol', 'chemical', 'alcoholic beverages', 'woody', 'fatty']"
CCc1nc(C)sc1C,"['vegetal', 'vegetable', 'roasted', 'empyreumatic']"
CC(=O)C(C)S,"['malt', 'vegetable', 'cooked', 'cocoa', 'vegetal', 'sulphur', 'sweet', 'empyreumatic', 'alliaceous']"
CCCc1csc(C)n1,"['vegetal', 'green vegetal', 'fresh']"
Cc1nc(C(C)C)sc1C,"['vegetable', 'vegetal', 'oleaginous', 'empyreumatic', 'fruity', 'dried fruit', 'fatty']"
C=CC=CCCCCC,['sulphur']
CCCC(=O)OCCC(C)CCCC(C)C,['bush flower']
CC(=O)OC(C)CCCC(C)C,"['red berry', 'lactone', 'stone fruit']"
CCCCC=CCC(=O)OC,"['vegetal', 'peponide', 'green vegetal', 'fruit with pip', 'fresh']"
CCOc1ccccc1CO,"['balsamic', 'woody', 'fresh']"
CCCCc1nc(C)c(C)s1,"['cooked', 'vegetal', 'fatty', 'oleaginous', 'empyreumatic', 'fruity', 'green vegetal', 'dried fruit', 'fresh']"
CC1(C)CCCC2(C)C1CCC1(C)OC(=O)CC12,"['balsamic', 'vegetal', 'sweet', 'dry vegetal', 'wood', 'resinous']"
CC(C)OC(=O)C(C)O,"['cooked', 'sweet', 'empyreumatic', 'dairy', 'cooked sugar', 'fatty']"
CC(S)CS,"['vegetal', 'vegetable', 'sulphur', 'alliaceous']"
C=CC(CC=O)c1ccccc1,"['malt', 'roasted', 'empyreumatic']"
CC(=O)OCC1=CCC2CC1C2(C)C,"['vegetal', 'green vegetal', 'wood', 'citrus', 'resinous']"
CC(=O)OC1=C(C)OC(C)C1=O,"['red berry', 'empyreumatic', 'cooked sugar']"
CCOCCC(=O)O,"['chemical', 'animal', 'fresh', 'solvent']"
O=C1CCCC=C1O,"['cooked', 'cooked sugar', 'sweet', 'empyreumatic']"
CC(=O)OC(C)CCc1ccccc1,"['vegetal', 'green vegetal', 'fresh']"
CCOC(=O)C(=O)CC(=O)CC,"['cooked', 'cooked sugar', 'sweet', 'empyreumatic']"
CC1CC(=O)C(=O)C1C,"['cooked', 'cooked sugar', 'empyreumatic']"
CC(=O)OC1C2(C)CCC(C2)C1(C)C,"['vegetal', 'phenolic', 'wood', 'fruity', 'citrus', 'woody', 'resinous']"
CCc1cc(OC)c(O)c(OC)c1,"['smoked', 'empyreumatic']"
CSC(C)CC=O,"['vegetal', 'sulphur', 'animal', 'empyreumatic', 'dairy', 'fermented', 'cruciferous', 'green vegetal', 'amine', 'fresh']"
CCC(C=O)c1ccc(C)o1,"['fresh aldehydic', 'vegetal', 'aldehydic', 'fresh', 'green vegetal', 'cucurbitacea']"
CC1OCCC12SC1CCOC1(C)S2,"['cooked', 'empyreumatic']"
C=CCC(C)C(=O)OCC,"['vegetal', 'fresh', 'green vegetal']"
CC(O)C(C)S,"['vegetable', 'cooked', 'vegetal', 'sulphur', 'empyreumatic']"
CC1(O)CSC(C)(O)CS1,"['vegetable', 'cooked', 'vegetal', 'sulphur', 'empyreumatic', 'aromatic plant', 'green vegetal', 'alliaceous']"
CC1=C(CCC(C)O)C(C)(C)CC=C1,"['garden flower', 'floral', 'vegetal', 'animal', 'phenolic', 'green vegetal', 'fresh']"
CC1OCCC1S,"['vegetal', 'vegetable', 'sulphur', 'empyreumatic']"
CCC(S)C(C)=O,"['earthy', 'mineral', 'vegetal', 'metal', 'sulphur', 'oleaginous', 'empyreumatic', 'cruciferous', 'dried fruit', 'fatty', 'vegetable', 'cooked', 'root', 'citrus']"
CCOC(=O)C(O)C(O)C(=O)OCC,"['cooked', 'floral', 'chemical', 'sweet', 'fermented drink', 'empyreumatic', 'alcoholic beverages', 'fermented', 'cooked sugar']"
CC1COC(C)(C)O1,"['chemical', 'vegetal', 'solvent', 'fermented', 'green vegetal', 'fresh']"
C=CC(OCC)OCC,"['vegetal', 'green vegetal', 'sulphur']"
CCCCCCCCOC(=O)c1ccccc1O,"['woody', 'sweet']"
CC1SCCSS1,"['cooked', 'empyreumatic']"
CC1=CC(=O)C2CC1C2(C)C,"['vegetal', 'chemical', 'mint', 'aromatic plant', 'phenolic', 'green vegetal', 'medicinal', 'fresh']"
CCOC(=O)C(CC)(CC)C(=O)OCC,['fruit with pip']
CC(=O)OC(C)C(C)OC(C)=O,"['honeyed', 'sweet']"
COc1cccc(C=O)c1OC,"['balsamic', 'woody']"
COC(=O)CO,"['cooked', 'chemical', 'solvent', 'sweet', 'empyreumatic', 'cooked sugar', 'fresh']"
Cc1ccc2c(c1)CCCC2(C)C,"['chemical', 'vegetal', 'mint', 'phenolic', 'green vegetal', 'medicinal', 'fresh']"
O=c1occcc1O,"['cooked', 'cooked sugar', 'empyreumatic']"
O=Cc1ccsc1,"['empyreumatic', 'sweet']"
CC(=O)Oc1cc(C)ccc1C(C)C,"['phenolic', 'woody', 'smoked', 'sweet', 'empyreumatic']"
CC(=O)CC(=O)OC(C)C,"['cooked', 'sweet', 'empyreumatic', 'fruit with pip', 'cooked sugar']"
CC(C)OC(=O)c1cccnc1,"['vegetal', 'dry vegetal']"
COC(=O)C(C)(C)C,"['chemical', 'solvent']"
CCOC(=O)c1cccnc1,"['vegetal', 'dry vegetal']"
CC(C)CCOC(=O)c1ccco1,"['malt', 'roasted', 'cocoa', 'sweet', 'empyreumatic']"
COc1ccncc1,"['phenolic', 'smoked', 'empyreumatic']"
CC(=O)OCCCCOC(C)=O,"['chemical', 'fresh']"
CCCCCCC(OCC)OCC,"['floral', 'chemical', 'vegetal', 'alcoholic beverages', 'fermented drink', 'fermented', 'fruity', 'green vegetal', 'citrus']"
CC(C)c1ccncc1,"['vegetal', 'green vegetal', 'fresh']"
O=C(O)CCC1CCCCC1,"['woody', 'sweet']"
CC(=O)C(C)C(C)=O,['empyreumatic']
CCC(CC)C(=O)OC,['fruit with pip']
C=C(C)COC(=O)C(C)C,"['chemical', 'tropical fruit', 'solvent']"
CC(C)CCOC(=O)CCC(=O)OCCC(C)C,"['floral', 'chemical', 'alcoholic beverages', 'fermented drink', 'fermented', 'fruit with pip']"
CC(=O)OC1CCCC1,"['fruit with pip', 'tropical fruit']"
CC(=O)OC1=C(C)CCC1=O,"['cooked', 'cooked sugar', 'sweet', 'empyreumatic']"
CC(=O)C(=O)c1ccc(C)o1,"['cooked', 'cooked sugar', 'sweet', 'empyreumatic']"
CCOc1ccc(C(C)=O)cc1,"['dry vegetal', 'vegetal', 'fresh']"
COCc1ccc(OC)cc1,"['balsamic', 'woody', 'fresh', 'sweet']"
CCCc1cccs1,"['empyreumatic', 'sulphur']"
CCCC(C)(C)S,"['vegetal', 'cooked', 'empyreumatic']"
CCCCCCC1OCC(O)CO1,"['fermented', 'woody']"
CCCOC(=O)CC(C)=O,"['cooked', 'sweet', 'empyreumatic', 'fruit with pip', 'cooked sugar']"
CCOc1ccccc1OCC,"['balsamic', 'woody', 'fresh']"
COC(=O)C(C)(C)O,"['cooked', 'oleaginous', 'sweet', 'empyreumatic', 'cooked sugar', 'dried fruit', 'fatty']"
CCCCCCCCCCOC(=O)CCCCCCC,"['chemical', 'alcoholic beverages', 'fermented drink', 'fermented', 'citrus', 'fatty']"
CCCCCCCCCCCCC(C)=O,"['dairy', 'fatty']"
CCOC(OCC)c1ccc(OC)cc1,['fresh']
CCOC(OCC)c1ccc(C)cc1,"['red berry', 'fruity', 'cherry']"
CCSC(=O)CC,"['vegetal', 'empyreumatic', 'dairy', 'fermented', 'fruity', 'green vegetal', 'fresh']"
CCCCCCCCCOC(=O)CCC,"['floral', 'bush flower', 'citrus']"
COc1cnc(C)cn1,"['oleaginous', 'empyreumatic', 'fruity', 'dried fruit', 'fatty']"
CCOC(=O)C(CC)CC,"['dairy', 'fruit with pip', 'fatty']"
O=C1CCCCCCCCCCCCC1,['animal']
CCCCC(OCC)OCC,"['balsamic', 'barrel aged alcohol', 'chemical', 'vegetal', 'solvent', 'alcoholic beverages', 'sweet', 'green vegetal', 'woody', 'fruit with pip', 'fresh']"
CCCC(OCC)OCC,"['vegetal', 'chemical', 'green vegetal', 'fresh', 'solvent']"
CCCCCCCCCCCC(=O)OCCC,"['balsamic', 'barrel aged alcohol', 'chemical', 'alcoholic beverages', 'sweet', 'woody']"
CC(=O)CCC(=O)OCC(C)C,"['cooked', 'cooked sugar', 'fatty', 'sweet', 'empyreumatic']"
CCOC(=O)COC,"['chemical', 'fresh']"
CCCc1ccco1,"['vegetable', 'chemical', 'vegetal', 'fatty', 'solvent', 'sulphur', 'dairy', 'green vegetal', 'fresh']"
CCC(C)N=C=S,"['earthy', 'vegetable', 'vegetal', 'root', 'sulphur', 'cruciferous', 'green vegetal', 'fresh']"
CCCCCC(=O)CCC,"['fresh aldehydic', 'vegetal', 'aldehydic', 'fatty', 'green vegetal', 'fresh']"
Cc1ccc(CS)cc1,"['empyreumatic', 'vegetal', 'vegetable', 'sulphur', 'alliaceous']"
CCOc1ccc(OC)cc1,"['vegetal', 'dry vegetal', 'fruity', 'dried fruit', 'fatty', 'oleaginous']"
CCC(C)OC=O,"['balsamic', 'barrel aged alcohol', 'chemical', 'alcoholic beverages', 'sweet', 'woody']"
CCOC(=O)C(CC)C(C)=O,"['floral', 'chemical', 'cooked', 'vegetal', 'solvent', 'alcoholic beverages', 'fermented drink', 'empyreumatic', 'fermented', 'green vegetal', 'fruit with pip', 'cooked sugar', 'fresh']"
COC1CCC(OC)O1,"['fresh', 'solvent', 'chemical']"
CCCCCCCCOC(=O)CCCCCCCC,"['citrus', 'fatty']"
CCCCOC(=O)c1ccc(O)c(OC)c1,['woody']
COCc1ccc(O)cc1,"['vegetal', 'chemical', 'fresh', 'green vegetal']"
COc1ccc(CCCO)cc1,"['chemical', 'woody', 'phenolic', 'medicinal']"
CC(C)COC(=O)COc1ccccc1,['honeyed']
CCCCCCCCCCOC(=O)C(C)C,['fatty']
CCC(=O)c1cc(OC)c(O)c(OC)c1,['woody']
COc1cccc(CO)c1OC,"['balsamic', 'woody', 'fresh']"
CC(C)COC(C)OCC(C)C,"['vegetal', 'chemical', 'solvent', 'phenolic', 'green vegetal', 'medicinal', 'fresh']"
C1=NCCC1,"['dairy', 'fermented', 'cooked', 'amine', 'fatty', 'empyreumatic']"
CCCCOc1ccc(C=O)cc1,['fresh']
CC(C)CSSCC(C)C,"['cooked', 'vegetal', 'sulphur', 'empyreumatic', 'green vegetal', 'fresh']"
CCOc1ccc(CO)cc1,"['balsamic', 'woody', 'fresh']"
CCCCCOCc1ccccc1,"['vegetal', 'green vegetal', 'fresh']"
CCCCCC(=O)OCc1ccc(OC)cc1,"['lactone', 'stone fruit']"
CCCC(=O)OCCCc1ccccc1,['woody']
CCOC(=O)CCCCCCCCCCC(=O)OCC,"['chemical', 'fresh']"
CCC(=O)c1ccc(C)o1,"['vegetal', 'sweet', 'empyreumatic', 'oleaginous', 'dry vegetal', 'fruity', 'green vegetal', 'cooked sugar', 'dried fruit', 'fresh', 'fatty', 'cooked']"
CCCCCOC(C)OCCCCC,"['malt', 'roasted', 'balsamic', 'barrel aged alcohol', 'chemical', 'vegetal', 'woody', 'solvent', 'alcoholic beverages', 'empyreumatic', 'sweet', 'phenolic', 'green vegetal', 'medicinal', 'fresh']"
CC(=O)C(=O)OCC(C)C,"['cooked', 'chemical', 'solvent', 'empyreumatic', 'cooked sugar', 'fresh']"
CC(C)COC(CC(C)C)OCC(C)C,"['roasted', 'chemical', 'vegetal', 'solvent', 'empyreumatic', 'phenolic', 'green vegetal', 'medicinal', 'fresh']"
CCOCCOCCC(C)C,"['balsamic', 'barrel aged alcohol', 'chemical', 'vegetal', 'woody', 'fatty', 'solvent', 'oleaginous', 'alcoholic beverages', 'sweet', 'phenolic', 'fruity', 'green vegetal', 'medicinal', 'dried fruit', 'fresh']"
C=CCOC(=O)C(C)C,"['vegetal', 'lactone', 'stone fruit', 'green vegetal', 'fruit with pip']"
CCCCCCCCOC(=O)CC(C)=O,"['cooked', 'cooked sugar', 'fatty', 'sweet', 'empyreumatic']"
CCOC(OCC)C(C)c1ccccc1,"['vegetal', 'fermented', 'green vegetal', 'fresh']"
CSC(C)CC(=O)O,"['dairy', 'fermented']"
CCCCCC(C)C=O,"['vegetal', 'citrus', 'green vegetal']"
CCCCCCC=CC(=O)OCC,"['vegetal', 'fruit with pip', 'tropical fruit', 'fresh', 'green vegetal']"
CCC(C)OC(=O)C(C)O,"['cooked', 'cooked sugar', 'fatty', 'empyreumatic']"
CCC(C)CC(O)CC,"['chemical', 'fresh', 'solvent', 'phenolic', 'medicinal', 'fatty']"
CCC(O)CCC(C)C,['fatty']
CC(=O)OCc1cccc(C)c1,"['red berry', 'cherry']"
CC(=O)OCc1ccccc1C,"['red berry', 'cherry']"
CCOc1ccccc1OC,"['balsamic', 'oleaginous', 'dairy', 'fruity', 'woody', 'dried fruit', 'fatty']"
CCC=CCCC(C)=O,"['vegetal', 'green vegetal', 'fresh']"
CC1=CCCC(C)(C)C1=O,"['vegetal', 'chemical', 'mint', 'dry vegetal', 'phenolic', 'green vegetal', 'medicinal', 'fresh']"
CCOC(OCC)C(=O)CC,"['dairy', 'chemical', 'fresh', 'fatty', 'solvent']"
CCCCCOC(=O)CCC(C)=O,"['cooked', 'floral', 'chemical', 'sweet', 'fermented drink', 'empyreumatic', 'alcoholic beverages', 'fermented', 'cooked sugar', 'fatty']"
CCC(=O)OC(C)(C)C,"['balsamic', 'barrel aged alcohol', 'chemical', 'sweet', 'alcoholic beverages', 'woody']"
C=C(C)COC(=O)CC,"['balsamic', 'barrel aged alcohol', 'chemical', 'solvent', 'alcoholic beverages', 'woody', 'fresh']"
CC(=O)CCC(=O)OC(C)C,"['peponide', 'tropical fruit']"
C=CC1(C)CCC(C(C)C)=CC1C(=C)C,"['bush flower', 'floral']"
CCCC(=O)OCCOc1ccccc1,"['honeyed', 'sweet']"
CC(OCc1ccccc1)OCc1ccccc1,"['vegetal', 'green vegetal', 'fresh']"
CCC(=O)c1occc1C,"['balsamic', 'cooked', 'vegetal', 'lactone', 'fatty', 'sweet', 'empyreumatic', 'oleaginous', 'dry vegetal', 'fruity', 'woody', 'cooked sugar', 'dried fruit', 'fresh']"
O=C(OCCCc1ccccc1)c1ccccc1O,['woody']
CCOC(=O)C(C)SSC,"['vegetable', 'vegetal', 'sulphur', 'green vegetal', 'fresh', 'alliaceous']"
CCCCCC(C(C)=O)C(=O)OCC,"['chemical', 'vegetal', 'alcoholic beverages', 'fermented drink', 'fermented', 'green vegetal', 'fresh']"
CCOC(C)OC(C)C,"['balsamic', 'barrel aged alcohol', 'chemical', 'vegetal', 'woody', 'fatty', 'solvent', 'oleaginous', 'alcoholic beverages', 'sweet', 'phenolic', 'fruity', 'green vegetal', 'medicinal', 'dried fruit', 'fresh']"
CCC(C)C(=O)OCc1ccccc1,['fruit with pip']
C=CC(C)(C=O)CC=C(C)C,['citrus']
CCC1OCC(C)O1,"['vegetal', 'chemical', 'green vegetal', 'fresh', 'solvent']"
CC(C)CC(=O)OC(C)c1ccccc1,"['honeyed', 'bush flower', 'sweet']"
CC(C)CC(O)C(=O)O,['fermented']
CCCCCC=CC(=O)OCCCC,"['vegetal', 'fresh', 'green vegetal', 'fruit with pip']"
CCCC1C=CC(=O)O1,"['balsamic', 'vegetal', 'lactone', 'oleaginous', 'dairy', 'dry vegetal', 'fruity', 'dried fruit', 'fresh', 'fatty', 'tropical fruit', 'coumarin', 'woody']"
CCCCCC1CC1C(=O)O,['phenolic']
CCCCCCCCC(=O)OCCc1ccccc1,"['bush flower', 'floral', 'fatty']"
CCCC(=O)OC1CC2(C)CCC1C2(C)C,"['phenolic', 'wood', 'vegetal', 'resinous', 'fresh']"
CC1=CCCC(C)(C)C1C=O,"['fresh aldehydic', 'vegetal', 'aldehydic', 'fresh', 'dry vegetal', 'fruity', 'green vegetal', 'citrus', 'fatty']"
CC(=O)OCC(C)O,"['chemical', 'fresh', 'solvent']"
C=C(C)C1CCC(C)(O)C(O)C1,"['fruity', 'citrus']"
COC(=O)C(C)O,"['balsamic', 'barrel aged alcohol', 'chemical', 'cooked', 'fatty', 'solvent', 'alcoholic beverages', 'sweet', 'empyreumatic', 'dairy', 'woody', 'cooked sugar', 'fresh']"
CCCCCCCCCCCC(=O)OCCCCCC,['dairy']
CCCCOC(=O)COC(=O)CCC,"['cooked', 'cooked sugar', 'sweet', 'empyreumatic']"
CC1OCC(CO)O1,"['vegetal', 'chemical', 'green vegetal', 'fresh', 'solvent']"
CCCC(C)CC(=O)O,"['dairy', 'fermented']"
CCCCCOC(=O)C(C)CCC,['fruit with pip']
CCC(=O)C(O)CC,"['cooked', 'cooked sugar', 'fatty', 'sweet', 'empyreumatic']"
CC1COC(Cc2ccccc2)O1,"['vegetal', 'bush flower', 'green vegetal']"
COC(CCc1ccccc1)OC,"['vegetal', 'green vegetal', 'fresh']"
CCCCCCCCCC=CC(=O)O,"['vegetal', 'green vegetal', 'fresh']"
CCCCCCCCCCCCC1CCC(=O)O1,['dairy']
CCCCCC(=O)OC(C)CCCCC,"['vegetal', 'green vegetal', 'fresh']"
CC(O)COC(=O)Cc1ccccc1,"['honeyed', 'woody', 'sweet']"
COc1ccc(C2OCC(C)O2)cc1,['fresh']
CCC1(C)OCC(C)O1,"['chemical', 'fresh', 'solvent']"
CCCC1OCC(C)O1,"['vegetal', 'chemical', 'green vegetal', 'fresh', 'solvent']"
C=CCSCC(N)C(=O)O,"['vegetable', 'vegetal', 'sulphur', 'empyreumatic']"
CC1CCOC1=O,"['balsamic', 'vegetal', 'lactone', 'sweet', 'oleaginous', 'dry vegetal', 'fruity', 'dried fruit', 'fatty', 'tropical fruit', 'fresh', 'woody']"
OC1CSC(O)CS1,"['vegetable', 'cooked', 'vegetal', 'empyreumatic']"
CC(=O)C1CCCC1=O,"['cooked', 'cooked sugar', 'sweet', 'empyreumatic']"
CCOC(=O)C(C)c1ccccc1,"['honeyed', 'woody']"
CSC(C)C(=O)O,"['dairy', 'vegetal', 'fermented', 'fresh', 'green vegetal']"
Cc1nccnc1SCc1ccco1,"['cooked', 'sweet', 'empyreumatic', 'oleaginous', 'fruity', 'cooked sugar', 'dried fruit', 'fatty']"
Cc1cncc(SCc2ccco2)n1,"['cooked', 'empyreumatic']"
O=COCc1ccc2c(c1)OCO2,"['red berry', 'fruity', 'cherry']"
CCCCCCCCCCCC(=O)OCC(C)C,"['floral', 'chemical', 'alcoholic beverages', 'fermented drink', 'dairy']"
CC1=CC(O)CC(C)C2CC(=C(C)C)CC12,"['woody', 'sweet']"
CC(OCCc1ccccc1)OCCc1ccccc1,"['vegetal', 'green vegetal', 'bush flower', 'woody', 'sweet']"
CCCCC(CC)C(=O)OC,"['garden flower', 'floral']"
CCCCCCC(C)CO,['fatty']
COC(CC(C)CCC=C(C)C)OC,"['fruity', 'citrus']"
CCCCC(C)C=O,"['dairy', 'vegetal', 'fermented', 'green vegetal']"
C=C1C(OC(C)=O)CC2CC1C2(C)C,"['chemical', 'vegetal', 'mint', 'phenolic', 'green vegetal', 'medicinal', 'fresh']"
CC1CCC(C(C)C)C(OC(=O)Cc2ccccc2)C1,"['honeyed', 'woody', 'sweet']"
CC(C)=CCCC(C)(O)C1CO1,['dairy']
CC1=CC(C)(C)C(C=O)CC1,"['vegetal', 'green vegetal', 'fresh']"
CC1CCC(C(C)C)C(OC=O)C1,"['vegetal', 'green vegetal']"
COC(C)(OC)C(C)O,"['dairy', 'fatty']"
CCCCCCC1C=CC(=O)O1,"['earthy', 'balsamic', 'vegetal', 'musty', 'oleaginous', 'sweet', 'dry vegetal', 'fruity', 'dried fruit', 'fresh', 'fatty', 'tropical fruit', 'coumarin', 'fermented', 'woody']"
CCCC(C)C(C)=O,"['chemical', 'fresh', 'solvent']"
CC1OC(C)C(C)O1,"['floral', 'chemical', 'vegetal', 'solvent', 'alcoholic beverages', 'fermented drink', 'fermented', 'phenolic', 'green vegetal', 'medicinal']"
CCCCCC(=O)OC(C)c1ccccc1,"['floral', 'bush flower']"
CCC(C)COC(=O)c1ccccc1,"['vegetal', 'green vegetal', 'woody', 'fresh']"
CSC(C)C(C)=O,"['vegetable', 'vegetal', 'sulphur', 'dairy', 'berry', 'fruity', 'black fruit']"
C=C(C)C1CCC2=CC(O)CC(C)C2(C)C1,"['fruity', 'citrus']"
COC(=O)C(C)S,"['vegetal', 'fruity', 'cooked', 'empyreumatic']"
CCCCCCCCCCOC(=O)CCCCC,['tropical fruit']
CCCCCCCCCOC(=O)CC,"['floral', 'chemical', 'bush flower', 'vegetal', 'fatty', 'solvent', 'alcoholic beverages', 'fermented drink', 'fermented', 'green vegetal', 'fresh']"
CCCCCCCCCCC(OCC)OCC,['citrus']
CCCCCCCCCCCC(OCC)OCC,"['vegetal', 'citrus', 'green vegetal', 'fatty', 'fresh']"
C=CCCC1=C(C)C(=O)CCC1(C)C,"['vegetal', 'dry vegetal']"
CCOC(CCCCCC(C)C)OCC,"['vegetal', 'garden flower', 'green vegetal', 'fresh']"
CCc1cnc(OC)cn1,"['malt', 'roasted', 'vegetal', 'fresh', 'oleaginous', 'empyreumatic', 'fermented', 'fruity', 'green vegetal', 'dried fruit', 'fatty']"
C=CCOC(=O)COCC(C)CC,"['vegetal', 'green vegetal', 'fresh']"
CCCCCCCCCC(C)C(OCC)OCC,"['sweet', 'fruity', 'citrus']"
CC(=O)C1=C(C)C2CC3(C1)C(C)CCC3C2(C)C,"['balsamic', 'vegetal', 'animal', 'sweet', 'phenolic', 'wood', 'green vegetal', 'resinous']"
COC(=O)C(C)CS,['fruit with pip']
C=CC1(C)CCC(COC(C)=O)C(C)(C)C1C(=C)C,['citrus']
CC1=NC(C)SC1,"['cooked', 'vegetal', 'oleaginous', 'empyreumatic', 'fruity', 'dried fruit', 'fatty']"
O=C(CCc1ccccc1)OCCCc1ccccc1,['woody']
CC(C)CCCC(C)CCOC=O,"['vegetal', 'green vegetal']"
CC12CCC(C1)C(C)(C)C2OC=O,"['phenolic', 'wood', 'vegetal', 'woody', 'resinous', 'fresh']"
CC1(C)C2CCC(CS)C1C2,"['vegetal', 'green vegetal', 'fresh']"
CCOC(C)OCC(C)C,"['balsamic', 'barrel aged alcohol', 'chemical', 'vegetal', 'woody', 'solvent', 'alcoholic beverages', 'sweet', 'phenolic', 'green vegetal', 'medicinal', 'fresh']"
CCCCC(CC)CS,"['vegetal', 'fruity', 'cooked', 'sulphur', 'empyreumatic']"
CC(=O)CCO,"['dairy', 'cooked', 'cooked sugar', 'empyreumatic']"
CC(C)CC(=O)OCc1ccc(O)cc1,"['lactone', 'stone fruit']"
CCOC(CCCCC(C)C)OCC,"['vegetal', 'green vegetal', 'fresh']"
CCC(C)COC(=O)Cc1ccccc1,"['malt', 'roasted', 'woody', 'empyreumatic']"
CCCCCCC(CCOC(C)=O)OC(C)=O,['bush flower']
CCCCCCCCCC(=O)OCCc1ccccc1,"['bush flower', 'chemical', 'fresh', 'vegetal', 'alcoholic beverages', 'fermented drink', 'fermented', 'green vegetal', 'fatty']"
CCCCCCC1CCCC1=O,"['vegetal', 'bush flower', 'green vegetal', 'fresh']"
CCCCCOC(C)OCC,"['balsamic', 'barrel aged alcohol', 'chemical', 'vegetal', 'woody', 'solvent', 'alcoholic beverages', 'sweet', 'phenolic', 'green vegetal', 'medicinal', 'fresh']"
CCOC(C)(C)C1CC=C(C)CC1,"['vegetal', 'fruity', 'citrus', 'fresh', 'green vegetal']"
CCC(=O)Nc1ccccc1C(=O)OC,"['fruit with pip', 'fruity']"
CCCCC(OC)OC,"['balsamic', 'barrel aged alcohol', 'chemical', 'vegetal', 'solvent', 'alcoholic beverages', 'sweet', 'green vegetal', 'woody', 'fresh']"
CCOC(=O)C1C(C)=CC=CC1(C)C,"['floral', 'bush flower', 'fruit with pip']"
CCC(C)COC=O,"['floral', 'chemical', 'vegetal', 'alcoholic beverages', 'fermented drink', 'fermented', 'green vegetal', 'fruit with pip', 'fresh']"
CCC(C)(C)SSC(C)(C)CC,"['cooked', 'vegetal', 'sulphur', 'empyreumatic', 'green vegetal', 'fresh']"
CC1=C(O)C(=O)C(O)CO1,"['cooked', 'cooked sugar', 'sweet', 'empyreumatic']"
CC(=O)OCC1CCC2CC1C2(C)C,"['vegetal', 'phenolic', 'wood', 'woody', 'resinous', 'fresh']"
CCCCCCCCC(=O)OC(C)C,"['floral', 'chemical', 'peponide', 'alcoholic beverages', 'fermented drink', 'fatty']"
CCCCCCCCCCCCOC=O,"['vegetal', 'honeyed', 'green vegetal', 'fresh', 'sweet']"
CCOC1OC(CO)C(O)C(O)C1O,"['chemical', 'solvent', 'phenolic', 'medicinal', 'fresh']"
CCCC(=O)CC(=O)OC,"['cooked', 'cooked sugar', 'sweet', 'empyreumatic']"
CC1=CC(=O)CC1C,"['cooked', 'cooked sugar', 'sweet', 'empyreumatic']"
CCSc1ccccc1O,"['phenolic', 'smoked', 'empyreumatic']"
CCCC(=O)OCC(C)O,"['chemical', 'fresh', 'solvent']"
CC(C)C1C=CC(C)(O)CC1,['fermented']
C=CC=CC=CCC=CCC,"['vegetal', 'green vegetal', 'fresh']"
CCc1ccccc1C=O,['sweet']
Cc1cncs1,"['oleaginous', 'empyreumatic', 'fruity', 'dried fruit', 'fatty']"
CC(C)OC(C)OC(C)C,"['balsamic', 'barrel aged alcohol', 'chemical', 'vegetal', 'woody', 'solvent', 'sweet', 'alcoholic beverages', 'phenolic', 'green vegetal', 'medicinal', 'fresh']"
CCOC(C)(OCC)c1ccccc1,"['vegetal', 'green vegetal', 'fresh']"
CCCC(OC)OC,"['balsamic', 'barrel aged alcohol', 'chemical', 'vegetal', 'woody', 'solvent', 'alcoholic beverages', 'sweet', 'phenolic', 'green vegetal', 'medicinal']"
CCC=S,"['vegetable', 'vegetal', 'sulphur']"
CCCCOC(=O)C(C)(C)C,['fruit with pip']
CC1CCCCCCCCCCCCC(=O)O1,['animal']
CC=CSC,"['vegetable', 'vegetal', 'sulphur', 'empyreumatic', 'alliaceous']"
COC(CC(C)C)OC,"['roasted', 'chemical', 'vegetal', 'solvent', 'empyreumatic', 'green vegetal', 'fresh']"
CSc1cc(C)oc1C,"['cooked', 'empyreumatic']"
CCCC1NCCS1,"['earthy', 'vegetable', 'cooked', 'vegetal', 'root', 'sulphur', 'sweet', 'empyreumatic', 'cruciferous', 'green vegetal', 'cooked sugar', 'fresh']"
CCCCCCCCCCCCC=CC=O,"['cooked', 'fatty', 'empyreumatic']"
CCCC(O)CC(=O)O,"['dairy', 'fermented']"
CC(CS)C(=O)O,"['dairy', 'vegetal', 'fermented', 'fruity', 'cooked', 'empyreumatic']"
C=CC1(C)CCC(C(C)C=O)O1,['garden flower']
C=C1CCC2SC1C1C(C(C)C)CCC21C,['fermented']
CCC(C)C(O)C(=O)O,"['dairy', 'fermented', 'fatty']"
CCCCCCCCCCOC(=O)CC(C)C,"['floral', 'chemical', 'sweet', 'fermented drink', 'alcoholic beverages', 'fermented', 'fruit with pip']"
CCCCCCCCC(=O)OCC(C)C,"['floral', 'chemical', 'bush flower', 'alcoholic beverages', 'fermented drink', 'fermented', 'fatty']"
C=CC(C)(S)CCC=C(C)C,['citrus']
CC1C(S)CC2CC1C2(C)C,"['vegetal', 'green vegetal', 'fresh']"
C=CCCCCN=C=S,"['vegetal', 'green vegetal', 'fresh']"
CC=CCOC(=O)CCCCC,['tropical fruit']
CCCCCC(OCCC(C)C)OCCC(C)C,"['balsamic', 'barrel aged alcohol', 'chemical', 'vegetal', 'fresh', 'alcoholic beverages', 'sweet', 'fruity', 'green vegetal', 'woody', 'fruit with pip', 'fatty']"
CN1CCNc2ccccc21,"['cooked', 'empyreumatic']"
CCCCOC(OCCCC)c1ccccc1,"['red berry', 'fruity', 'cherry']"
CCOC(=O)C(C)OC(C)=O,"['balsamic', 'cooked', 'barrel aged alcohol', 'chemical', 'sweet', 'empyreumatic', 'alcoholic beverages', 'woody', 'cooked sugar']"
O=COCCC1CCCCC1,['fruit with pip']
CCCCCC(=O)OCCCc1ccccc1,"['vegetal', 'green vegetal', 'fresh']"
CCC(=O)OCCC1CCCCC1,['tropical fruit']
CCOC(=O)c1ccccc1OCC,"['vegetal', 'green vegetal', 'fresh']"
COc1ccc(C2OC(C)C(C)O2)cc1,"['vegetal', 'dry vegetal', 'fresh']"
CCCCOC(=O)C(C)OC(C)=O,['dairy']
CCCC(C)C(=O)OCC(C)C,['fruit with pip']
CCCC(C)C(=O)OCCC(C)C,['fruit with pip']
CCCCCCOC(=O)C(C)CCC,"['floral', 'chemical', 'alcoholic beverages', 'fermented drink', 'fermented', 'fruit with pip', 'fatty']"
CC(C)CCCOC(=O)c1ccccc1,['woody']
CCCCCCOC(=O)C(CC)CC,"['floral', 'chemical', 'alcoholic beverages', 'fermented drink', 'fermented', 'fruit with pip']"
CCCCCCCCCOC=O,['citrus']
CC(C=O)Cc1ccc(C(C)(C)C)cc1,"['vegetal', 'garden flower', 'green vegetal']"
CCCCCc1cccnc1,"['vegetal', 'green vegetal', 'fresh']"
CC(=O)OC(C)(C)C1CCC(C)C2=C(C1)C(C)CC2,"['vegetal', 'bush flower', 'dry vegetal', 'green vegetal', 'fresh']"
CC(C)=CCCC(C)CO,"['peponide', 'fruity']"
CCCCCCCCCCCCOC(=O)CC(C)C,"['fruit with pip', 'fatty']"
CCOC(=O)C(Cc1ccccc1)C(C)=O,"['fermented', 'woody']"
CCCOC(=O)CCC1CCCCC1,"['lactone', 'fruit with pip', 'stone fruit', 'tropical fruit']"
CCCCC(C(=O)OCC)c1ccccc1,"['dairy', 'vegetal', 'honeyed', 'fresh', 'green vegetal']"
CCOC(=O)c1ccccc1NC(C)=O,"['fruit with pip', 'citrus']"
C=C(C)C1CCC2=CCCC(C)C2(C)C1,"['vegetal', 'fruity', 'citrus', 'fatty', 'green vegetal']"
C=C1C2CCC3C2C(C)(C)CCCC13C,"['floral', 'bush flower', 'chemical', 'vegetal', 'mint', 'phenolic', 'green vegetal', 'fresh']"
CCCC(C)(C)SSC(C)(C)CCC,"['cooked', 'vegetal', 'sulphur', 'empyreumatic', 'green vegetal', 'fresh']"
COC(=O)c1ccccc1NC(=O)Cc1ccccc1,"['honeyed', 'fruity', 'fruit with pip', 'sweet']"
C=C1CCC2C1C1C(C(C)C)CCC21C,['sweet']
CSCCCC(N)=O,"['empyreumatic', 'cooked']"
O=C(OCCCc1ccccc1)c1ccccc1,"['vegetal', 'woody', 'fresh', 'green vegetal']"
O=C(OCCOc1ccccc1)c1ccccc1,"['woody', 'sweet']"
CCCCCCCCOCc1ccccc1,"['woody', 'sweet']"
C=CCc1cccc(OC)c1O,"['smoked', 'empyreumatic']"
CC(C)CCOC(=O)c1ccccc1N,"['fruity', 'fruit with pip', 'stone fruit']"
CCCCCCC(OCCCC)OCCCC,"['balsamic', 'barrel aged alcohol', 'chemical', 'vegetal', 'fresh', 'sweet', 'alcoholic beverages', 'green vegetal', 'woody', 'fatty']"
CC(C)C12CCC(C)(O)C1C2,"['chemical', 'vegetal', 'mint', 'phenolic', 'green vegetal', 'medicinal', 'fresh']"
CC1=CCC23CC1C(C)(C)C2CCC3C,"['vegetal', 'dry vegetal', 'wood', 'resinous']"
CC1=CCC2C3C(C(C)C)CCC2(C)C13,"['honeyed', 'sweet']"
CC1CCC2(O)C(C)(C)C3CCC2(C)C1C3,"['floral', 'chemical', 'vegetal', 'mint', 'phenolic', 'green vegetal', 'medicinal', 'fresh']"
C=C1C=CC(C(C)C)CC1,"['fruity', 'citrus']"
O=C(O)C=CC(=O)O,"['chemical', 'fermented', 'floral', 'alcoholic beverages', 'fermented drink']"
CC=CC(=O)CCCCC,"['fermented', 'woody', 'musty']"
CCCCc1ccc2ccccc2n1,"['vegetal', 'dry vegetal', 'phenolic']"
CC=CCCO,"['vegetal', 'green vegetal']"
CCCCCCCCCOC(=O)C(C)C,"['floral', 'bush flower', 'vegetal', 'lactone', 'stone fruit', 'green vegetal', 'fruity', 'citrus', 'fresh']"
CCCOC(=O)CC(=O)OCCC,"['floral', 'chemical', 'solvent', 'alcoholic beverages', 'fermented drink', 'fermented', 'fruit with pip', 'fresh']"
CCC=CC(=O)OC,"['vegetal', 'chemical', 'green vegetal', 'fresh', 'solvent']"
CCCCCCCCC=CC(=O)O,"['vegetal', 'green vegetal', 'fresh']"
CCOC(OCC)C(C)C,"['chemical', 'vegetal', 'solvent', 'green vegetal', 'fruit with pip', 'fresh']"
CCC(C)c1nccs1,"['vegetal', 'fresh', 'green vegetal']"
CCSCc1ccco1,"['earthy', 'vegetable', 'vegetal', 'root', 'sulphur', 'empyreumatic', 'cruciferous', 'alliaceous']"
CC(C)C(=O)Oc1ccccc1,"['honeyed', 'sweet']"
CC(C)C(C)S,"['dairy', 'fermented', 'cooked', 'empyreumatic']"
CCCC(C)C(=O)OC,"['vegetal', 'peponide', 'fresh', 'green vegetal', 'fruit with pip']"
CC(=O)CS,"['vegetable', 'cooked', 'vegetal', 'sulphur', 'empyreumatic', 'alliaceous']"
CSc1cncc(C)n1,"['cooked', 'oleaginous', 'empyreumatic', 'fruity', 'dried fruit', 'fatty']"
CCc1csc(C)n1,"['vegetal', 'cooked', 'green vegetal', 'fresh', 'empyreumatic']"
CCCCCCC=COC(C)=O,"['vegetal', 'peponide', 'green vegetal', 'tropical fruit', 'fresh']"
Cc1ccc(CO)o1,"['cooked', 'cooked sugar', 'empyreumatic']"
CCCc1nc(C)c(C)s1,"['malt', 'vegetal', 'fresh', 'oleaginous', 'empyreumatic', 'green vegetal', 'dried fruit', 'fatty']"
CCc1ncsc1C,"['vegetal', 'cooked', 'green vegetal', 'fresh', 'empyreumatic']"
CCCCC(=O)OCC(C)CC,"['lactone', 'fruit with pip', 'stone fruit', 'tropical fruit']"
CCCCSSC,"['vegetable', 'vegetal', 'sulphur', 'empyreumatic']"
CCCC(=O)CO,"['dairy', 'vegetal', 'dry vegetal', 'fatty']"
CSSCC(C)C,"['cooked', 'vegetal', 'sulphur', 'empyreumatic', 'green vegetal', 'fresh']"
CC(=O)Cc1cnccn1,"['fruity', 'pyrazic', 'dried fruit', 'fatty', 'oleaginous', 'empyreumatic']"
CC(=O)C1CCSS1,"['vegetal', 'empyreumatic', 'vegetable', 'cooked', 'sulphur', 'alliaceous']"
CCCCCOC(=O)CC(=O)OCCCCC,"['chemical', 'fermented', 'floral', 'alcoholic beverages', 'fermented drink']"
C=CCSSSSC,"['vegetable', 'vegetal', 'sulphur', 'empyreumatic', 'alliaceous']"
CSC(C)S,"['vegetable', 'cooked', 'vegetal', 'sulphur', 'empyreumatic', 'alliaceous']"
c1coc(CCc2ccco2)c1,"['mineral', 'metal', 'empyreumatic']"
C=C(CO)C1CC=C(C)CC1,['citrus']
CCCCCCCC(=O)OCCC(C)CCC=C(C)C,"['bush flower', 'fatty']"
C=C(C)C1(O)CC=C(C)CC1,['fermented']
CCC(C=O)CS,"['dairy', 'fermented']"
CC(C)CCC(=O)OC(C)C,"['fruit with pip', 'tropical fruit']"
CCCOC(=O)CCC(C)C,"['fruit with pip', 'tropical fruit']"
CSc1cnc(C)cn1,"['cooked', 'oleaginous', 'empyreumatic', 'fruity', 'dried fruit', 'fatty']"
CCCCCCc1nccnc1OC,"['vegetal', 'green vegetal', 'fresh']"
CC1NC(C)SC(C)N1,"['cooked', 'oleaginous', 'empyreumatic', 'fruity', 'dried fruit', 'fatty']"
CCCSSSSC,"['vegetable', 'vegetal', 'sulphur', 'empyreumatic', 'alliaceous']"
CC=CSSSC,"['vegetable', 'vegetal', 'sulphur', 'alliaceous']"
CCCCCC(CC(=O)OCC)OC(C)=O,"['chemical', 'fermented', 'floral', 'alcoholic beverages', 'fermented drink']"
CCCC=CC(=O)OCC(C)C,"['vegetal', 'fruit with pip', 'green vegetal']"
CC1CSSS1,"['vegetable', 'cooked', 'vegetal', 'sulphur', 'empyreumatic']"
C=CCSSC=CC,"['vegetable', 'vegetal', 'sulphur', 'empyreumatic']"
COc1cc(CCC=O)ccc1O,"['balsamic', 'woody']"
CCCCCCOC(=O)CCC(C)C,"['vegetal', 'green vegetal', 'fresh']"
Cc1ccccc1OC(=O)Cc1ccccc1,"['honeyed', 'woody', 'sweet']"
CSSCCC(C)C,"['vegetable', 'cooked', 'vegetal', 'sulphur', 'empyreumatic', 'alliaceous']"
CC(C)CC=NCCc1ccccc1,['amine']
C=CCCCCOC(C)=O,"['vegetal', 'green vegetal', 'fresh']"
C=CCCCCCC(=O)OCC,"['balsamic', 'barrel aged alcohol', 'chemical', 'alcoholic beverages', 'woody']"
CCC(C)C(=O)C(=O)OC,"['balsamic', 'cooked', 'barrel aged alcohol', 'chemical', 'sweet', 'empyreumatic', 'alcoholic beverages', 'woody', 'cooked sugar']"
CC(C)COC(OCC(C)C)C(C)C,"['roasted', 'chemical', 'vegetal', 'solvent', 'empyreumatic', 'phenolic', 'green vegetal', 'medicinal', 'fresh']"
CCCCCCCCOC(=O)C(C)(C)C,"['vegetal', 'fresh', 'dairy', 'green vegetal', 'fruit with pip', 'fatty']"
CCCCCCCCC(O)C(=O)OC,['tropical fruit']
CC(=O)OC(C)C=C(C)CCC=C(C)C,"['fruity', 'fresh', 'citrus']"
CCCCC(O)CS,"['berry', 'fruity', 'black fruit', 'citrus']"
CCCCC(O)C(=O)OC,"['floral', 'chemical', 'alcoholic beverages', 'fermented drink', 'fermented', 'tropical fruit']"
CCCCCCCCCC(=O)OC(C)CCC,"['balsamic', 'barrel aged alcohol', 'chemical', 'alcoholic beverages', 'woody', 'fatty']"
CC=CSCCC,"['vegetable', 'vegetal', 'sulphur']"
CCC(SC)C(=O)OC,"['vegetable', 'vegetal', 'sulphur', 'dairy', 'fermented', 'cruciferous', 'green vegetal', 'fresh', 'alliaceous']"
CCCCC(=S)OC,"['dairy', 'fermented']"
CCCCCCCCCOC(=O)Cc1ccccc1,"['honeyed', 'fruity', 'woody', 'citrus', 'sweet']"
CCOC(OCC)C(C)CC,"['chemical', 'vegetal', 'solvent', 'green vegetal', 'fruit with pip', 'fresh']"
CNc1ccccc1C(=O)OC(C)C,"['fruit with pip', 'fruity']"
CCCCC(=O)c1cccs1,"['cooked', 'oleaginous', 'sweet', 'empyreumatic', 'fruity', 'cooked sugar', 'dried fruit', 'fatty']"
Cc1csc(CC(C)C)n1,"['vegetal', 'green vegetal', 'fresh']"
CCCC=CC(=O)OCCCC,"['vegetal', 'fruit with pip', 'tropical fruit', 'fresh', 'green vegetal']"
CCCCCCCCCOC(=O)CCCCC,"['floral', 'chemical', 'fresh', 'solvent', 'oleaginous', 'fermented drink', 'alcoholic beverages', 'fermented', 'dried fruit', 'fatty']"
CCOC(=S)c1ccccc1,['dairy']
Cc1cnc(CC(C)C)c(C)n1,"['malt', 'roasted', 'vegetal', 'oleaginous', 'nutty', 'empyreumatic', 'fruity', 'green vegetal', 'dried fruit', 'fatty']"
CCCCCCCC(=O)OC(C)CCC,"['floral', 'chemical', 'vegetal', 'fresh', 'alcoholic beverages', 'fermented drink', 'fermented', 'green vegetal']"
C1CSSSS1,"['earthy', 'fermented', 'woody', 'musty']"
CC=C(C)C(=O)OCCCCCC,"['vegetal', 'bush flower', 'fatty', 'green vegetal']"
CC(=O)C=Cc1ccccc1,"['vegetal', 'chemical', 'lactone', 'dairy', 'dry vegetal', 'medicinal', 'fresh', 'red berry', 'fermented', 'woody']"
CCC=CCCCC,['sulphur']
CCC(C)CN,"['dairy', 'fermented', 'amine']"
COc1ccccc1C=CC=O,"['chemical', 'phenolic', 'medicinal', 'fatty']"
CC=CCO,"['chemical', 'fresh', 'sulphur', 'solvent']"
S=c1[nH]c2ccccc2s1,"['empyreumatic', 'vegetal', 'vegetable', 'sulphur', 'alliaceous']"
COc1ccccc1C=CC(=O)O,"['woody', 'sweet']"
CC(=O)C=Cc1ccco1,"['floral', 'vegetal', 'chemical', 'lactone', 'oleaginous', 'dairy', 'dry vegetal', 'fruity', 'medicinal', 'dried fruit', 'fatty', 'fresh', 'phenolic']"
COc1cc(C(O)C(=O)O)ccc1O,"['balsamic', 'woody']"
COc1ccc(C=CC(C)=O)cc1,['dairy']
O=C(CSCc1nc2ccccc2[nH]1)Nc1ccc2ccccc2c1,"['vegetable', 'vegetal', 'sulphur', 'empyreumatic', 'fermented', 'cruciferous']"
CCC(C=O)=Cc1ccccc1,['fatty']
O=CC=Cc1ccco1,"['fresh aldehydic', 'balsamic', 'vegetal', 'aldehydic', 'chemical', 'fatty', 'sweet', 'oleaginous', 'phenolic', 'green vegetal', 'dried fruit', 'fresh', 'medicinal']"
CCCCCCC(C=O)=Cc1ccccc1,"['vegetal', 'bush flower', 'green vegetal']"
CC=Cc1ccc(OCc2ccccc2)c(OC)c1,"['woody', 'sweet']"
CC(S)c1cccs1,"['roasted', 'fresh', 'empyreumatic']"
CCCCCCCCCCOC(=O)CCCCCCCC,"['chemical', 'alcoholic beverages', 'fermented drink', 'fermented', 'citrus', 'fruit with pip', 'fatty']"
CC(C)=CCCC(C)CC1OCC(C)O1,"['vegetal', 'green vegetal', 'fresh']"
CCOC(=O)CC=C(C)C,"['red berry', 'vegetal', 'green vegetal', 'fruit with pip', 'fresh']"
CC1OCC=C1SC1(S)CCOC1C,"['cooked', 'empyreumatic']"
CC(=O)C1NCCS1,"['amine', 'pyrazic', 'cooked', 'oleaginous', 'empyreumatic', 'fruity', 'dried fruit', 'fatty']"
CCCCCCCCC=CC(OCC)OCC,"['dairy', 'citrus', 'sweet']"
CCOC(CC(C)CCC=C(C)C)OCC,"['vegetal', 'fruity', 'green vegetal', 'citrus', 'fresh']"
CCCCCCCCC=COC,"['vegetal', 'green vegetal', 'citrus']"
CCCCCCCCCCCCC(OCC)OCC,['citrus']
CC(C)CCOC(C)OCC(C)C,"['balsamic', 'barrel aged alcohol', 'chemical', 'vegetal', 'woody', 'fatty', 'solvent', 'oleaginous', 'alcoholic beverages', 'sweet', 'phenolic', 'fruity', 'green vegetal', 'medicinal', 'dried fruit', 'fresh']"
CCC(C)CCCCCCCCCCC=O,"['empyreumatic', 'cooked']"
C=C(C)CCOC(=O)C(C)CC,"['vegetal', 'fruity', 'fruit with pip', 'fresh', 'green vegetal']"
CSCCCOC(=O)CC(C)C,"['dairy', 'fermented']"
CCOC(CC(C)C)OCC(C)C,"['roasted', 'balsamic', 'barrel aged alcohol', 'chemical', 'vegetal', 'woody', 'solvent', 'alcoholic beverages', 'empyreumatic', 'sweet', 'phenolic', 'green vegetal', 'medicinal', 'fresh']"
CCCCC(CC)C(=O)OCCc1ccccc1,['bush flower']
C=CC(CCCCC)OC(=O)C(C)C,"['earthy', 'fermented', 'woody', 'musty']"
C=CCOC(=O)C(C)CC,"['vegetal', 'fatty', 'green vegetal', 'fresh']"
CCC=CCCOC(=O)C(CC)CC,"['vegetal', 'fruit with pip', 'fresh', 'green vegetal']"
CCCC(=O)OC1CC(C)CC(C)(C)C1,['tropical fruit']
CC(C)CCOC(OCCC(C)C)c1ccccc1,"['red berry', 'cherry']"
CC(=O)CC(C)SCc1ccco1,"['malt', 'cocoa', 'sweet', 'empyreumatic']"
CC(C)=CCCC(C)=C1CC=C(C)CC1,"['vegetal', 'green vegetal', 'citrus', 'fresh']"
C=CC(C)(C)OC(C)=O,"['vegetal', 'green vegetal', 'fresh']"
CC(=O)SCC=C(C)C,"['vegetal', 'green vegetal', 'fresh']"
CC(C)CCCCCCCCCC=O,"['fruity', 'citrus']"
CCCC(=O)OC(C)(OC(=O)CCC)C(C)=O,"['dairy', 'fermented', 'fatty']"
Cc1nccnc1OC(C)C,"['vegetal', 'green vegetal', 'fresh']"
CCCCCCC(C=O)CC,"['fruity', 'citrus']"
CC1CCCC(=O)C1=O,"['roasted', 'cooked', 'sweet', 'empyreumatic', 'cooked sugar']"
CCC=C(C)C(=O)OC,"['red berry', 'vegetal', 'peponide', 'fresh', 'green vegetal', 'tropical fruit']"
CCCCCCCC(C)C=O,"['dairy', 'vegetal', 'fruity', 'fresh', 'citrus', 'green vegetal']"
O=C(C=Cc1ccccc1)OCC1CCCO1,"['floral', 'chemical', 'alcoholic beverages', 'fermented drink', 'fermented', 'woody']"
CCCCOC(=O)CC(=O)OCC,"['floral', 'chemical', 'vegetal', 'fresh', 'alcoholic beverages', 'fermented drink', 'fermented', 'green vegetal', 'fruit with pip', 'fatty']"
O=C(C=Cc1ccccc1)OCc1ccccc1,"['red berry', 'vegetal', 'lactone', 'cherry', 'dry vegetal', 'honeyed', 'woody', 'fresh']"
CC(C)=CCCC(C)=CC(=O)O,"['vegetal', 'citrus', 'green vegetal']"
CC1=CC(=O)CC(C)(C)C1(O)C=CC(C)O,"['vegetal', 'dry vegetal']"
OCC=Cc1ccccc1,"['garden flower', 'chemical', 'vegetal', 'woody', 'phenolic', 'green vegetal', 'medicinal', 'fresh']"
COc1cc(C=CC=O)ccc1O,"['chemical', 'woody', 'empyreumatic', 'phenolic', 'medicinal']"
CC(C)=CCCC(C)=CCCC(C)=CC=O,"['fruity', 'citrus', 'fatty']"
CC(=O)C=CC1C(C)=CCC(C)C1(C)C,"['garden flower', 'red berry', 'fruity']"
CC(=CCCC1(C)C2CC3C(C2)C31C)CO,"['vegetal', 'wood']"
CC=CCC(=O)O,"['vegetal', 'dairy', 'fermented', 'green vegetal', 'fresh']"
CCCCC=CC(=O)O,"['fresh aldehydic', 'cooked', 'chemical', 'aldehydic', 'vegetal', 'solvent', 'sweet', 'empyreumatic', 'dairy', 'fermented', 'green vegetal', 'cooked sugar', 'fresh']"
CCCC=CCC(=O)O,"['vegetal', 'green vegetal', 'fresh']"
CCC=CCCC(=O)O,"['vegetal', 'green vegetal', 'fresh']"
CCCCC=CCC(=O)O,"['vegetal', 'green vegetal', 'peponide', 'fresh']"
CCCCCC=CCC(=O)O,"['vegetal', 'green vegetal', 'peponide', 'fresh']"
CCCCCCC=CCC(=O)O,"['vegetal', 'green vegetal', 'fresh']"
CCCCCC=CCCC(=O)O,"['vegetal', 'cooked', 'fresh', 'green vegetal', 'empyreumatic']"
CCCCCCCC=CCCC(=O)O,"['vegetal', 'green vegetal', 'fresh']"
CCCCCCCCC=CCCCCCCCC=O,"['cooked', 'empyreumatic']"
CCCCCCCCC=CCCCCCCCC(=O)OCC(O)CO,['fatty']
CCCCCC=CCC=CCC=CCC=CCCCC(=O)O,['amine']
CCCCCCCCCCC(=O)C(=O)O,"['dairy', 'fruity', 'lactone', 'stone fruit']"
CC(C)=CCC=C(C)C1CC=C(C)CC1,"['fruity', 'citrus']"
C=C(C)C=CC(CCC(C)=O)C(C)C,"['dry vegetal', 'vegetal', 'peponide']"
CCC=C(C)C=O,"['vegetable', 'red berry', 'vegetal', 'fresh', 'sulphur', 'cherry', 'green vegetal', 'fatty']"
CC=CSSCCC,"['vegetable', 'vegetal', 'sulphur', 'oleaginous', 'empyreumatic', 'fruity', 'dried fruit', 'fatty', 'alliaceous']"
CC1=CC(=O)CC(C)(C)C12CCC(C)O2,"['vegetal', 'dry vegetal']"
COC(C=C(C)CCC=C(C)C)OC,"['vegetal', 'fresh', 'fruity', 'green vegetal', 'citrus']"
CC(=O)C=CC12OC1(C)CCCC2(C)C,"['garden flower', 'red berry']"
CCCCCC=C(C=O)CCCC,"['mineral', 'fresh aldehydic', 'vegetal', 'metal', 'fresh', 'animal', 'green vegetal', 'citrus']"
CCC=CCC(C)OC(C)=O,"['vegetal', 'green vegetal', 'fresh']"
CC=CCCCOC(C)=O,"['vegetal', 'green vegetal', 'tropical fruit', 'fresh']"
CCC=CCCCCO,"['vegetal', 'aldehydic', 'fresh', 'peponide', 'musty', 'fermented', 'green vegetal', 'woody', 'amine', 'fatty']"
CCCC=C1OC(=O)c2ccccc21,"['vegetal', 'aromatic plant', 'fresh', 'green vegetal']"
CCCC=C(C=O)CC,"['fruit with pip', 'citrus', 'fresh']"
CC=Cc1ccc(OCC)c(O)c1,"['dry vegetal', 'balsamic', 'floral', 'vegetal']"
CC=CC(=O)OCCc1ccccc1,"['fermented', 'floral', 'bush flower']"
CC=CC(=O)OC(C)C,"['garden flower', 'floral', 'fruit with pip']"
O=COCC=Cc1ccccc1,"['vegetal', 'chemical', 'woody', 'spicy', 'sweet', 'phenolic', 'green vegetal', 'medicinal', 'fruit with pip', 'fresh']"
CC(C=O)=Cc1ccccc1,"['chemical', 'woody', 'phenolic', 'medicinal']"
CC(C)C=CC=O,"['fresh aldehydic', 'balsamic', 'barrel aged alcohol', 'chemical', 'vegetal', 'fatty', 'solvent', 'alcoholic beverages', 'sweet', 'fruity', 'green vegetal', 'fruit with pip']"
CC=CC=CC(=O)OCCC,"['vegetal', 'green vegetal']"
CCCCCOC(=O)C=Cc1ccccc1,"['malt', 'roasted', 'empyreumatic', 'woody']"
CC(=O)C(C)=Cc1ccccc1,"['cooked', 'chemical', 'vegetal', 'empyreumatic', 'mint', 'phenolic', 'green vegetal', 'medicinal', 'cooked sugar', 'fresh']"
CCOC(C=Cc1ccccc1)OCC,"['vegetal', 'chemical', 'woody', 'phenolic', 'green vegetal', 'medicinal']"
CC=CC(=O)OCCCCC,"['garden flower', 'floral', 'fruit with pip']"
CC=CC(=O)OCc1ccccc1,"['woody', 'sweet']"
CC=CC(C)=O,"['fermented', 'amine']"
C=CC=CC=O,"['vegetal', 'green vegetal', 'fresh']"
CC(=O)C(C)=CC1C(C)=CCCC1(C)C,['garden flower']
CC(=O)C(C)=CC1=C(C)CCCC1(C)C,"['garden flower', 'red berry', 'balsamic', 'sweet', 'fruity']"
CC=CCCCCC,['sulphur']
CC=CC(=O)OCCCCCCCC,"['earthy', 'vegetal', 'chemical', 'bush flower', 'musty', 'alcoholic beverages', 'fermented drink', 'dry vegetal', 'fermented', 'woody']"
CCOC(=O)C(=Cc1ccccc1)C(C)=O,"['cooked', 'woody', 'cooked sugar', 'sweet', 'empyreumatic']"
C=CC(C)(CCC=C(C)CCC=C(C)C)OC(=O)C(C)C,"['vegetal', 'fresh', 'green vegetal', 'lemony', 'citrus', 'fruit with pip', 'fatty']"
CCCC=CCCC,['sulphur']
CCCCCCC=CC(=O)OC,"['garden flower', 'balsamic', 'floral', 'vegetal', 'lactone', 'oleaginous', 'dry vegetal', 'green vegetal', 'fruit with pip', 'dried fruit', 'fresh', 'tropical fruit', 'coumarin', 'peponide', 'woody']"
CCCCC=CC(C)O,"['vegetal', 'fresh', 'peponide', 'musty', 'oleaginous', 'dairy', 'fermented', 'fruity', 'green vegetal', 'woody', 'dried fruit', 'fatty']"
CCCCC=CC(=O)OCC,"['vegetal', 'peponide', 'fruit with pip', 'fresh', 'green vegetal']"
CC=CC(=O)CC,"['earthy', 'mineral', 'balsamic', 'barrel aged alcohol', 'vegetal', 'chemical', 'metal', 'sulphur', 'sweet', 'fruity', 'cruciferous', 'green vegetal', 'fresh', 'vegetable', 'root', 'solvent', 'alcoholic beverages', 'woody']"
CCC(CC)C(=O)OCC=C(C)CCC=C(C)C,['fruit with pip']
CCCCCC=CC=CC(=O)OCCC,"['vegetal', 'peponide', 'green vegetal', 'fruit with pip']"
CCC=CCCC(=O)OCC,"['vegetal', 'fresh', 'peponide', 'green vegetal', 'fruit with pip']"
CC(C)=CCCC(C)=CCOC(=O)CC(C)C,"['bush flower', 'lactone', 'fresh', 'stone fruit', 'animal', 'lemony', 'fruit with pip', 'citrus']"
CC(C)=CCC=C(C)CCO,['bush flower']
CC(=O)C=CC(C)C,"['dairy', 'mineral', 'fermented', 'metal']"
CCCC=CCCOC(C)=O,"['vegetal', 'fresh', 'green vegetal']"
CCCCC=CC(C)=O,"['vegetal', 'musty', 'oleaginous', 'dry vegetal', 'fermented', 'woody', 'dried fruit', 'fatty']"
CCCCCCCCC=CCCCCCCCC(=O)OCCCCCC,['fatty']
CC=C(C)C1CCC(C)(C)O1,"['vegetal', 'chemical', 'mint', 'aromatic plant', 'phenolic', 'fruity', 'green vegetal', 'medicinal', 'citrus']"
CC1=CCCC(C)(C)C1C=CC(C)O,"['vegetal', 'garden flower', 'fruity', 'green vegetal']"
CC=CCCCCCCCC,['sulphur']
CCCCC=CCCO,"['vegetal', 'fruity', 'peponide', 'green vegetal']"
CCC(C)=CCCC(C)=CC=O,['citrus']
CCCC=CC(C)=O,"['fresh aldehydic', 'vegetal', 'aldehydic', 'fatty', 'fermented', 'green vegetal', 'fresh']"
CCCCC=CC=CCO,"['fresh aldehydic', 'vegetal', 'fresh', 'peponide', 'fruity', 'green vegetal', 'cucurbitacea']"
CCOC(C=C(C)CCC=C(C)C)OCC,"['vegetal', 'fruity', 'green vegetal', 'citrus']"
CC=CC(=O)OCCC,"['garden flower', 'cooked', 'chemical', 'floral', 'solvent', 'sweet', 'empyreumatic', 'fruit with pip', 'cooked sugar', 'fresh']"
CCOCC=C(C)CCC=C(C)C,"['bush flower', 'chemical', 'vegetal', 'solvent', 'green vegetal', 'fresh']"
CCCC=CCOC(C)OCC,"['vegetal', 'fruit with pip', 'green vegetal']"
CC=CSSC,"['vegetal', 'vegetable', 'sulphur', 'alliaceous']"
CCCC=CCCC(=O)OC,"['vegetal', 'green vegetal', 'tropical fruit']"
C=CC=CC=CCCCCC,"['fresh aldehydic', 'vegetal', 'aldehydic', 'peponide', 'fruity', 'green vegetal', 'cucurbitacea', 'citrus', 'fatty']"
CCC=CCC1C(=O)CCC1CC(=O)OC,"['vegetal', 'bush flower', 'fatty', 'green vegetal']"
CCC=CC(=O)OCC,['fruit with pip']
CC=C(C)C(=O)OCC=Cc1ccccc1,"['chemical', 'vegetal', 'spicy', 'phenolic', 'green vegetal', 'medicinal', 'fresh']"
CCCCC(=O)OCC=Cc1ccccc1,['bush flower']
CC=CC=CC(=O)OC(C)C,"['vegetal', 'green vegetal', 'fresh']"
CC=CC=CC(OCC)OCC,"['vegetal', 'fruity', 'green vegetal', 'fresh']"
CC=CC=CC(=O)OCCCC,"['vegetal', 'green vegetal', 'fresh']"
CC(=O)C=CC=C(C)C,"['balsamic', 'vegetal', 'chemical', 'lactone', 'oleaginous', 'dry vegetal', 'fruity', 'green vegetal', 'medicinal', 'dried fruit', 'fresh', 'fatty', 'tropical fruit', 'coumarin', 'phenolic']"
O=C(Cc1ccccc1)OCC=Cc1ccccc1,"['honeyed', 'woody']"
Cc1ccc(C=CC=O)cc1,"['chemical', 'phenolic', 'woody', 'medicinal']"
CC1=C(C=CC(C)O)C(C)(C)CCC1,['garden flower']
CC=CC=CCOC(=O)CC,"['floral', 'chemical', 'alcoholic beverages', 'fermented drink', 'fermented']"
CC=CC=CCOC(=O)C(C)C,"['vegetal', 'fresh', 'green vegetal', 'fruit with pip']"
CCCCC(C=O)=Cc1ccccc1,"['vegetal', 'garden flower', 'bush flower', 'fresh', 'green vegetal']"
CC=CC(=O)OCCC(C)C,"['garden flower', 'balsamic', 'barrel aged alcohol', 'chemical', 'floral', 'sweet', 'alcoholic beverages', 'woody', 'fruit with pip']"
COC(C=Cc1ccccc1)OC,"['vegetal', 'chemical', 'woody', 'phenolic', 'green vegetal', 'medicinal']"
CC=CC(=O)CCC,"['chemical', 'fatty', 'solvent', 'oleaginous', 'fruity', 'citrus', 'dried fruit', 'fresh']"
CC=CC(C)C(=O)OCC,"['red berry', 'vegetal', 'peponide', 'fatty', 'cherry', 'green vegetal', 'fresh']"
CCCCCCCC=CC(=O)OCC,"['mineral', 'vegetal', 'metal', 'fresh', 'peponide', 'green vegetal', 'fruit with pip', 'citrus']"
CCCCCC=CCCC=CC=O,"['vegetal', 'fresh', 'peponide', 'green vegetal', 'fruity', 'citrus']"
CCC=CCCOC(C)OCC,"['garden flower', 'fresh aldehydic', 'floral', 'vegetal', 'root', 'aldehydic', 'fresh', 'sulphur', 'fermented', 'cruciferous', 'green vegetal', 'woody', 'fatty']"
CCCCCC=CCCCO,"['vegetable', 'fresh aldehydic', 'vegetal', 'aldehydic', 'fresh', 'peponide', 'green vegetal', 'cucurbitacea']"
O=C(OCC=Cc1ccccc1)c1ccccc1,"['dairy', 'woody', 'fatty']"
CC(=O)OC(C)C=CC1=C(C)CCCC1(C)C,"['garden flower', 'red berry']"
CCCCCC(=Cc1ccccc1)C(OCC)OCC,"['bush flower', 'chemical', 'vegetal', 'fatty', 'solvent', 'green vegetal', 'fresh']"
CCCCCC(=Cc1ccccc1)C(OC)OC,"['garden flower', 'vegetal', 'bush flower', 'fruity', 'green vegetal', 'citrus', 'fresh']"
CCC=CCCOC(=O)c1ccccc1O,"['mineral', 'vegetal', 'metal', 'green vegetal', 'fresh']"
CC=Cc1ccc(OC(=O)Cc2ccccc2)c(OC)c1,"['balsamic', 'chemical', 'honeyed', 'phenolic', 'woody', 'medicinal']"
CC=CC(OCC)OCC,"['chemical', 'fresh', 'solvent']"
C(=CC1OCCO1)c1ccccc1,"['chemical', 'phenolic', 'medicinal', 'woody']"
CCOC(=O)CC(=CC(=O)O)C(=O)O,"['balsamic', 'floral', 'chemical', 'barrel aged alcohol', 'cooked', 'alcoholic beverages', 'fermented drink', 'empyreumatic', 'fermented', 'woody', 'cooked sugar']"
CCC=CCCCCCOC(C)=O,"['mineral', 'vegetal', 'metal', 'peponide', 'sweet', 'fruity', 'honeyed', 'green vegetal', 'fruit with pip', 'fresh']"
CCC=CCC=CC=CC(=O)OCC,"['vegetal', 'fruity', 'green vegetal', 'fruit with pip', 'fresh']"
CCC=CCCOC(=O)CCCCCCCCC,"['vegetal', 'green vegetal', 'fresh']"
CCC=CCCOC(=O)CCC(C)=O,"['cooked', 'vegetal', 'sweet', 'empyreumatic', 'green vegetal', 'fruit with pip', 'cooked sugar', 'fresh']"
CCCC=CCOC(=O)C(C)O,"['fruity', 'vegetal', 'green vegetal']"
CCCCCC=CC=CC(C)=O,"['vegetable', 'fresh aldehydic', 'vegetal', 'aldehydic', 'fresh', 'green vegetal', 'cucurbitacea']"
C=C1CCC(C(=C)C)CC1O,"['fruity', 'citrus']"
Cc1nc2c(nc1C)CCC2,"['fruity', 'dried fruit', 'fatty', 'oleaginous', 'empyreumatic']"
CSCCC=C(C=O)CSC,"['cooked', 'vegetal', 'sulphur', 'empyreumatic', 'cruciferous']"
CSSSCc1ccco1,['empyreumatic']
CC1OC=CC1=O,"['cooked', 'empyreumatic', 'oleaginous', 'dairy', 'fruity', 'cooked sugar', 'dried fruit', 'fatty']"
CC=C(C=O)c1ccccc1,"['earthy', 'malt', 'vegetal', 'sulphur', 'oleaginous', 'empyreumatic', 'fruity', 'cruciferous', 'dried fruit', 'fatty', 'vegetable', 'roasted', 'root', 'fermented', 'honeyed']"
C=CCc1ccc(OCC)c(OC)c1,"['dry vegetal', 'fermented', 'vegetal']"
CCOC(=O)C(C)(O)c1ccccc1,"['dairy', 'balsamic', 'woody']"
CCc1ccsc1CC,"['vegetable', 'cooked', 'vegetal', 'sulphur', 'empyreumatic', 'alliaceous']"
CCCCCC=CCCCCC=O,"['vegetal', 'fresh', 'fruity', 'phenolic', 'wood', 'woody', 'resinous', 'citrus']"
CCCC=CCCCCCCC=O,"['fruity', 'citrus']"
CC=CCCCCCCCC=O,"['mineral', 'vegetal', 'chemical', 'metal', 'fresh', 'green vegetal', 'fruity', 'citrus', 'fatty']"
CC(C)=CCCC(C)=CC(O)C=O,"['vegetal', 'green vegetal', 'fresh']"
CC=C(C)CO,"['floral', 'chemical', 'vegetal', 'fresh', 'solvent', 'alcoholic beverages', 'fermented drink', 'fermented', 'phenolic', 'green vegetal', 'medicinal', 'fatty']"
CCCC=CCCC(=O)O,"['vegetal', 'green vegetal', 'fresh']"
CCCC=CC=CCCCO,"['fruity', 'citrus']"
C=CC(C)(CCC=C(C)CCC=C(C)C)OC(C)=O,"['fruity', 'citrus']"
CCC=CCCOC(=O)CCCCCC,"['vegetal', 'green vegetal', 'fresh']"
CC=C(C)C(=O)OCCC=CCC,"['vegetal', 'root', 'fresh', 'sulphur', 'musty', 'fermented', 'cruciferous', 'green vegetal', 'woody', 'tropical fruit']"
O=C(C=Cc1ccccc1)OCCCc1ccccc1,"['floral', 'bush flower', 'lactone', 'stone fruit', 'woody']"
CC=CC(=O)OCC(C)C,"['balsamic', 'barrel aged alcohol', 'chemical', 'vegetal', 'empyreumatic', 'green vegetal', 'medicinal', 'fruit with pip', 'cooked sugar', 'fresh', 'cooked', 'solvent', 'alcoholic beverages', 'phenolic']"
CC(C=O)=Cc1ccco1,"['phenolic', 'chemical']"
CC=CC(C)C(=O)O,"['oleaginous', 'dairy', 'fermented', 'dried fruit', 'fatty']"
CC(C)=CCCC(C)=CCS,"['vegetal', 'fresh', 'citrus', 'green vegetal']"
CC(C)C=C(C=O)c1ccccc1,"['malt', 'roasted', 'bush flower', 'empyreumatic', 'oleaginous', 'fruity', 'honeyed', 'dried fruit', 'fatty']"
CC=C(C=O)CSC,"['vegetable', 'vegetal', 'sulphur', 'empyreumatic', 'cruciferous', 'alliaceous']"
CCCC=CC(=O)OCCC,"['vegetal', 'green vegetal']"
CCC=CCCC1(C)CCC(=O)O1,"['balsamic', 'bush flower', 'vegetal', 'lactone', 'oleaginous', 'sweet', 'dairy', 'dry vegetal', 'fruity', 'green vegetal', 'dried fruit', 'fresh', 'tropical fruit', 'coumarin', 'woody']"
CCCC=CC=CCO,"['dairy', 'fruity', 'peponide']"
CC=C(C)COC(C)=O,"['vegetal', 'green vegetal', 'tropical fruit', 'fresh']"
CC1=CCCC(C)(C)C1C=CC(C)C=O,"['garden flower', 'floral']"
CCC=CCCOC(=O)OC,"['garden flower', 'vegetal', 'fruity', 'green vegetal', 'fruit with pip', 'fresh']"
CCCC=CCCOC(=O)C(C)C,"['vegetal', 'fruit with pip', 'fresh', 'green vegetal']"
CC1=CCC(C=CC(C)C(C)O)C1(C)C,"['vegetal', 'wood', 'animal']"
CCC(C)COC(=O)C=Cc1ccccc1,"['malt', 'roasted', 'woody', 'empyreumatic']"
CC(C)=CCCC(C)=CC1OC(C)CC(C)(C)O1,"['fruity', 'fresh', 'citrus', 'fatty']"
CC(C)=CCCC(C)=CC1OCC(CO)O1,"['fruity', 'citrus', 'fresh']"
CC=CC=C1C(C)=CC(=O)CC1(C)C,"['dry vegetal', 'vegetal', 'dried fruit', 'fatty', 'oleaginous']"
CCCCCC=CC=CC(=O)OCCCC,"['vegetal', 'green vegetal', 'fruit with pip', 'fresh']"
CC=CCCC1CCCC(=O)O1,"['balsamic', 'bush flower', 'vegetal', 'lactone', 'oleaginous', 'sweet', 'dry vegetal', 'dried fruit', 'fresh', 'fatty', 'tropical fruit', 'coumarin', 'stone fruit', 'woody']"
CCC=C(C=O)c1ccccc1,"['earthy', 'malt', 'vegetable', 'roasted', 'garden flower', 'vegetal', 'root', 'sulphur', 'sweet', 'empyreumatic', 'honeyed', 'cruciferous', 'green vegetal', 'fresh']"
CCC=CCOC(=O)CCCCC,"['vegetal', 'fresh', 'green vegetal']"
CCC(C)(CCC=C(C)C)OC(C)=O,['citrus']
CCOC(C)OCc1ccccc1,"['vegetal', 'green vegetal', 'fresh']"
CC(=O)C=C(C)CCC=C(C)C,"['bush flower', 'citrus']"
CC=C(C=O)CCCC,"['oleaginous', 'empyreumatic', 'nutty', 'fruity', 'dried fruit']"
CCCCC(CC)CCC(=O)O,['fermented']
CC1=NC(C)OC1C,"['malt', 'roasted', 'vegetal', 'fresh', 'oleaginous', 'empyreumatic', 'fermented', 'fruity', 'green vegetal', 'dried fruit', 'fatty']"
CCCCC(C)C(=O)O,"['dairy', 'fermented', 'empyreumatic']"
C=CCC(C)C(=O)O,"['dairy', 'red berry', 'fermented']"
CC1CC(C)(C)CC(=O)C1=O,"['cooked', 'vegetal', 'empyreumatic', 'dry vegetal', 'fermented', 'cooked sugar']"
CC1CCC2=C1N=CCN2,"['vegetable', 'vegetal', 'oleaginous', 'empyreumatic', 'fruity', 'dried fruit', 'fatty']"
CCC(C)SSC(C)CC,"['cooked', 'vegetal', 'sulphur', 'empyreumatic', 'green vegetal', 'fresh']"
CCCCCCC(=O)OC(C)CCC,"['floral', 'chemical', 'vegetal', 'fresh', 'fatty', 'alcoholic beverages', 'fermented drink', 'fermented', 'green vegetal', 'fruit with pip', 'tropical fruit']"
C=CCSSSSSSCC=C,"['vegetable', 'vegetal', 'sulphur', 'empyreumatic']"
C=CCSSSSSCC=C,"['vegetable', 'vegetal', 'sulphur', 'empyreumatic']"
CCCCCCC(O)S,['vegetal']
CCCC(=S)OCC,"['dairy', 'malt', 'fermented', 'roasted', 'empyreumatic']"
O=CCC1CCOC1=O,"['cooked', 'cooked sugar', 'sweet', 'empyreumatic']"
CCCCNc1ccccc1C(=O)OC,"['fruit with pip', 'fruity']"
CCOC(CS)OCC,"['cooked', 'empyreumatic']"
CCC(=O)N1C=CCC1,"['pyrazic', 'oleaginous', 'empyreumatic', 'fruity', 'dried fruit', 'fatty']"
CCCCC(OC(C)=O)C(=O)OC,"['fruit with pip', 'tropical fruit']"
CCCCCC=CCCCC(=O)O,"['vegetal', 'green vegetal', 'fresh']"
C=CCOC(=O)C(C)(C)C,"['vegetal', 'green vegetal', 'fresh']"
C=CC1=C(C=O)CCCC1,"['vegetal', 'green vegetal', 'fresh']"
CCCCCCCC(=S)OC,"['vegetable', 'vegetal', 'sulphur', 'empyreumatic', 'dairy', 'fermented', 'cruciferous']"
CC(=O)OCCCCCCCS,"['vegetal', 'lactone', 'stone fruit', 'dry vegetal', 'citrus']"
CCCCCCCCCC(=S)OC,"['vegetal', 'vegetable', 'cruciferous', 'sulphur']"
CCCCCCCCCCCCC(C)C=O,"['empyreumatic', 'cooked']"
CC(=CC=O)CCC1CC1(C)C,"['fruity', 'fresh', 'citrus']"
CC(C)=CCCC(C)CC1OCCO1,"['vegetal', 'green vegetal', 'fresh']"
CCCCCC(C=O)SC,"['vegetal', 'green vegetal', 'empyreumatic', 'fruity', 'citrus', 'fresh']"
CCCCSSSCCCC,"['vegetable', 'vegetal', 'sulphur', 'empyreumatic', 'alliaceous']"
CCCCCOC(C)OC,"['balsamic', 'barrel aged alcohol', 'chemical', 'vegetal', 'woody', 'solvent', 'alcoholic beverages', 'sweet', 'phenolic', 'green vegetal', 'medicinal', 'fresh']"
CCCCOC(C)OC,"['balsamic', 'barrel aged alcohol', 'chemical', 'vegetal', 'woody', 'solvent', 'alcoholic beverages', 'sweet', 'phenolic', 'green vegetal', 'medicinal', 'fresh']"
CCCOC(CC(C)C)OCCC,"['roasted', 'chemical', 'vegetal', 'solvent', 'empyreumatic', 'green vegetal', 'fresh']"
CSCc1cccs1,"['earthy', 'vegetable', 'vegetal', 'sulphur', 'musty', 'fermented', 'woody']"
CCOC(OC)c1ccccc1,"['vegetal', 'green vegetal', 'fresh', 'sweet']"
Cc1ccoc1CS,['empyreumatic']
CCNc1ccccc1C(=O)OC,"['fruity', 'fruit with pip', 'citrus']"
CCOC(=O)C(CC)COC(C)=O,['fruit with pip']
CCOC(=O)C(S)CC,"['vegetal', 'green vegetal', 'berry', 'black fruit', 'fruit with pip', 'fresh']"
CCC(=O)C(O)c1ccccc1,"['dairy', 'cooked', 'cooked sugar', 'empyreumatic']"
CCCCCC1OC(=O)C(C)=C1C,"['vegetal', 'dry vegetal', 'aromatic plant', 'green vegetal', 'fresh']"
CCOC(=O)CC(C)(OCC)OCC,['fruit with pip']
CCCC=CCC(C)=O,"['vegetal', 'green vegetal', 'fresh']"
CCCCOC(CC(C)C)OCCCC,"['vegetal', 'roasted', 'fresh', 'green vegetal', 'empyreumatic']"
CC(=O)C1=CNCCS1,"['pyrazic', 'oleaginous', 'empyreumatic', 'fruity', 'dried fruit', 'fatty']"
CCC(OC(C)=O)C(=O)OC,['fruit with pip']
CCCCCCC(=O)C(=O)CC,"['cooked', 'vegetal', 'sweet', 'empyreumatic', 'dry vegetal', 'green vegetal', 'cooked sugar', 'fresh']"
CCCCC(=O)CCO,"['malt', 'vegetal', 'empyreumatic', 'dairy', 'fermented', 'green vegetal', 'fresh']"
CCCCCC1OC1C=O,"['vegetal', 'green vegetal', 'citrus']"
CCCCC=CCC=O,"['vegetal', 'green vegetal']"
CCCCC=CCCCC=O,"['vegetal', 'peponide', 'citrus', 'green vegetal']"
CCC(C)CCCCCCCCC=O,"['fruity', 'citrus']"
CCC(C)C(=S)OC,"['dairy', 'vegetal', 'fermented']"
CCCCOC(=O)C(C)S,"['vegetal', 'cooked', 'empyreumatic']"
CCC(S)C(=O)OC,"['vegetal', 'green vegetal', 'berry', 'black fruit', 'fresh']"
CCOC(=O)C(C)(O)C(=O)CC,"['dairy', 'fatty']"
CCCC(=O)C(C)(O)C(=O)OCC,"['dairy', 'fatty']"
C=CC(=C)CCC=C(C)C=O,"['vegetal', 'green vegetal']"
CC(C)CC1N=CCS1,"['vegetal', 'green vegetal', 'fresh']"
CCCCCCOC(=O)CCC(C)=O,"['cooked', 'floral', 'chemical', 'sweet', 'fermented drink', 'empyreumatic', 'alcoholic beverages', 'fermented', 'cooked sugar']"
C=CCOC(=O)C(C)=O,"['balsamic', 'barrel aged alcohol', 'chemical', 'cooked', 'solvent', 'alcoholic beverages', 'empyreumatic', 'woody', 'cooked sugar', 'fresh']"
CCCCCCCCCCC(OC(C)=O)C(=O)OC,"['dairy', 'fruity', 'stone fruit']"
CC(=O)OCCCCS,"['vegetable', 'vegetal', 'sulphur', 'oleaginous', 'nutty', 'dairy', 'fermented', 'dried fruit', 'fatty']"
O=C(CCc1ccccc1)c1ccc[nH]1,"['balsamic', 'cooked', 'sweet', 'empyreumatic', 'woody', 'cooked sugar']"
CSCC(C=O)=Cc1ccccc1,"['vegetal', 'sulphur', 'cruciferous', 'green vegetal', 'fresh', 'alliaceous']"
CCCC(=O)Oc1c(CC)occc1=O,"['cooked', 'cooked sugar', 'sweet', 'empyreumatic']"
CC1(C)CSSSS1,"['vegetable', 'vegetal', 'sulphur', 'alliaceous']"
CCCC(=O)CSC,['vegetal']
Cc1cccc2c1C(C)C(=O)O2,"['balsamic', 'vegetal', 'lactone', 'oleaginous', 'dry vegetal', 'fruity', 'dried fruit', 'fatty', 'tropical fruit', 'fresh', 'woody']"
CCCOS(C)=S,"['vegetable', 'vegetal', 'sulphur', 'alliaceous']"
CC(=O)OC(O)c1ccccc1,"['vegetal', 'green vegetal', 'fresh']"
CC1(C)CCOCS1,"['cooked', 'empyreumatic']"
C=CCOC(=O)CCC(C)C,"['fruit with pip', 'tropical fruit']"
CCC(C)COC(=O)CC(O)C(=O)OCC(C)CC,"['chemical', 'floral', 'alcoholic beverages', 'fermented drink']"
CC(C)CCCCOC(=O)C(C)C,"['chemical', 'fermented', 'floral', 'fatty', 'alcoholic beverages', 'fermented drink']"
CCCC(=O)Oc1ccco1,"['red berry', 'cooked', 'sweet', 'empyreumatic', 'dairy', 'cooked sugar', 'fatty']"
CCC(C)C(=O)S,"['dairy', 'fermented']"
CCCCC1OC1C=O,"['fresh aldehydic', 'vegetal', 'aldehydic', 'fresh', 'fruity', 'green vegetal', 'citrus']"
CCC(OCC(C)C)OCC(C)C,"['vegetal', 'chemical', 'solvent', 'phenolic', 'green vegetal', 'medicinal', 'fresh']"
CCOC(CC)OCC(C)C,"['balsamic', 'barrel aged alcohol', 'chemical', 'vegetal', 'solvent', 'sweet', 'alcoholic beverages', 'green vegetal', 'woody', 'fresh']"
CCOC(CC)OC,"['balsamic', 'barrel aged alcohol', 'chemical', 'solvent', 'sweet', 'alcoholic beverages', 'woody', 'fresh']"
CCCCC(O)S,"['vegetal', 'fresh', 'fruity', 'green vegetal', 'citrus']"
C=CC=CCCCCCC,"['vegetal', 'green vegetal', 'fatty', 'fresh', 'sulphur']"
CCc1cnc(C(C)=O)cn1,"['fruity', 'pyrazic', 'dried fruit', 'fatty', 'oleaginous', 'empyreumatic']"
Cc1nc(CC(C)C)cs1,"['vegetal', 'fatty', 'oleaginous', 'green vegetal', 'dried fruit', 'fresh']"
CCCCSSS,"['earthy', 'vegetable', 'vegetal', 'root', 'sulphur', 'cruciferous', 'alliaceous']"
CSC(C)c1ccco1,"['vegetable', 'roasted', 'vegetal', 'sulphur', 'empyreumatic', 'alliaceous']"
CCOC(=S)C(C)CC,"['dairy', 'vegetal', 'fermented']"
CC(C)=C(C)C1CCCCO1,"['chemical', 'vegetal', 'mint', 'phenolic', 'green vegetal', 'medicinal']"
CC(C)=CCCC(C)=CC(C)(C)O,"['vegetal', 'peponide', 'phenolic', 'wood', 'fruity', 'woody', 'resinous', 'fresh']"
CCCCCOC(CCCCC)OCCCCC,"['balsamic', 'barrel aged alcohol', 'chemical', 'vegetal', 'fresh', 'alcoholic beverages', 'sweet', 'fruity', 'green vegetal', 'woody', 'fruit with pip', 'fatty']"
CC=CC=CC(=O)OCCCCCC,"['vegetal', 'green vegetal', 'fresh']"
CCCCCc1nccs1,"['malt', 'roasted', 'vegetal', 'fresh', 'oleaginous', 'empyreumatic', 'fruity', 'green vegetal', 'dried fruit']"
CCCC(=O)OCCCCC(C)C,"['chemical', 'fermented', 'floral', 'fatty', 'alcoholic beverages', 'fermented drink']"
CCCCCCOC(=O)C(S)CC,"['vegetal', 'citrus', 'fresh', 'green vegetal']"
CCCOS(=O)(=S)CCC,"['vegetal', 'vegetable', 'sulphur', 'alliaceous']"
CC(=O)Cc1ccc[nH]1,"['cooked', 'empyreumatic']"
CCC1(C)COC(=O)O1,"['dairy', 'chemical', 'fresh', 'solvent']"
CC(C)CCOC(=O)C(C)c1ccccc1,['woody']
CC(C)C=NCc1ccco1,"['malt', 'roasted', 'vegetal', 'cocoa', 'fatty', 'sweet', 'empyreumatic', 'green vegetal', 'fresh']"
CCCCc1sc(C)nc1C,"['vegetal', 'fatty', 'oleaginous', 'empyreumatic', 'fruity', 'green vegetal', 'dried fruit', 'fresh']"
CC1CC(C)c2nccnc21,"['fruity', 'dried fruit', 'fatty', 'oleaginous', 'empyreumatic']"
CC=CC=CC(=O)OCCC(C)C,"['floral', 'chemical', 'vegetal', 'alcoholic beverages', 'fermented drink', 'fermented', 'green vegetal', 'fresh']"
CSSCc1ccc(C)o1,"['vegetal', 'vegetable', 'sulphur', 'empyreumatic']"
CC(=O)CCc1nccs1,"['fruity', 'dried fruit', 'fatty', 'oleaginous', 'empyreumatic']"
CNc1ccccc1C(=O)OCCc1ccccc1,"['fruity', 'fruit with pip', 'citrus']"
CCCCCCCCCC=CC(=O)OCC,"['vegetal', 'peponide', 'fruity', 'green vegetal', 'fruit with pip', 'fresh']"
CCCCC(OCC(C)C)OCC(C)C,"['vegetal', 'chemical', 'solvent', 'phenolic', 'green vegetal', 'medicinal', 'fresh']"
CCOC(CC)OCCC(C)C,"['vegetal', 'chemical', 'solvent', 'phenolic', 'green vegetal', 'medicinal', 'fresh']"
CCCCCOC(CCC)OCC,"['balsamic', 'barrel aged alcohol', 'chemical', 'vegetal', 'woody', 'solvent', 'alcoholic beverages', 'sweet', 'phenolic', 'green vegetal', 'medicinal', 'fresh']"
CCCOC(OCC)C(C)C,"['roasted', 'chemical', 'vegetal', 'solvent', 'empyreumatic', 'phenolic', 'green vegetal', 'medicinal', 'fresh']"
CCc1cncc(C(C)=O)n1,"['pyrazic', 'oleaginous', 'empyreumatic', 'fruity', 'dried fruit', 'fatty']"
CCCCCCCC=C(C=O)CCCCCC,"['mineral', 'fruity', 'metal', 'citrus']"
CC=CC(=O)OCc1ccco1,"['fermented', 'woody', 'musty']"
CCOC(C)OCC(C)CC,"['balsamic', 'barrel aged alcohol', 'chemical', 'vegetal', 'woody', 'fatty', 'solvent', 'oleaginous', 'alcoholic beverages', 'sweet', 'phenolic', 'fruity', 'green vegetal', 'medicinal', 'dried fruit', 'fresh']"
CCC(C)COC(C)OCCC(C)C,"['balsamic', 'barrel aged alcohol', 'chemical', 'vegetal', 'woody', 'fatty', 'solvent', 'oleaginous', 'alcoholic beverages', 'sweet', 'phenolic', 'fruity', 'green vegetal', 'medicinal', 'dried fruit', 'fresh']"
CCCCOC(C)OCCC(C)C,"['balsamic', 'barrel aged alcohol', 'chemical', 'vegetal', 'woody', 'solvent', 'alcoholic beverages', 'sweet', 'phenolic', 'green vegetal', 'medicinal', 'fresh']"
CCOC(OCCC(C)C)C(C)C,"['roasted', 'chemical', 'vegetal', 'solvent', 'empyreumatic', 'phenolic', 'green vegetal', 'medicinal', 'fresh']"
CCCCCOC(C)OCCC(C)C,"['balsamic', 'barrel aged alcohol', 'chemical', 'vegetal', 'woody', 'solvent', 'alcoholic beverages', 'sweet', 'phenolic', 'green vegetal', 'medicinal', 'fresh']"
CCCOC(C)OCCC(C)C,"['balsamic', 'barrel aged alcohol', 'chemical', 'vegetal', 'solvent', 'sweet', 'alcoholic beverages', 'phenolic', 'green vegetal', 'woody', 'fresh', 'medicinal']"
C=C(C)C=CSC,"['vegetable', 'vegetal', 'sulphur', 'alliaceous']"
CCCC=CO,"['vegetal', 'green vegetal', 'fresh']"
CCCCCC=C(C)O,"['vegetal', 'green vegetal', 'fresh']"
CSCSC(=O)C(C)C,"['vegetal', 'empyreumatic', 'dairy', 'fermented', 'green vegetal', 'fresh']"
CCCCC=COC(=O)c1ccccc1,"['vegetal', 'green vegetal', 'fresh', 'sweet']"
CCCC=CC(=O)OC=CCCCC,"['vegetal', 'peponide', 'fresh', 'green vegetal', 'fruit with pip']"
O=C1C=CCCCCCCO1,"['balsamic', 'vegetal', 'lactone', 'sweet', 'oleaginous', 'dry vegetal', 'dried fruit', 'fatty', 'tropical fruit', 'fresh', 'woody']"
CCCC=CC=CC=CC=O,"['fruity', 'citrus', 'amine']"
O=C(CCO)c1cccs1,"['cooked', 'cooked sugar', 'sweet', 'empyreumatic']"
CCCCCC(=S)OC,"['vegetal', 'dairy', 'fermented', 'green vegetal', 'fresh']"
O=CC(=Cc1ccccc1)c1ccco1,['honeyed']
CCCCCCCCCCC(=O)OCCC(C)C,"['bush flower', 'floral', 'fatty', 'sweet']"
CCCCCCC=COC(=O)CC,"['vegetal', 'fruit with pip', 'tropical fruit', 'fresh', 'green vegetal']"
CCCCC=COC(=O)CCC,"['vegetal', 'green vegetal', 'fresh']"
CCC=CC(=O)OC(C)C,"['vegetal', 'chemical', 'green vegetal', 'fresh', 'solvent']"
CCC=C(C)OC=O,"['floral', 'vegetal', 'chemical', 'solvent', 'alcoholic beverages', 'fermented drink', 'fermented', 'green vegetal', 'fresh']"
CC1=CC(S)C(C(C)C)CC1,['citrus']
CCC1(CC)CSSS1,"['vegetal', 'vegetable', 'sulphur', 'alliaceous']"
CCCCC=COC(=O)C(C)C,"['vegetal', 'fruit with pip', 'tropical fruit', 'green vegetal']"
CCCCCCCCCC=CC(=O)OC,"['vegetal', 'peponide', 'green vegetal', 'fruit with pip', 'fresh']"
CCCCCCCC1OC1C=O,"['vegetal', 'aldehydic', 'fatty', 'fruity', 'green vegetal', 'citrus']"
CCCCCc1nc(C)cs1,['vegetal']
COc1ccccc1CC1CC1,['fresh']
CCC1SC(CC(C)C)N=C1C,"['malt', 'cocoa', 'vegetal', 'sweet', 'oleaginous', 'empyreumatic', 'fruity', 'dried fruit', 'fatty']"
CCc1nc(C)sc1CC,"['vegetal', 'fatty', 'oleaginous', 'empyreumatic', 'fruity', 'green vegetal', 'dried fruit', 'fresh']"
CC(C)CCOC(OCCC(C)C)C(C)C,"['roasted', 'chemical', 'vegetal', 'solvent', 'empyreumatic', 'phenolic', 'green vegetal', 'medicinal', 'fresh']"
CC(C)CCOC(CC(C)C)OCCC(C)C,"['roasted', 'chemical', 'vegetal', 'solvent', 'empyreumatic', 'phenolic', 'green vegetal', 'medicinal', 'fresh']"
CC(C)=CC(=O)C=C1COC1=O,"['vegetal', 'chemical', 'mint', 'dry vegetal', 'phenolic', 'fruity', 'green vegetal', 'medicinal', 'citrus', 'fresh']"
CCCCCCCCCC(=O)OCCC(C)CCC=C(C)C,['bush flower']
CCCCC=CC1OC(=O)CC1C,"['vegetal', 'fatty', 'oleaginous', 'dairy', 'fruity', 'green vegetal', 'dried fruit', 'fresh']"
CCCCCC(C)OC(=O)CC(C)C,"['floral', 'chemical', 'vegetal', 'fatty', 'alcoholic beverages', 'fermented drink', 'fermented', 'green vegetal', 'fresh']"
CCCCCCCOC(=O)CCC(C)C,"['chemical', 'fermented', 'floral', 'fatty', 'alcoholic beverages', 'fermented drink']"
CCCCCCCCCCOC(=O)CCC(C)C,['fatty']
CCOC(=O)C(C)CSC,"['vegetal', 'vegetable', 'green vegetal', 'sulphur', 'fresh']"
CCCCCCCCOC(=O)CCC(C)C,"['balsamic', 'barrel aged alcohol', 'chemical', 'vegetal', 'fresh', 'alcoholic beverages', 'sweet', 'green vegetal', 'woody', 'fatty']"
CCCCCCC(=O)CSC,"['cooked', 'vegetal', 'empyreumatic', 'dairy', 'fermented', 'fruity', 'citrus']"
CCCCCC(=O)CSCCC,"['bush flower', 'berry', 'fruity', 'black fruit', 'citrus']"
CCCCCCCC1(C(=O)O)CC1,"['vegetal', 'green vegetal', 'fresh', 'sweet']"
CCCCCCCCCCCCCC(=O)OCC=Cc1ccccc1,"['woody', 'sweet']"
COC(C=Cc1ccccc1)OC(C)=O,"['woody', 'sweet']"
CC(=O)OC1(C(C)C)CCCCC1,"['chemical', 'vegetal', 'mint', 'phenolic', 'green vegetal', 'medicinal', 'fresh']"
Cc1nc(C)c(CC(C)C)o1,"['vegetal', 'fresh', 'green vegetal', 'empyreumatic']"
COC(C)OC(C)OCc1ccccc1,"['vegetal', 'green vegetal', 'fresh']"
CCCCCC(OCC(C)C)OCC(C)C,"['balsamic', 'barrel aged alcohol', 'chemical', 'vegetal', 'fresh', 'alcoholic beverages', 'sweet', 'fruity', 'green vegetal', 'woody', 'fruit with pip', 'fatty']"
CCCC(CC=O)SC(C)=O,['citrus']
CCCCCCCCCCCC(=O)OC(C)CCC,"['floral', 'chemical', 'alcoholic beverages', 'fermented drink', 'dairy']"
CCCCC=CC=CO,"['earthy', 'garden flower', 'floral', 'vegetal', 'musty', 'fermented', 'green vegetal', 'woody', 'fresh']"
CCCCCCCC=CC=CO,"['earthy', 'garden flower', 'floral', 'vegetal', 'musty', 'fermented', 'green vegetal', 'woody', 'fresh']"
CCOC(C)c1cnccn1,"['vegetable', 'vegetal', 'oleaginous', 'empyreumatic', 'fruity', 'dried fruit', 'fatty']"
CCCCCCC=CCC(=O)OCC,"['vegetal', 'green vegetal', 'fruit with pip', 'fresh']"
CC(S)C(=O)OCC1CCCO1,['fruity']
CC1SC(C)N2CCCC2S1,['empyreumatic']
CC(C)CCCOC(=O)CC(C)C,"['vegetal', 'green vegetal', 'fresh']"
CCC1SC(C(C)CC)N=C1C,"['malt', 'cocoa', 'vegetal', 'sweet', 'oleaginous', 'empyreumatic', 'fruity', 'dried fruit', 'fatty']"
CCCCC=COC(=O)C=Cc1ccccc1,"['vegetal', 'green vegetal', 'woody', 'fresh', 'sweet']"
CCC=C(C)SC,"['dairy', 'cooked', 'empyreumatic']"
CC=Cc1ccc(OCCCC)c(OC)c1,"['chemical', 'phenolic', 'medicinal', 'woody']"
CCC1CCc2nccnc21,"['oleaginous', 'empyreumatic', 'fermented', 'fruity', 'dried fruit', 'fatty']"
C=C(C)C=COC(=O)c1ccccc1,"['dry vegetal', 'vegetal', 'woody']"
CC=CC(=S)OCC,"['fruit with pip', 'stone fruit']"
CCCCC=COC(=O)c1ccc(OC)cc1,"['vegetal', 'green vegetal', 'fresh']"
CCCCCCCC=CO,"['vegetal', 'fruity', 'green vegetal', 'peponide']"
CCCCCCC(S)C=O,"['vegetal', 'citrus', 'green vegetal']"
CCCCCCC(OC(C)=O)C(=O)OCC,"['floral', 'chemical', 'alcoholic beverages', 'fermented drink', 'fermented', 'fatty']"
CCCC(C)OC(=O)C(C)O,"['cooked', 'floral', 'chemical', 'sweet', 'fermented drink', 'empyreumatic', 'alcoholic beverages', 'fermented', 'cooked sugar', 'fatty']"
CCCCC(=S)OCC,"['dairy', 'fermented']"
CC(C)CCOC(CC(C)C)OCC(C)C,"['roasted', 'balsamic', 'barrel aged alcohol', 'chemical', 'vegetal', 'woody', 'solvent', 'alcoholic beverages', 'empyreumatic', 'sweet', 'phenolic', 'green vegetal', 'medicinal', 'fresh']"
CC(=O)c1cccnc1C(C)C,"['garden flower', 'fresh aldehydic', 'floral', 'vegetal', 'aldehydic', 'fatty', 'green vegetal', 'fresh']"
CCC=CCC(=O)OCCCC,"['vegetal', 'fruit with pip', 'fresh', 'green vegetal']"
C=C(C)C(=S)OCC,"['vegetable', 'vegetal', 'stone fruit', 'sulphur', 'fruit with pip', 'alliaceous']"
CS1=CNCC1,"['vegetal', 'vegetable', 'sulphur', 'alliaceous']"
C=C(C)C(=S)OCCCC,"['fruit with pip', 'stone fruit']"
CC1=CC(C=O)C(C(C)C)CC1,"['bush flower', 'vegetal', 'floral', 'fruity', 'green vegetal', 'citrus', 'fresh']"
CC=C(OCC)C(=O)OCC,"['garden flower', 'cooked', 'floral', 'sweet', 'empyreumatic', 'fruit with pip', 'cooked sugar']"
CCCC(O)SCC,"['fruity', 'cooked', 'dried fruit', 'fatty', 'oleaginous', 'empyreumatic']"
CCOC(=S)C(CC)C(C)=O,"['cooked', 'empyreumatic']"
CCCCCc1csc(C)n1,"['vegetal', 'cooked', 'green vegetal', 'fresh', 'empyreumatic']"
CCCCOC(C)OCC(C)CC,"['balsamic', 'barrel aged alcohol', 'chemical', 'vegetal', 'woody', 'solvent', 'alcoholic beverages', 'sweet', 'phenolic', 'green vegetal', 'medicinal', 'fresh']"
CCCCCC=COC(=O)CC(C)C,"['vegetal', 'fruit with pip', 'fresh', 'green vegetal']"
CCCC(CS)OC(C)=O,"['vegetable', 'vegetal', 'green vegetal', 'citrus', 'fresh']"
CC(=O)OCCCC(C)c1ccccc1,"['vegetal', 'green vegetal']"
CCCCC(=O)OCCC1CCCCC1,['fruit with pip']
CCCCCOC(C)OCCCC,"['balsamic', 'barrel aged alcohol', 'chemical', 'vegetal', 'woody', 'solvent', 'alcoholic beverages', 'sweet', 'phenolic', 'green vegetal', 'medicinal', 'fresh']"
CCCCCC(OCC)OCCC(C)C,"['balsamic', 'barrel aged alcohol', 'chemical', 'vegetal', 'alcoholic beverages', 'sweet', 'fruity', 'green vegetal', 'woody', 'fruit with pip', 'fresh']"
CCC(C)CC(=O)OCCC(C)C,"['vegetal', 'dry vegetal', 'fruit with pip', 'fatty']"
CC(C)CC(=O)OCCC1CCCCC1,['fruit with pip']
CCCCCCOC(CCCCC)OCC,"['balsamic', 'barrel aged alcohol', 'chemical', 'vegetal', 'fresh', 'alcoholic beverages', 'sweet', 'fruity', 'green vegetal', 'woody', 'fruit with pip', 'fatty']"
CCCCCCOC(C)OCc1ccccc1,"['vegetal', 'green vegetal', 'fresh']"
CCCCCCOC(CCCC)OCCCCCC,"['vegetal', 'chemical', 'solvent', 'phenolic', 'green vegetal', 'medicinal', 'fresh']"
CCCCOC(CC(C)CCCC(C)(C)O)OCCCC,"['vegetal', 'green vegetal', 'fresh']"
CCCCCCCCCC(=O)OCCCc1ccccc1,"['vegetal', 'green vegetal', 'fatty', 'fresh', 'tropical fruit']"
COc1cnc(C)c(C)n1,['fermented']
CC1(C)CSSC1=O,"['vegetal', 'vegetable', 'empyreumatic']"
CCCCCCCC(CC=O)SC,"['cooked', 'sulphur', 'empyreumatic']"
CCCCCC(=O)CCS,"['oleaginous', 'nutty', 'fruit with pip', 'dried fruit', 'fatty']"
CCC(C)(C=O)Sc1ccco1,"['empyreumatic', 'cooked']"
CCCCCCCC=CC(=O)OCC(C)C,"['vegetal', 'fresh', 'green vegetal', 'fruit with pip', 'tropical fruit']"
COC(=S)CCc1ccco1,"['empyreumatic', 'roasted']"
CC=Cc1ccc(O)c(OC)c1OC,"['smoked', 'empyreumatic']"
CCCCCC=CC=CC=CO,"['vegetal', 'chemical', 'green vegetal', 'amine', 'fresh']"
CC(=O)OC1=C(C(C)C)CCC(C)=C1,['red berry']
C=C(C)C=COC(=O)CCCCC,"['vegetal', 'green vegetal', 'fresh']"
CC(=O)OC(O)CC(C)CCC=C(C)C,"['vegetal', 'green vegetal', 'fresh']"
CC(=O)SC1CCOC1C,"['cooked', 'empyreumatic']"
c1ccc(CCCc2ccn[nH]2)cc1,['empyreumatic']
CCCC=CC(OCCCCCC)OCCCCCC,"['vegetal', 'green vegetal', 'fresh']"
CCCCCCOC(C)OCCCCC,"['balsamic', 'barrel aged alcohol', 'chemical', 'vegetal', 'woody', 'solvent', 'alcoholic beverages', 'sweet', 'phenolic', 'green vegetal', 'medicinal', 'fresh']"
CCCCCCOC(C)OCCCC,"['balsamic', 'barrel aged alcohol', 'chemical', 'vegetal', 'woody', 'solvent', 'alcoholic beverages', 'sweet', 'phenolic', 'green vegetal', 'medicinal', 'fresh']"
CCCCCCCOC(=O)C(C)(O)C(=O)CCC,"['dairy', 'fatty']"
CCCCCCOC(CC(C)C)OCCCCCC,"['roasted', 'chemical', 'vegetal', 'solvent', 'empyreumatic', 'phenolic', 'green vegetal', 'medicinal', 'fresh']"
CCCCCC(OCCCC)OCCC(C)C,"['balsamic', 'barrel aged alcohol', 'chemical', 'vegetal', 'fresh', 'alcoholic beverages', 'sweet', 'fruity', 'green vegetal', 'woody', 'fruit with pip', 'fatty']"
CCCCCCCCCCCC(OCCCCCC)OCCCCCC,"['vegetal', 'green vegetal', 'fresh']"
CC(=S)Oc1ccccc1C,"['cooked', 'empyreumatic']"
SCC1CC=CO1,"['cooked', 'empyreumatic']"
CCC(COC(C)=O)C(=O)OC,['empyreumatic']
CC(C)CCOC(OCC(C)C)C(C)C,"['roasted', 'chemical', 'vegetal', 'solvent', 'empyreumatic', 'phenolic', 'green vegetal', 'medicinal', 'fresh']"
CCOC(OCC(C)C)C(C)C,"['roasted', 'chemical', 'vegetal', 'solvent', 'empyreumatic', 'phenolic', 'green vegetal', 'medicinal', 'fresh']"
CCOC(CC(C)C)OCCC(C)C,"['roasted', 'balsamic', 'barrel aged alcohol', 'chemical', 'vegetal', 'woody', 'solvent', 'alcoholic beverages', 'empyreumatic', 'sweet', 'phenolic', 'green vegetal', 'medicinal', 'fresh']"
CCCCC1OCCOC1=O,"['cooked', 'floral', 'chemical', 'lactone', 'stone fruit', 'sweet', 'fermented drink', 'empyreumatic', 'alcoholic beverages', 'fermented', 'cooked sugar']"
C=C(C)C=COC(=O)CCC,"['vegetal', 'fruit with pip', 'fresh', 'green vegetal']"
CCCCC=COC(=O)CCCCCCCCC,"['vegetal', 'green vegetal', 'fresh']"
CCCCCC1OCCOC1=O,"['floral', 'chemical', 'cooked', 'stone fruit', 'alcoholic beverages', 'fermented drink', 'sweet', 'empyreumatic', 'dairy', 'fermented', 'cooked sugar', 'fatty']"
CCCc1nc(CC)c(CC)s1,"['vegetal', 'green vegetal', 'fresh']"
CCCC(C)C(=S)OC,"['vegetal', 'fruity']"
CC(OCc1ccco1)SCc1ccco1,"['empyreumatic', 'roasted']"
CCCCCCOC(CCCCC)OCCCC,"['balsamic', 'barrel aged alcohol', 'chemical', 'vegetal', 'fresh', 'alcoholic beverages', 'sweet', 'fruity', 'green vegetal', 'woody', 'fruit with pip', 'fatty']"
CCOC(=O)C1(c2ccccc2)OC1(C)CC,['empyreumatic']
CCCCOC(=S)C(C)C,"['earthy', 'vegetable', 'vegetal', 'root', 'sulphur', 'musty', 'fermented', 'cruciferous', 'woody']"
CCC1CSSSC1(CC)CC,"['vegetable', 'vegetal', 'sulphur', 'green vegetal', 'fresh']"
CC(S)SS,"['vegetal', 'vegetable', 'sulphur', 'empyreumatic']"
CCC(C)C(=S)OCC(C)C,"['dairy', 'fermented', 'red berry']"
CCCCCCCC=COC(=O)CCC,"['vegetal', 'green vegetal', 'peponide', 'fresh']"
SC(S)CCSCCC(S)S,"['vegetable', 'vegetal', 'sulphur', 'green vegetal', 'fresh']"
O=C(O)c1ccc(O)c(O)c1,"['woody', 'sweet']"
NCCCC(=O)O,"['cooked', 'empyreumatic']"
OC1COC(O)C(O)C1O,"['cooked', 'empyreumatic', 'phenolic', 'cooked sugar', 'smoked']"
CC(O)C(C)O,"['dairy', 'fatty']"
O=c1ccc2ccccc2o1,"['vegetal', 'dry vegetal']"
O=C(O)c1ccccc1O,"['fruity', 'dried fruit', 'fatty', 'oleaginous']"
CS(C)=O,"['earthy', 'vegetable', 'vegetal', 'musty', 'sulphur', 'dairy', 'fermented', 'woody']"
CO,"['chemical', 'solvent', 'phenolic', 'medicinal', 'fresh']"
NCCCCN,['amine']
CCOCC,"['fresh', 'solvent', 'chemical']"
CS(C)(=O)=O,['empyreumatic']
CC1CO1,"['chemical', 'fresh', 'solvent']"
C=C(C)C=O,"['vegetal', 'garden flower', 'green vegetal', 'fresh']"
CC(=O)OC1(C(C)C)C=CC(C)CC1,"['vegetal', 'bush flower', 'fresh', 'fruity', 'phenolic', 'wood', 'woody', 'resinous', 'lemony', 'citrus']"
CC(CC=O)c1ccc(C(C)(C)C)cc1,"['vegetal', 'garden flower', 'fresh', 'green vegetal']"
CC1=C(O)C(=O)CC1,"['cooked', 'cooked sugar', 'sweet', 'empyreumatic']"
CC(=O)c1c(C)c([N+](=O)[O-])c(C(C)(C)C)c([N+](=O)[O-])c1C,"['vegetal', 'aldehydic', 'animal', 'green vegetal']"
COc1ccccc1-c1ccccc1,['bush flower']
CC(=O)c1cccs1,"['oleaginous', 'fruity', 'dried fruit', 'fatty']"
CCc1cc2c(cc1C(C)=O)C(C)(C)CCC2(C)C,['animal']
CC(=O)OC(c1ccccc1)C(Cl)(Cl)Cl,"['bush flower', 'vegetal', 'aldehydic', 'sweet', 'green vegetal', 'woody', 'fatty']"
O=C1CCCCC1C1CCCCC1,"['garden flower', 'floral', 'chemical']"
OC(c1ccccc1)c1ccccc1,"['vegetal', 'bush flower', 'green vegetal', 'floral', 'fresh']"
Cc1ccccc1C,"['garden flower', 'floral']"
OCc1ccco1,"['roasted', 'cooked', 'chemical', 'solvent', 'empyreumatic', 'fermented', 'phenolic', 'medicinal', 'cooked sugar', 'fresh']"
O=C1CCC(C(=O)O)N1,"['chemical', 'fresh', 'solvent']"
CC1CCC(C(C)C)CC1,"['phenolic', 'wood', 'vegetal', 'woody', 'resinous', 'fresh']"
CC(=O)c1ccc(Cl)cc1,"['vegetal', 'dry vegetal']"
BrC=Cc1ccccc1,"['vegetal', 'garden flower', 'floral', 'green vegetal', 'fresh']"
CCCC(=O)OC(=O)CCC,"['dairy', 'fatty']"
C#CCO,['garden flower']
CC(O)CNCC(C)O,['amine']
CC(O)COCC(C)O,"['chemical', 'solvent', 'phenolic', 'medicinal', 'fresh']"
OCCNCCO,['amine']
COCCOCCO,['fermented']
CCCCCCCCCCCC(=O)OC,"['earthy', 'balsamic', 'vegetal', 'lactone', 'aldehydic', 'musty', 'oleaginous', 'sweet', 'dairy', 'dry vegetal', 'fruity', 'green vegetal', 'dried fruit', 'fresh', 'fatty', 'tropical fruit', 'coumarin', 'fermented', 'woody']"
CCOCCOCCO,"['fresh', 'solvent', 'chemical']"
COC,"['fresh', 'solvent', 'chemical']"
Nc1ccccc1C(=O)OCCc1ccccc1,"['garden flower', 'bush flower', 'fruity', 'honeyed', 'fruit with pip', 'citrus']"
CC1CCC(C(C)C)C(OC(=O)c2ccccc2N)C1,['fruit with pip']
CCCCCCCC1CCCC1=O,"['floral', 'bush flower', 'lactone', 'stone fruit', 'fatty']"
C1CCOCC1,"['chemical', 'fresh', 'solvent']"
CCCCCCC,"['chemical', 'fresh', 'solvent']"
C=C(C)C1CCC2(C)CCC=C(C)C2C1,"['woody', 'balsamic', 'sweet']"
CC1CCC2CC1C2(C)C,"['vegetal', 'sweet', 'phenolic', 'wood', 'woody', 'resinous']"
COc1ccc2ccc(=O)oc2c1CC=C(C)C,['fermented']
O=C1CCCCCCCCCCCCCC1,['floral']
C1CSCSC1,"['vegetal', 'vegetable', 'sulphur', 'empyreumatic']"
CC1=CCC2C(C)=CCC(C(C)C)C2C1,"['vegetal', 'green vegetal', 'fresh']"
COc1ccc2ccc(=O)oc2c1,['woody']
CCCCCOC(=O)CCC,"['red berry', 'cherry']"
CCCC(N)=O,"['fruity', 'dried fruit', 'fatty', 'oleaginous']"
CC1C(=O)CC2(C(C)C)CC12,"['wood', 'vegetal', 'resinous']"
CSC#N,"['vegetal', 'vegetable', 'sulphur', 'alliaceous']"
CC1CCCCC1O,"['balsamic', 'vegetal', 'lactone', 'fresh', 'oleaginous', 'sweet', 'dry vegetal', 'fruity', 'woody', 'dried fruit', 'tropical fruit', 'fatty', 'coumarin']"
CC(C)=C1CCC(C)(O)CC1,"['phenolic', 'wood', 'vegetal', 'woody', 'resinous', 'fresh']"
CC1CCCC(O)C1,"['balsamic', 'barrel aged alcohol', 'chemical', 'sweet', 'alcoholic beverages', 'fermented', 'woody', 'fresh']"
CC1CC=CCC1,"['fruity', 'citrus']"
CC1C=CCCC1,"['fruity', 'citrus']"
CC1=CCCCC1,"['fruity', 'fresh', 'citrus']"
OCCOCc1ccccc1,"['floral', 'bush flower']"
N#CCCCCCCC#N,"['fruity', 'citrus']"
CCCCCCCCCCCCCCCCCC=O,['fatty']
Cc1cc(C)oc(=O)c1,"['cooked', 'vegetal', 'empyreumatic', 'green vegetal', 'woody', 'cooked sugar', 'fresh']"
C=COCCCCCCCCCC,"['floral', 'bush flower']"
O=C1CCCCC1=O,"['cooked', 'oleaginous', 'empyreumatic', 'fruity', 'cooked sugar', 'dried fruit', 'fatty']"
CCCCOc1ccccc1,['fresh']
CC(C)CCCCCCC=O,"['bush flower', 'vegetal', 'green vegetal', 'fruity', 'citrus', 'fresh']"
COC(=O)c1ccoc1,"['floral', 'chemical', 'alcoholic beverages', 'fermented drink', 'fermented']"
CC=CC(C)O,"['vegetal', 'green vegetal', 'fresh']"
CC(=O)c1cc2ccccc2o1,"['balsamic', 'vegetal', 'tree flower', 'dry vegetal', 'honeyed', 'fruity', 'woody', 'fresh']"
CCCCCCC1OCC(CO)O1,"['vegetal', 'green vegetal', 'fresh']"
C=Cc1scnc1C,"['malt', 'roasted', 'vegetal', 'oleaginous', 'empyreumatic', 'fermented', 'fruity', 'dried fruit', 'fatty']"
CCCCOC(=O)c1ccccc1O,"['vegetal', 'green vegetal', 'fresh']"
Cc1cccc(C(C)(C)C)c1O,"['chemical', 'animal']"
CC1(O)CC2CCC1(C)C2(C)C,['fermented']
Cc1ccc(O)c(C(C)(C)C)c1,"['phenolic', 'chemical', 'animal']"
C=CC(C)CCC=C(C)C,"['fruity', 'bush flower', 'citrus']"
CCCCCCCCCCCC#N,"['mineral', 'fruity', 'metal', 'citrus']"
Cc1ccc2ccc(=O)oc2c1,"['balsamic', 'floral', 'vegetal', 'lactone', 'oleaginous', 'dry vegetal', 'fruity', 'dried fruit', 'fatty', 'tropical fruit', 'fresh', 'woody']"
CCOC(=O)COc1ccccc1,"['vegetal', 'bush flower', 'green vegetal', 'fresh']"
CCC(=O)OC1CC2(C)CCC1C2(C)C,"['floral', 'vegetal', 'bush flower', 'chemical', 'sweet', 'mint', 'phenolic', 'wood', 'green vegetal', 'resinous', 'fresh', 'medicinal']"
CC1=CCC2(C(C)C)CC12,"['vegetal', 'green vegetal', 'fresh']"
CC1CCCC(C)(C)C1,"['vegetal', 'green vegetal', 'fresh']"
O=C1CCCCCCCCCOCCCCCO1,"['balsamic', 'woody', 'fatty']"
CC(=O)c1occc1O,"['cooked', 'cooked sugar', 'sweet', 'empyreumatic']"
Cc1cccc(Oc2ccccc2)c1,"['garden flower', 'bush flower']"
C=C(C)C1CCC(C)(O)C1C,"['chemical', 'vegetal', 'fresh', 'mint', 'fruity', 'phenolic', 'green vegetal', 'medicinal', 'citrus']"
CCC=CC=CC=O,"['vegetal', 'chemical', 'woody', 'phenolic', 'green vegetal', 'medicinal', 'fresh']"
CC1=CCC(C(=O)O)CC1,"['vegetal', 'animal', 'phenolic', 'wood', 'woody', 'resinous']"
CCCCCC1CCCC1=O,"['balsamic', 'bush flower', 'vegetal', 'lactone', 'oleaginous', 'sweet', 'dry vegetal', 'fruity', 'green vegetal', 'dried fruit', 'fresh', 'fatty', 'tropical fruit', 'coumarin', 'woody']"
C1CSCS1,"['vegetal', 'vegetable', 'sulphur', 'alliaceous']"
C=CC(C)CCCC(C)C,"['vegetal', 'phenolic', 'wood', 'resinous', 'fresh']"
CC1SCCS1,"['vegetal', 'sulphur', 'empyreumatic', 'phenolic', 'smoked']"
O=C1CCCCCCCCCCOCCCCO1,['animal']
Cc1cnc2ccccc2n1,"['dried fruit', 'fatty', 'oleaginous', 'empyreumatic']"
C=CCOC(=O)c1ccccc1N,"['vegetal', 'fruity', 'green vegetal', 'fruit with pip', 'fresh']"
CC(=O)OCC(C)c1ccccc1,"['vegetal', 'garden flower', 'green vegetal', 'fresh']"
O=COC1CCC2CCCCC2C1,"['vegetal', 'wood', 'fatty']"
CCCCCCC#CC(OC)OC,"['vegetal', 'garden flower', 'floral', 'green vegetal']"
CCC(=O)c1cccs1,"['dairy', 'cooked', 'cooked sugar', 'sweet', 'empyreumatic']"
CC(C)c1ccc(C#N)cc1,"['vegetal', 'green vegetal', 'fresh']"
CC(C)=CCCC(C)C1(O)CC=C(C)CC1,"['fruity', 'citrus']"
C=C1CC2CCC1C2(C)C,"['chemical', 'vegetal', 'mint', 'phenolic', 'green vegetal', 'medicinal', 'fresh']"
CC(C)CCOCc1ccccc1,"['vegetal', 'bush flower', 'fresh', 'green vegetal']"
CCCCCCCCCCCCOC(=O)CCSCCC(=O)OCCCCCCCCCCCC,"['chemical', 'fresh', 'solvent']"
C=CC(=C)CCC=C(C)C,"['floral', 'vegetal', 'bush flower', 'sweet', 'aromatic plant', 'green vegetal']"
C1CCNC1,['amine']
CCCCCCCC#N,"['vegetal', 'green vegetal', 'fresh']"
Cc1cc(C(C)(C)C)c(O)c(C(C)(C)C)c1,"['chemical', 'vegetal', 'mint', 'green vegetal', 'medicinal', 'fresh']"
OCCCOCCCO,"['chemical', 'solvent', 'phenolic', 'medicinal', 'fresh']"
COC(=O)c1ccccc1C,"['sweet', 'tree flower', 'fruity', 'honeyed', 'fruit with pip']"
CC=CCCCCCC,"['fruity', 'citrus']"
CCC1OC(C)=C(O)C1=O,"['cooked', 'cooked sugar', 'empyreumatic']"
CC(C)Cc1cnccn1,"['vegetal', 'green vegetal', 'fresh']"
C=Cc1cncc(CC)n1,"['dairy', 'vegetal', 'vegetable', 'fatty']"
CC1CSCS1,"['vegetal', 'vegetable', 'sulphur']"
O=C1CCC(C2CCCCC2)CC1,"['garden flower', 'chemical']"
CCCC(=O)C(CC)Sc1ccoc1C,"['cooked', 'empyreumatic']"
CC(=O)C1CC2C(C=C1C)C2(C)C,"['floral', 'bush flower']"
CC(=O)c1cc2c(cc1C)C(C)(C)C(C)C2(C)C,"['balsamic', 'floral', 'woody', 'animal']"
CCOCCC(C)CCC=C(C)C,"['fruity', 'bush flower', 'citrus']"
C=CCOC(=O)CC(C)CC(C)(C)C,['tropical fruit']
CCCC=CCC=O,"['vegetal', 'dry vegetal']"
O=C(OCC(COC(=O)c1ccccc1)OC(=O)c1ccccc1)c1ccccc1,"['vegetal', 'green vegetal', 'woody', 'fresh', 'sweet']"
CC(=O)OCCC1CC=C(C)C1(C)C,"['garden flower', 'fruity', 'bush flower']"
CCCCCCOC(=O)CCc1ccccc1,"['vegetal', 'green vegetal', 'fresh']"
CC(C)CC(=O)O.N,"['dairy', 'fermented']"
CC(=O)c1cc(C(C)(C)C)cc2c1CCC2(C)C,"['balsamic', 'vegetal', 'sweet', 'wood', 'resinous']"
CCC(C)C(C)C=O,"['vegetal', 'chemical', 'green vegetal', 'fresh', 'solvent']"
CC1CCC(C(C)(C)S)C(=O)C1,"['red berry', 'vegetal', 'lactone', 'stone fruit', 'green vegetal', 'fresh']"
CCCC(CCOC(C)=O)SC,"['vegetal', 'fruity', 'fresh', 'green vegetal']"
Cc1cc(SC(=O)c2ccco2)c(C)o1,"['cooked', 'empyreumatic']"
Nc1ccccc1C(=O)Oc1ccc2ccccc2c1,"['chemical', 'alcoholic beverages', 'fermented drink', 'fermented', 'fruit with pip']"
CCC(C)(C)C1CCCCC1OC(C)=O,"['red berry', 'fruity']"
COC1(C)CCC23CC1C(C)(C)C2CCC3C,"['balsamic', 'vegetal', 'sweet', 'wood', 'green vegetal', 'resinous']"
Cc1c([N+](=O)[O-])c(C)c([N+](=O)[O-])c(C(C)(C)C)c1[N+](=O)[O-],"['vegetal', 'aldehydic', 'animal', 'green vegetal']"
CC(=O)OC(C)c1ccccc1,"['red berry', 'bush flower', 'vegetal', 'lactone', 'stone fruit', 'green vegetal', 'fruit with pip']"
Cc1coc2c1CC(C)CC2,"['roasted', 'oleaginous', 'empyreumatic', 'fermented', 'fruity', 'dried fruit', 'fatty']"
C#CC(C)(O)CCC=C(C)C,['animal']
CCNC(=O)C1CC(C)CCC1C(C)C,"['chemical', 'solvent', 'phenolic', 'medicinal', 'fresh']"
CCCCCCCCCCCCCC#N,"['floral', 'vegetal', 'sweet', 'tree flower', 'honeyed', 'fruity', 'green vegetal']"
COC(=O)c1ccccc1N=CC(C)Cc1ccc(C(C)(C)C)cc1,"['garden flower', 'vegetal', 'sweet', 'tree flower', 'honeyed', 'fruity', 'green vegetal', 'citrus']"
Cc1ccc(CCC=O)cc1,['garden flower']
COc1ccc(CC(C)C=O)cc1,"['vegetal', 'red berry', 'fruity', 'fresh', 'green vegetal']"
CCC(C)C(=O)SC,"['vegetal', 'vegetable', 'cruciferous', 'sulphur']"
CC1CCC2(O1)C(C)(C)CCCC2(C)O,"['vegetal', 'chemical', 'mint', 'phenolic', 'wood', 'green vegetal', 'resinous', 'fresh', 'medicinal']"
CC(=O)OCC(CO)OC(C)=O,"['chemical', 'solvent', 'phenolic', 'medicinal', 'fresh']"
CCCCC(=O)c1ccccc1,"['woody', 'sweet']"
N#CC(=C1CCCCC1)c1ccccc1,"['garden flower', 'fruity', 'citrus']"
C=CCOC(=O)c1ccccc1O,['tropical fruit']
CCCCCC#CC(=O)OCC,"['garden flower', 'floral', 'vegetal', 'fatty', 'green vegetal']"
CCCCCCCCCC(C)CO,"['woody', 'sweet']"
Cc1c([N+](=O)[O-])cc2c(c1[N+](=O)[O-])C(C)(C)CC2(C)C,"['animal', 'floral']"
CCC(=O)c1ccc(OC)cc1,"['fermented', 'fresh']"
O=C(Cc1ccccc1)OCCCc1ccccc1,"['garden flower', 'vegetal', 'bush flower', 'sweet', 'green vegetal', 'woody', 'fresh']"
CC(C)c1ccc2ncccc2c1,"['mineral', 'vegetal', 'metal', 'fresh', 'oleaginous', 'fruity', 'green vegetal', 'dried fruit', 'fatty']"
Cc1c(C)c([N+](=O)[O-])c(C(C)(C)C)c([N+](=O)[O-])c1C,"['animal', 'floral']"
c1ccc2c(c1)CCCN2,"['honeyed', 'sweet']"
O=C(c1ccccc1)c1ccc2ccccc2c1,"['tree flower', 'honeyed', 'fruity', 'sweet']"
O=C1CCC2=C(CCCC2)O1,"['balsamic', 'vegetal', 'lactone', 'sweet', 'oleaginous', 'dry vegetal', 'fruity', 'dried fruit', 'fatty', 'tropical fruit', 'fresh', 'woody']"
CC1(C)COC2(CCCCC2)OC1,"['vegetal', 'dry vegetal', 'phenolic']"
CC(=O)c1ccc2c(c1)CCCC2,"['animal', 'sweet', 'tree flower', 'fruity', 'honeyed', 'fruit with pip']"
COc1ccc(C#N)cc1,"['balsamic', 'vegetal', 'lactone', 'dry vegetal', 'woody', 'fresh']"
COC1(OC)CCCCCCCCCCC1,"['balsamic', 'vegetal', 'sweet', 'wood', 'resinous']"
CCCCCCCC(=O)N(CC)CC,"['vegetal', 'dry vegetal']"
COC1CCc2ccccc21,['fresh']
O=COCCCC1CCCCC1,"['mineral', 'chemical', 'vegetal', 'woody', 'metal', 'spicy', 'phenolic', 'green vegetal', 'medicinal', 'fresh']"
c1coc(Cc2ccco2)c1,['empyreumatic']
CCCCCCCc1ccccn1,"['vegetal', 'garden flower', 'green vegetal', 'fresh']"
C=C1C(=O)OC2C1CCC(=C)C1CCC(=C)C12,"['fruity', 'dried fruit', 'fatty', 'oleaginous']"
CC(C)c1ccnc2ccccc12,"['vegetal', 'mineral', 'green vegetal', 'metal', 'fresh']"
CC(C)Cc1ccnc2ccccc12,"['vegetal', 'phenolic', 'green vegetal', 'fresh']"
CC(C)c1cccc(CC=O)c1,"['vegetal', 'green vegetal', 'fresh']"
COC(=O)CC(O)(CC(=O)OC)C(=O)OC,"['chemical', 'fresh', 'solvent']"
CCCCCCC1OCCO1,"['vegetal', 'green vegetal']"
O=C1CCCCCCCCOCCCCCCO1,['fatty']
Cc1cccc(CCO)c1,"['garden flower', 'bush flower']"
N#CC=Cc1ccccc1,"['chemical', 'woody', 'phenolic', 'medicinal']"
CCCCCCCCCC#N,"['balsamic', 'barrel aged alcohol', 'chemical', 'alcoholic beverages', 'sweet', 'fermented', 'woody']"
CC(=O)c1c(C)cc(C(C)(C)C)cc1C,"['floral', 'bush flower', 'animal', 'sweet', 'tree flower', 'honeyed', 'fruity']"
CC(C)(C)C(=O)OCc1ccccc1,['garden flower']
CCCCCC(=O)SC,"['vegetable', 'chemical', 'vegetal', 'sulphur', 'solvent', 'dairy', 'fermented', 'cruciferous', 'green vegetal', 'fresh']"
O=C1CCCCCCCCCCCCCCC1,['floral']
CCOc1cc(C)ccc1O,"['balsamic', 'sweet']"
COC1CCCCCCCCCCC1,"['balsamic', 'vegetal', 'animal', 'sweet', 'dry vegetal', 'wood', 'resinous']"
Cl.NCCCC(N)C(=O)O,"['vegetal', 'green vegetal', 'fresh']"
CC(=O)OC(C)CCC=C(C)CCC=C(C)C,"['vegetal', 'fruity', 'citrus', 'green vegetal']"
O=C1CCCCCCCCCCCCCCCC1,['animal']
Cc1ccccc1Oc1ccccc1,"['garden flower', 'bush flower', 'floral']"
CCCCCCCC1OCCO1,"['vegetal', 'green vegetal', 'fruity', 'citrus']"
OC1COC(Cc2ccccc2)OC1,"['garden flower', 'vegetal', 'bush flower', 'sweet', 'dry vegetal', 'honeyed', 'green vegetal', 'fresh']"
C=CCCCCCC=C,"['fruity', 'citrus']"
CCC(=O)CC(C)(C)c1ccccc1,['bush flower']
CC(=O)CC(C)(C)C1CCCCC1,"['vegetal', 'green vegetal']"
C#CC1(OC(C)=O)CCCCC1,"['vegetal', 'dry vegetal']"
O=C(O)C1CC2C=CC1C2,"['vegetal', 'green vegetal', 'fresh']"
CCCCOCCc1ccccc1,"['earthy', 'mineral', 'vegetal', 'metal', 'musty', 'fermented', 'green vegetal', 'woody', 'fresh']"
CCCC(=O)c1cccs1,"['cooked', 'empyreumatic']"
CC(CO)C1CCCCC1,"['garden flower', 'vegetal', 'sweet', 'green vegetal', 'woody', 'fresh']"
CCCCCCCCCOC(=O)c1ccccc1,"['fruity', 'woody', 'citrus']"
CCCCCCC(=O)OCc1ccccc1,"['lactone', 'stone fruit']"
CCc1ccc(OC)c(OC)c1,['fermented']
COc1ccc(CS)cc1,"['woody', 'fresh', 'sweet', 'empyreumatic']"
CCCCOC(=O)C1CCCCC1,"['vegetal', 'green vegetal', 'fresh']"
CC(=O)OCCOc1ccc(C)cc1,"['bush flower', 'woody', 'sweet']"
CC(C)=CCCC(C)=CCOC(Cc1ccccc1)OCC=C(C)CCC=C(C)C,"['vegetal', 'fruity', 'bush flower', 'fresh', 'green vegetal']"
CCCCCCCOC(=O)c1ccccc1,"['mineral', 'vegetal', 'metal', 'sweet', 'green vegetal', 'woody', 'fresh']"
C=C(CCOC(C)=O)c1ccccc1,"['woody', 'fresh']"
O=C1CCC=C1O,"['cooked', 'cooked sugar', 'sweet', 'empyreumatic']"
CCCCCCCCC#CC(=O)OCC,"['vegetal', 'green vegetal', 'fresh']"
CC(C)(CO)Cc1ccccc1,['garden flower']
CC(C)C1CCC(CO)CC1,"['garden flower', 'fresh aldehydic', 'vegetal', 'aldehydic', 'fatty', 'green vegetal']"
C=CCOCCc1ccccc1,"['earthy', 'vegetal', 'musty', 'sweet', 'fermented', 'honeyed', 'green vegetal', 'woody', 'fresh']"
CC=Cc1cc(C(C)C)ccc1C,"['vegetal', 'green vegetal', 'fresh']"
Cc1ccc(OCCO)cc1,['bush flower']
CCCCc1nccnc1C,['fresh']
CC(=O)OC1CC2CC1C1CCCC21,"['vegetal', 'green vegetal', 'fresh']"
CC1=CCC(CC#N)C1(C)C,"['vegetal', 'dry vegetal', 'phenolic', 'wood', 'woody', 'resinous', 'fresh']"
CC1=CCC(C(C)CCO)CC1,"['fruity', 'bush flower', 'citrus']"
CC(CC=O)c1ccccc1,"['vegetal', 'garden flower', 'floral', 'green vegetal', 'fresh']"
CCCC1CC(C(=O)OCC)=C(C)O1,"['garden flower', 'bush flower', 'vegetal', 'floral', 'aromatic plant', 'green vegetal']"
C=C(C)C12CC(CC1CO)C(C)=C2C,['chemical']
C=C(C)c1cccc(C(C)CC=O)c1,"['vegetal', 'fruity', 'chemical', 'peponide', 'green vegetal']"
CC(C)c1cccc(C(C)CC=O)c1,"['vegetal', 'garden flower', 'green vegetal']"
CCC1(C)C(C)C(=O)C=C(C)C1C,"['cooked', 'cooked sugar', 'sweet', 'empyreumatic']"
CCCCCCC1CCOC1=O,"['balsamic', 'vegetal', 'lactone', 'aldehydic', 'oleaginous', 'dry vegetal', 'green vegetal', 'dried fruit', 'fresh', 'fatty', 'tropical fruit', 'coumarin', 'fresh aldehydic', 'woody']"
C=CC(C)(O)CCCC(C)C,"['chemical', 'vegetal', 'fresh', 'mint', 'fruity', 'phenolic', 'green vegetal', 'medicinal', 'citrus']"
CCC(C)(O)C=CC=C(C)C,"['garden flower', 'fruity', 'citrus']"
CCOC1CC2CCC1(C)C2(C)C,"['vegetal', 'chemical', 'mint', 'phenolic', 'wood', 'green vegetal', 'resinous', 'fresh', 'medicinal']"
CCCCCCOCC(OC)OC,"['vegetal', 'green vegetal']"
c1ccc2c(c1)CC1COCOC21,"['floral', 'bush flower']"
CC(C)OC(=O)c1ccccc1N,"['honeyed', 'sweet']"
CCCCCCCCCCOC(=O)c1ccccc1N,"['fruit with pip', 'fruity']"
CCCc1nc(C)cnc1C,"['oleaginous', 'fruity', 'dried fruit', 'fatty']"
Cc1ccccc1CCO,"['vegetal', 'bush flower', 'fresh', 'green vegetal']"
Cc1ccc(CC(C)(C)O)cc1,"['vegetal', 'garden flower', 'fresh', 'green vegetal']"
COc1ccc(OC)c(C(C)(C)C)c1,"['vegetal', 'green vegetal']"
CCCCCCCC(C=O)=Cc1ccccc1,"['vegetal', 'green vegetal', 'fresh']"
CC(C)=CCCC(C)CCOC(=O)C=C(C)C,"['garden flower', 'bush flower']"
CCC(C)(CCCC(C)C)OC(C)=O,"['fruity', 'lemony', 'citrus']"
CC(C)C1CCC(C)(O)CC1,"['vegetal', 'phenolic', 'wood', 'fruity', 'citrus', 'resinous', 'fresh']"
CC(=O)c1cc2c(cc1C)C(C)(C)C(C)CC2(C)C,"['balsamic', 'floral', 'woody', 'animal']"
CC12CCC3(CCCC(C)(C)C3C1)OC2=O,"['balsamic', 'woody', 'sweet']"
CC1=C(O)C(=O)CC1C,"['cooked', 'cooked sugar', 'sweet', 'empyreumatic']"
CC(C)=CCCC(C)CC=NO,"['fresh', 'fruity', 'citrus']"
CC(=O)C1=CC(C)(C)CCC1,['fatty']
COC(=O)c1cc(C)ccc1O,"['red berry', 'phenolic', 'cherry', 'animal']"
CCOC1CC(C)CC(C)(C)C1,"['vegetal', 'citrus', 'green vegetal']"
C=C(C=O)C(C)CC(C)(C)C,"['chemical', 'vegetal', 'mint', 'phenolic', 'green vegetal', 'medicinal', 'fresh']"
C=C(C=O)C(C)CCC=C(C)C,"['vegetal', 'fruity', 'lemony', 'citrus', 'green vegetal']"
CCC(CC(C)CC)=NO,"['vegetal', 'green vegetal', 'fresh']"
C=C(C)C(O)CCC(C)CCO,"['floral', 'bush flower']"
CCCCCCCCCCC=CC#N,"['vegetal', 'fruity', 'fatty', 'citrus', 'green vegetal']"
CCOCCC(C)CCCC(C)C,"['bush flower', 'vegetal', 'green vegetal', 'fruity', 'citrus']"
CC1OC(C)(O)C(C)OC1(C)O,['fatty']
CC1(C)C2CCC3(C2)C1C(=O)CCC3(C)C,"['dry vegetal', 'wood', 'vegetal', 'resinous']"
CC(C)=CCCC(C)=CCCC(C)CO,"['vegetal', 'fatty', 'green vegetal']"
CCCCC1C=C(C)CC(C)O1,"['vegetal', 'garden flower', 'fresh', 'green vegetal']"
CC(OC=O)C1CCCC(C)(C)C1,['fruit with pip']
CC(O)C1CCCC(C)(C)C1,"['chemical', 'vegetal', 'mint', 'phenolic', 'green vegetal', 'medicinal', 'fresh']"
CC(=O)OC(C)C1CCCC(C)(C)C1,"['garden flower', 'bush flower', 'animal']"
C=C1CCCC2(C)CCC(C(C)(C)O)CC12,"['vegetal', 'green vegetal', 'fresh']"
CC1COCc2cc3c(cc21)C(C)(C)C(C)C3(C)C,['animal']
CC(=O)c1cc2c(cc1C)C(C)(C)C(C)C2C(C)C,"['dairy', 'balsamic', 'woody', 'animal']"
C=C1CCC2C(C3C1CCC3(C)O)C2(C)C,"['honeyed', 'sweet']"
CC1C(C)(C)C2=C(C(=O)CCC2)C1(C)C,['animal']
C=CC(=C)CC(O)C=C(C)C,"['vegetal', 'sweet', 'phenolic', 'wood', 'woody', 'resinous', 'fresh']"
C=C1CCC(C(C)C)C2C=C(C)CCC12,['fatty']
CC(O)C(C)Cc1ccccc1,"['garden flower', 'vegetal', 'bush flower', 'green vegetal', 'fresh']"
C=CCCC(=O)C1=CCCC(C)(C)C1,"['garden flower', 'floral', 'vegetal', 'green vegetal', 'tropical fruit']"
CCC(O)Cc1ccccc1,['garden flower']
CC1(C)C(=O)C2CCC1C2,"['chemical', 'vegetal', 'mint', 'phenolic', 'green vegetal', 'medicinal', 'fresh']"
CSCCCCC#N,"['vegetal', 'vegetable', 'cruciferous', 'sulphur']"
CC(C)(C)c1cc(CCC(=O)OCCNC(=O)C(=O)NCCOC(=O)CCc2cc(C(C)(C)C)c(O)c(C(C)(C)C)c2)cc(C(C)(C)C)c1O,"['vegetal', 'green vegetal', 'fresh']"
CCCCc1ncsc1C,"['vegetal', 'green vegetal', 'fresh']"
CC12CCC3C(CCC4C(C)(C)CCCC43C)(CO1)O2,"['balsamic', 'floral', 'animal', 'sweet']"
CC12CCCC(OC=O)(C1)C1CC(C)(C)C1CC2,"['chemical', 'vegetal', 'mint', 'phenolic', 'green vegetal', 'medicinal', 'fresh']"
CCC=CCCCCCCC=O,"['vegetal', 'fruity', 'citrus', 'fatty', 'green vegetal']"
CC1(C)C(=CCO)C2CCC1C2,"['chemical', 'vegetal', 'mint', 'phenolic', 'green vegetal', 'medicinal', 'fresh']"
CCOCOC1CCCCCCCCCCC1,"['balsamic', 'vegetal', 'sweet', 'wood', 'resinous']"
CC(=CC=O)CCC=C(C)CC(C)C,"['vegetal', 'fatty', 'green vegetal']"
OC(Cc1ccccc1)c1ccccc1,['garden flower']
CC(O)Cc1ccccc1,['bush flower']
CCCCC1OC(C)CC(C)(C)O1,"['vegetal', 'garden flower', 'floral', 'green vegetal', 'fresh']"
C=CC(C)=CCC1OC1(C)C,"['mineral', 'fruit with pip', 'fruity', 'bush flower', 'floral', 'metal']"
O=C(Cc1ccccc1)OCc1ccco1,"['honeyed', 'sweet']"
CC(=O)OCC(OC(C)=O)c1ccccc1,"['garden flower', 'vegetal', 'sweet', 'honeyed', 'green vegetal', 'woody']"
Cc1ccc(CCO)cc1,"['bush flower', 'vegetal', 'sweet', 'green vegetal', 'woody', 'fresh']"
CCCCCCC1OCCC(C)O1,"['garden flower', 'bush flower']"
CCOC(C)Oc1ccccc1,"['vegetal', 'floral', 'green vegetal', 'bush flower']"
CC(C=O)C1CCCCC1,"['vegetal', 'green vegetal']"
CC(C)c1ccc(C=CC=O)cc1,"['balsamic', 'woody', 'sweet']"
CC(C)=CCCC1=CCC(C)(C=O)CC1,"['vegetal', 'chemical', 'fatty', 'green vegetal']"
CC1CC(C)(C)OC(c2ccccc2)O1,"['vegetal', 'bush flower', 'green vegetal', 'floral', 'fresh']"
CC(C)C1OCOCC1(C)C,"['chemical', 'vegetal', 'mint', 'phenolic', 'green vegetal', 'medicinal']"
CCCCC(C#N)c1ccccc1,"['vegetal', 'green vegetal', 'woody', 'fresh', 'sweet']"
CC1=CC(C)CC(C=O)C1,"['vegetal', 'green vegetal', 'fatty', 'fresh']"
CC1(C)C2CCC1(C)C(OC(=O)c1ccccc1O)C2,"['vegetal', 'green vegetal', 'sweet']"
OCC1CC2C3CCC(C3)C2C1,"['chemical', 'vegetal', 'mint', 'phenolic', 'green vegetal', 'medicinal', 'fresh']"
CCC(C)CCCO,"['vegetal', 'animal', 'oleaginous', 'fruity', 'green vegetal', 'dried fruit', 'fresh']"
CCOC(=O)CC(O)c1ccccc1,"['vegetal', 'dry vegetal', 'red berry', 'phenolic']"
CC(O)CC(C)(C)c1ccccc1,"['vegetal', 'garden flower', 'fresh', 'green vegetal']"
CSCc1cnccn1,"['pyrazic', 'vegetal', 'sweet', 'empyreumatic', 'oleaginous', 'fruity', 'cooked sugar', 'dried fruit', 'fatty', 'cooked', 'fermented']"
CC(=O)OCC1CCC(C)(C)C23CC4CC2C13C4(C)C,"['balsamic', 'vegetal', 'sweet', 'wood', 'green vegetal']"
CC1(C)CCC(CO)C23C4CC(CC412)C3(C)C,"['balsamic', 'sweet']"
CC1(C)CCC(COC=O)C23C4CC(CC412)C3(C)C,"['balsamic', 'vegetal', 'sweet', 'wood', 'green vegetal', 'resinous']"
CCCCCC1CC(=O)C=C(C)C1C(=O)OCC,"['bush flower', 'fresh']"
CCCCCCCOC(=O)Cc1ccccc1,"['fresh aldehydic', 'vegetal', 'aldehydic', 'fatty', 'fruity', 'honeyed', 'green vegetal', 'citrus', 'fresh']"
C=CCCC(=O)c1ccccc1,"['floral', 'bush flower', 'woody', 'sweet']"
COC(=O)c1ccccc1N=CC(C)Cc1ccc(C(C)C)cc1,"['garden flower', 'sweet', 'tree flower', 'honeyed', 'fruity']"
CC1(C)C2CCC(C2)C1(C)O,"['chemical', 'vegetal', 'mint', 'fermented', 'phenolic', 'green vegetal', 'medicinal', 'fresh']"
CC(=O)OCC1=CCC23CC1C(C)(C)C2CCC3C,"['wood', 'vegetal', 'resinous', 'green vegetal']"
CC1CCC2OC2(C)CCC2C1CC2(C)C,"['dry vegetal', 'balsamic', 'vegetal', 'sweet']"
CC1COCc2cc3c(cc21)C(C)(C)CCC3(C)C,['animal']
C=CCOC1CC2CC1C1C=CCC21,['fresh']
CCCCCCCC1CCCO1,"['vegetal', 'bush flower', 'fresh', 'green vegetal']"
CC(C)=CCC1CCCC1=O,['bush flower']
CCCCCCCCC(CC)C(=O)O,"['vegetal', 'aldehydic', 'fatty', 'fruity', 'green vegetal', 'citrus']"
CC1C2CC(CC2C2CCCC(O)C2)C1(C)C,"['vegetal', 'wood']"
CC1=CCC(CCC(C)C(C)O)C1(C)C,"['vegetal', 'dairy', 'wood', 'resinous']"
CC1=CCCC2(C)C(OC=O)C(C)CCC12C,"['balsamic', 'floral', 'sweet']"
CCC(C)c1ccc2ncccc2c1,"['phenolic', 'vegetal', 'green vegetal']"
CCCCCC1(C)CCC(C)(C)C1=O,"['floral', 'bush flower', 'stone fruit']"
CC(=CC1=C(C)CCCC1(C)C)C(C)O,"['vegetal', 'green vegetal']"
CC(=O)OC(C)C=CC1C(C)=CCCC1(C)C,"['garden flower', 'fruity']"
CC(C)=CCCC1=CCCC(C)(C=O)C1,"['garden flower', 'floral', 'vegetal', 'chemical', 'green vegetal', 'fruity', 'citrus', 'fatty']"
CC(C)=CCCC1=CCCC(C=O)C1,"['vegetal', 'chemical', 'fatty', 'citrus', 'green vegetal']"
COc1cc(C2OC(C)CC(C)(C)O2)ccc1O,"['balsamic', 'empyreumatic', 'dairy', 'phenolic', 'woody', 'smoked']"
CCOc1cc(C2OC(C)CC(C)(C)O2)ccc1O,"['dairy', 'balsamic', 'woody']"
COC(=O)C1CC2CC1C(C)(C)C2,"['vegetal', 'sweet', 'phenolic', 'wood', 'green vegetal', 'resinous', 'fresh']"
COC1CC2CC1C1C=CCC21,"['vegetal', 'green vegetal', 'peponide', 'fresh']"
CC(CC#N)CCc1ccccc1,"['garden flower', 'mineral', 'fruity', 'metal', 'citrus']"
CC(C)CCCCC=O,"['vegetal', 'fruity', 'citrus', 'green vegetal']"
CC(=CC#N)CCc1ccccc1,"['bush flower', 'vegetal', 'aldehydic', 'chemical', 'sweet', 'green vegetal', 'medicinal', 'fresh', 'fatty', 'fresh aldehydic', 'spicy', 'phenolic', 'woody', 'citrus']"
CC(C)CCC1(C)OCC=CCO1,"['balsamic', 'bush flower', 'floral', 'woody']"
COc1ccc(COC(C)=O)cc1OC,"['fruity', 'bush flower']"
CC(=O)c1nc(C)cnc1C,"['pyrazic', 'cooked', 'sweet', 'empyreumatic', 'nutty', 'oleaginous', 'fruity', 'cooked sugar', 'dried fruit', 'fatty']"
COC(=O)c1ccccc1N=CCc1ccccc1,"['vegetal', 'garden flower', 'green vegetal', 'fresh']"
CCCCCCCC=Nc1ccccc1C(=O)OC,"['fruity', 'fruit with pip']"
CCOC(=O)OC1CCCCC1C(C)(C)C,"['vegetal', 'green vegetal', 'fresh']"
CCOc1cnc(C)cn1,"['fruity', 'dried fruit', 'fatty', 'oleaginous', 'empyreumatic']"
Cc1ccc(OCC=O)cc1,"['vegetal', 'chemical', 'dry vegetal', 'fruity', 'peponide']"
CCCCCCCCCC=Nc1ccccc1C(=O)OC,"['tree flower', 'honeyed', 'fruity']"
CC(C)=CCCC(C)CC(OCCCCCCCCCCC(C)C)OCCCCCCCCCCC(C)C,['bush flower']
CC(C)OCCc1ccccc1,"['mineral', 'bush flower', 'vegetal', 'floral', 'metal', 'green vegetal', 'fresh']"
CCCCCCCCC=CCC=O,"['fruity', 'citrus']"
CC(O)C1C2CCC(C2)C1(C)C,"['vegetal', 'green vegetal']"
CC1C2CC(CC2C2CCC(O)CC2)C1(C)C,"['vegetal', 'wood']"
CC1(C)C2CCC1(C)C(C1CCC(O)CC1)C2,"['vegetal', 'wood']"
CC(C)CCCC1=CCC(C)(C=O)CC1,"['mineral', 'vegetal', 'metal', 'fruity', 'green vegetal', 'citrus', 'fatty']"
CC1=CC(C)CC(C#N)C1,"['balsamic', 'vegetal', 'lactone', 'sweet', 'dry vegetal', 'woody', 'fresh']"
CCOC(OCC)C1CC2CC1C1C=CCC21,"['garden flower', 'floral', 'fresh']"
CC1=CC(C)C(C)C(C=O)C1,"['vegetal', 'green vegetal']"
CC1CCC(O)C(C(C)(C)C)C1,"['vegetal', 'green vegetal']"
COC(=O)c1ccccc1N=CC1CC=C(CCCC(C)(C)O)CC1,"['garden flower', 'tree flower', 'honeyed', 'fruity']"
CC1=CC(C)C(CO)CC1,"['vegetal', 'green vegetal']"
CC(C)C(=O)OC1CC2CC1C1C=CCC21,"['malt', 'roasted', 'cocoa', 'sweet', 'empyreumatic', 'woody', 'fresh']"
CC(=O)OCC1CCC(C)CC1C,"['fruity', 'citrus']"
CC(=O)OCC1CC(C)=CC(C)C1,"['vegetal', 'fresh', 'fruity', 'green vegetal', 'citrus']"
CCCCC1(CC)CCC(=O)OC1,"['balsamic', 'vegetal', 'lactone', 'fresh', 'oleaginous', 'sweet', 'dry vegetal', 'fruity', 'woody', 'dried fruit', 'tropical fruit', 'coumarin']"
CCCCCCC(CO)C(C)=O,"['vegetal', 'green vegetal']"
CC(=O)C1(C)CC(=O)C(C)(SCc2ccco2)O1,"['empyreumatic', 'roasted']"
CC1=CC2CC(C=O)C1CC2C(C)C,"['fresh aldehydic', 'vegetal', 'aldehydic', 'fatty', 'green vegetal']"
COC(=O)c1ccccc1N=CCC(C)CCC=C(C)C,"['fresh aldehydic', 'vegetal', 'aldehydic', 'fatty', 'fruity', 'green vegetal', 'citrus']"
CC(C)CCCC(C)CCOC(=O)Cc1ccccc1,['bush flower']
CC(C)C(=O)OC1CCC2CCCCC2C1,"['bush flower', 'floral', 'lactone', 'stone fruit']"
CC12CCCC3(CC1)C1(C)OC1CCC23C,['animal']
CC(C)CCCCCCCCCCOC(CC(C)CCCC(C)(C)O)OCCCCCCCCCCC(C)C,"['dairy', 'garden flower', 'floral']"
CC1(C)CCC2OC23C(C)(C)C2CCC13C2,"['fruity', 'citrus']"
COC(C)OCCC(C)CCC=C(C)C,"['fruity', 'fresh', 'citrus']"
CC(C)C(=O)OC1CC2CC1C1CC=CC21,"['vegetal', 'bush flower', 'fresh', 'fatty', 'green vegetal']"
CC(C)(C)C(=O)OC1CC2CC1C1CC=CC21,"['vegetal', 'lactone', 'stone fruit', 'green vegetal', 'fresh']"
CC(=O)OC(C)CC(C)(C)c1ccccc1,"['vegetal', 'fatty', 'sweet', 'fruity', 'green vegetal', 'citrus']"
CC(C)=CCCC1=CCCC(C#N)C1,"['chemical', 'fruity', 'citrus']"
CC1(C)CCCC2(C)C1CCC1(C)OCCC12,"['balsamic', 'vegetal', 'animal', 'dry vegetal', 'phenolic', 'wood', 'green vegetal', 'resinous', 'fresh']"
CCCCC(CC)C1OCCO1,"['earthy', 'vegetable', 'mineral', 'vegetal', 'root', 'metal', 'sulphur', 'cruciferous', 'green vegetal', 'fresh']"
CC(O)CCC1C(C)CCCC1(C)C,"['garden flower', 'phenolic', 'animal']"
CC(=O)c1ccc2c(c1)C(C)(C)C(C)C2(C)C,['animal']
CCCCCCOC(C)OC,"['vegetal', 'green vegetal', 'fresh']"
CC(=O)C1(C)CC2=C(CCCC2(C)C)CC1C,"['balsamic', 'vegetal', 'sweet', 'wood', 'resinous']"
CC(CCO)CCc1ccccc1,"['garden flower', 'bush flower', 'vegetal', 'sweet', 'honeyed', 'fruity', 'green vegetal']"
CC(CC=O)CCc1ccccc1,"['garden flower', 'floral', 'vegetal', 'fatty', 'green vegetal']"
CC(C)=CC1OCCC(C)O1,"['vegetal', 'green vegetal', 'fresh']"
CC(C)CC(=O)OC1C2(C)CCC(C2)C1(C)C,"['phenolic', 'wood', 'vegetal', 'woody', 'resinous', 'fresh']"
CCC(O)CCC1C(C)CCCC1(C)C,"['balsamic', 'vegetal', 'sweet', 'wood', 'resinous']"
CC(O)C(C)CC1C(C)CCCC1(C)C,"['garden flower', 'balsamic', 'vegetal', 'sweet', 'wood', 'resinous']"
CC(=O)OC(C)C(C)CC1C(C)CCCC1(C)C,"['floral', 'vegetal', 'green vegetal']"
CC1=CCOC(c2ccccc2)C1,"['garden flower', 'mineral', 'bush flower', 'vegetal', 'metal', 'green vegetal', 'fresh']"
CC1=C(C)C2(C)CCC1(C)C(C)(C)C2(C)O,"['chemical', 'vegetal', 'mint', 'phenolic', 'green vegetal', 'medicinal', 'fresh']"
CCC(C)CCC(C)(CC)OC(C)=O,['honeyed']
CCOC(=O)C(=O)OCCC(C)CCC=C(C)C,"['garden flower', 'bush flower', 'vegetal', 'green vegetal', 'fatty']"
CC(=O)OC1=CCC2C3CCC(C3)C12,"['vegetal', 'phenolic', 'wood', 'green vegetal', 'resinous', 'fresh']"
C=C(CC=O)CCC=C(C)C,"['fresh aldehydic', 'vegetal', 'bush flower', 'fresh', 'fruity', 'green vegetal', 'citrus', 'fatty']"
CC(=O)OCCCC1CCCCC1,"['chemical', 'fresh', 'solvent']"
COC(=O)OC1CCCCCCC1,"['floral', 'bush flower', 'fatty']"
CC(C)(C)c1cccc2ncccc12,"['phenolic', 'vegetal', 'green vegetal']"
COC(CC(C)CCCC(C)C)OC,"['bush flower', 'chemical', 'floral', 'solvent', 'fresh']"
CC1C=COC2(CCCCC2)C1,"['chemical', 'vegetal', 'mint', 'phenolic', 'fruity', 'green vegetal', 'medicinal', 'fresh']"
CCOC(=O)c1ccccc1NCC1CCC(C)=CC1C,"['vegetal', 'green vegetal']"
CC1=C2CC(C=O)C(C1)C(C(C)C)C2,"['vegetal', 'mineral', 'green vegetal', 'metal', 'fresh']"
CC(=O)C1CC2=C(C)CC1C(C(C)C)C2,['sweet']
CC1=CC2C(C#N)CC1CC2C(C)C,"['vegetal', 'chemical', 'green vegetal', 'fresh']"
CC(C=O)C(C)CC(C)(C)C,"['vegetal', 'fruity', 'fatty', 'citrus', 'green vegetal']"
CCC(C)CCCC(C)(C)OC(C)=O,"['fruity', 'bush flower', 'floral', 'citrus']"
C1CC2C3CC(C2C1)C1(CCCO1)C3,"['vegetal', 'fruity', 'citrus', 'green vegetal']"
CC(=O)C1CC(C)=CC(C)C1C,"['vegetal', 'green vegetal', 'fresh']"
CC1=CC(C)C(CO)C(C)C1,"['vegetal', 'green vegetal', 'fresh']"
CC(C)CCOC(Cc1ccccc1)OCCC(C)C,"['vegetal', 'green vegetal', 'fresh']"
C=CCOC(=O)CCCC(C)(C)CC,"['bush flower', 'floral', 'animal']"
CC(C)Cc1ccc2ncccc2c1,"['vegetal', 'fresh', 'animal', 'oleaginous', 'phenolic', 'fruity', 'green vegetal', 'dried fruit', 'fatty']"
C=CCCCCCCCCOC(=O)CC,"['balsamic', 'bush flower', 'woody', 'sweet']"
CCCCCC#CC(=O)OCCC(C)C,"['vegetal', 'garden flower', 'floral', 'green vegetal', 'fresh']"
CC(=O)OC1CC2CC1C1CC=CC21,"['vegetal', 'aldehydic', 'fatty', 'phenolic', 'wood', 'green vegetal', 'resinous', 'fresh']"
CC(C)Cc1ccc(CC(C)C=O)cc1,"['garden flower', 'vegetal', 'fatty', 'sweet', 'fruity', 'green vegetal', 'woody', 'fresh']"
CC1=CCC(C(C)CC=O)CC1,"['vegetal', 'fresh', 'fatty', 'fruity', 'green vegetal', 'citrus']"
CC(C)CC1OC(=O)C2=CCCCC21,"['aromatic plant', 'green vegetal', 'vegetal']"
CC1(C)C2CCC1(C)C(OCCO)C2,"['vegetal', 'sweet', 'phenolic', 'wood', 'resinous', 'fresh']"
C=C(C)C1=C(C)C2(C)CC1CC2C(=O)OC,"['fruity', 'citrus']"
CC(CC#N)CCCC(C)(C)O,['garden flower']
C=C1C2CCC(C)(OCC)C1CCC2(C)C,"['garden flower', 'balsamic', 'floral', 'vegetal', 'sweet', 'dry vegetal']"
COC(=O)c1ccccc1N=CC1CCC(C)=CC1C,"['vegetal', 'fatty', 'green vegetal']"
CCC1=C(C)C(=O)CC(C)C1CC,"['garden flower', 'floral']"
CC1(C)C2CCC(C3CCC(O)CC3)C1(C)C2,"['vegetal', 'wood', 'sweet']"
CC1C(=O)CC23CC1C(C)(C)C2CCC3C,"['wood', 'vegetal', 'resinous']"
CC1CC(CC2C3CCC(C3)C2(C)C)CCC1=O,"['balsamic', 'woody', 'sweet']"
CC1=CC2CC(C3OCCO3)C1CC2C(C)C,"['vegetal', 'bush flower', 'green vegetal', 'fresh']"
CC1CCC2OC23CCC2C(C2(C)C)C13C,"['balsamic', 'sweet']"
CC(C)=CCCC(C)CCOC(=O)c1ccccc1,['bush flower']
C=C(C)CCCC(C)CCOC(=O)c1ccccc1,['bush flower']
CC1=CC(OC=O)CC(C)C2CC(=C(C)C)CC12,"['vegetal', 'wood']"
CCC(=O)OC1C=C(C)C2CC(=C(C)C)CC2C(C)C1,"['wood', 'vegetal', 'resinous']"
CC1(C)C2CCC1C(C1CCCCC1O)C2,"['vegetal', 'dairy', 'wood', 'fatty']"
COC1=C(C)CC(C)C1=O,"['cooked', 'cooked sugar', 'sweet', 'empyreumatic']"
CC1=CC(C)C(C(=O)C(C)(C)C)CC1,"['fruity', 'citrus']"
CC1(C)CCCC2=C1CC(C=O)CC2,"['garden flower', 'chemical', 'woody', 'sweet']"
CC(C)(c1ccccc1)c1cc(-n2nc3ccccc3n2)c(O)c(C(C)(C)c2ccccc2)c1,"['red berry', 'floral', 'bush flower']"
CCC(C)=CCCC(C)=CC#N,"['mineral', 'metal', 'fresh', 'fruity', 'citrus']"
CC(C)C1OC(C)(C)OCC1(C)C,"['vegetal', 'green vegetal', 'fresh']"
C=CCCCCCCCCCOCCC#N,['tropical fruit']
CCOC(=O)CCCCCOC(C)=O,"['red berry', 'bush flower']"
CC(C)C1CCC(C(C)O)CC1,"['garden flower', 'bush flower']"
C=C(C)C1CCC(C)CC1OC=O,"['vegetal', 'green vegetal', 'fresh']"
CCCCCC1C(=O)CCC1C,"['balsamic', 'floral', 'bush flower', 'vegetal', 'lactone', 'fresh', 'fatty', 'oleaginous', 'dry vegetal', 'woody', 'dried fruit', 'tropical fruit', 'coumarin']"
CC(C)CC1CC(C)CCO1,"['garden flower', 'mineral', 'bush flower', 'vegetal', 'metal', 'green vegetal', 'fresh']"
CCC1CCC(=O)C1=O,"['cooked', 'cooked sugar', 'empyreumatic']"
C=C1CCCC(C)(C)C1CCC(C)=O,"['garden flower', 'balsamic', 'vegetal', 'sweet', 'dry vegetal']"
C=CCC(C=CCCCCC)OC(C)=O,"['vegetal', 'green vegetal', 'fresh']"
CCC1OCC2(CC=CCC2)CO1,['bush flower']
CCCC(O)CCC1C(C)CCCC1(C)C,"['balsamic', 'floral', 'vegetal', 'sweet', 'wood']"
C=CC(C)CCC=C(C)CCC=O,"['vegetal', 'garden flower', 'fatty', 'green vegetal']"
CC1=CCC(C)C(C)C12C=CC(C)O2,['black fruit']
CCC(=CCC(C)CCO)CC,"['vegetal', 'garden flower', 'fatty', 'green vegetal']"
CC1(C)C2CCC1(C)C(OC(=O)c1ccccc1)C2,"['vegetal', 'sweet', 'phenolic', 'wood', 'woody', 'resinous', 'fresh']"
CCCCCC1=CC(=O)CCC1,"['garden flower', 'balsamic', 'bush flower', 'vegetal', 'oleaginous', 'sweet', 'dry vegetal', 'fruity', 'dried fruit', 'fresh', 'fatty', 'tropical fruit', 'coumarin', 'woody', 'citrus']"
Cc1cccc(CCCCCO)c1,"['garden flower', 'bush flower']"
CC1(C)C2CC=C(CCC=O)C1C2,"['vegetal', 'fatty', 'oleaginous', 'sweet', 'phenolic', 'wood', 'fruity', 'green vegetal', 'woody', 'resinous', 'dried fruit']"
CC1OCC(c2ccccc2)O1,"['garden flower', 'bush flower']"
CC(C)C1CCC2CC(=O)CCC2C1,"['vegetal', 'fruity', 'green vegetal', 'fresh', 'citrus']"
CCOC(=O)C1=C(C)C=CCC1(C)C,"['fruity', 'bush flower', 'fruit with pip']"
C=C(OCC)C1C(C)(C)CC(=O)CC1(C)C,"['dry vegetal', 'balsamic', 'vegetal', 'sweet']"
CC1OC(C)C2Cc3ccccc3C2O1,"['garden flower', 'vegetal', 'fresh', 'fruity', 'green vegetal', 'citrus']"
COC(=O)C1C(C)=CCCC1(C)C,"['chemical', 'vegetal', 'mint', 'phenolic', 'green vegetal', 'medicinal', 'fresh']"
CC(C)C(=O)OCC1=CCC2CC1C2(C)C,"['vegetal', 'phenolic', 'wood', 'resinous', 'fresh']"
CC12CCC(C1)C(C)(C)C2(C)O,"['vegetal', 'green vegetal', 'fresh']"
OCC1CCC2C3CCC(C3)C12,"['chemical', 'vegetal', 'mint', 'phenolic', 'green vegetal', 'medicinal', 'fresh']"
C=C1CC(C)OC(c2ccccc2)C1,"['vegetal', 'garden flower', 'green vegetal', 'fresh']"
CC1CCC2C(C)(C)C3CC12CC1OC13C,"['balsamic', 'vegetal', 'sweet', 'dry vegetal', 'wood']"
CCCc1ncc(C)nc1C,"['oleaginous', 'empyreumatic', 'fruity', 'dried fruit', 'fatty']"
CC(C)(C)c1cnccn1,"['vegetal', 'fatty', 'oleaginous', 'empyreumatic', 'fruity', 'green vegetal', 'dried fruit', 'fresh']"
CSC(SC)SC,"['fermented', 'woody']"
COC(=O)CC1CCCCC1,"['honeyed', 'sweet']"
CC=CCC(=O)OCCCC,"['garden flower', 'floral']"
CCC#CCCCCC,"['vegetable', 'fresh aldehydic', 'vegetal', 'aldehydic', 'fresh', 'green vegetal', 'cucurbitacea', 'fatty']"
COc1cc(CC=O)ccc1O,"['balsamic', 'woody', 'sweet']"
OCCCCCCCc1ccccc1,"['floral', 'bush flower']"
CCOc1cc(C=O)ccc1OC(C)=O,"['balsamic', 'cooked', 'floral', 'sweet', 'empyreumatic', 'dairy', 'woody', 'cooked sugar']"
CC(CC(C)(C)C#N)c1ccccc1,"['vegetal', 'empyreumatic', 'fruity', 'green vegetal', 'citrus']"
CCOC(=O)C12CCCC1C1CCC2C1,"['balsamic', 'barrel aged alcohol', 'chemical', 'alcoholic beverages', 'woody']"
OCC1CC2CC1C1CCC(CO)C21,"['balsamic', 'vegetal', 'animal', 'wood', 'woody']"
CCOC(=O)C(C)C1CCCCC1,"['vegetal', 'green vegetal', 'fruit with pip', 'fresh']"
CC1=CC2C(C(C)C)CCC(C)(O)C2CC1,"['honeyed', 'sweet']"
CC(=O)OCC1CCC2C3CCC(C3)C12,"['vegetal', 'wood', 'balsamic', 'sweet']"
O=CC1CCC2C3CCC(C3)C12,"['vegetal', 'peponide', 'fatty', 'fruity', 'green vegetal']"
CC1=CC(=O)C23CC1C(C)(C)C2CCC3C,"['wood', 'vegetal', 'resinous']"
C#CC1(OC(C)=O)CCCCC1C(C)CC,"['balsamic', 'sweet']"
COC1(C)CCCCCCCCCCC1,"['balsamic', 'vegetal', 'animal', 'sweet', 'aromatic plant', 'green vegetal']"
CCCC1C2C=CC(C2)C1C=O,"['vegetal', 'green vegetal', 'fatty', 'fresh', 'animal']"
CC1CCC2C(C)(C)C3CC12CCC3(C)OC=O,"['balsamic', 'vegetal', 'sweet', 'wood', 'green vegetal', 'resinous']"
CCCCCC1C(=O)CCC1CC(C)=O,['bush flower']
COC(C)(C)CCCC(C)C(C)O,"['vegetal', 'aldehydic', 'wood', 'green vegetal', 'fatty']"
COCOC1CCCCCCCCCCC1,"['balsamic', 'vegetal', 'sweet', 'wood', 'resinous']"
C=CC1(OC(C)=O)CCCCC1C(C)CC,"['balsamic', 'animal', 'sweet']"
CCCCCCC1C(=O)CCC1C(=O)OC,"['vegetal', 'bush flower', 'fatty', 'green vegetal']"
COC(=O)c1ccccc1N=Cc1ccccc1,"['red berry', 'cherry']"
CC(=O)c1scnc1C,"['fruity', 'dried fruit', 'fatty', 'oleaginous', 'empyreumatic']"
CCc1sc(C)nc1C,"['cooked', 'oleaginous', 'empyreumatic', 'fruity', 'dried fruit', 'fatty']"
c1nc2c(o1)CCCCCCCCCC2,"['vegetal', 'green vegetal', 'fresh']"
CC(=O)OCCCCCCC(C)C,['garden flower']
CC(C)=CCCC(C)CC(C)O,"['fruity', 'fresh', 'citrus']"
C=CC(C)(CCC1OC1(C)C)OC(C)=O,"['fruity', 'lemony', 'citrus']"
C=C(O)C(C)CCCC(C)C,"['vegetal', 'phenolic', 'wood', 'resinous', 'fresh']"
CC1CC2C3CCC(C3)C2CC1=O,"['red berry', 'vegetal', 'phenolic', 'wood', 'resinous', 'fresh']"
O=CCOCCc1ccccc1,"['garden flower', 'bush flower', 'vegetal', 'floral', 'green vegetal', 'fresh']"
CC(=O)C1C2CCC(C2)C1(C)C,"['chemical', 'vegetal', 'mint', 'fruity', 'phenolic', 'green vegetal', 'medicinal', 'fruit with pip', 'fresh']"
CCCC(C)C=Nc1ccccc1C(=O)OC,"['vegetal', 'fruit with pip', 'citrus', 'fresh', 'green vegetal']"
C#CCO.CCC(=O)CCC1C(C)=CCCC1(C)C,"['mineral', 'balsamic', 'woody', 'metal', 'sweet']"
CCCCCCCC(COC(C)=O)OC(C)=O,['garden flower']
CC(CC=O)CCCC(C)(C)O.c1ccc2[nH]ccc2c1,"['floral', 'bush flower']"
CCC(C)C(=O)N(C)c1ccccc1,"['vegetal', 'fatty', 'fruity', 'wood', 'resinous', 'citrus']"
COC1CC2CC1C1CC(C=O)CC21,"['vegetal', 'chemical', 'fatty', 'green vegetal']"
CC1OCC2(CO1)CC1CCC2C1,"['vegetal', 'aromatic plant', 'fresh', 'green vegetal']"
CCOC(=O)OC1C(C)CCC(C)C1C,"['mineral', 'phenolic', 'bush flower', 'metal', 'animal']"
CCc1ccc(CC(C)(C)C#N)cc1,"['chemical', 'fresh']"
CCC(O)COC1CCCCC1C(C)(C)C,"['balsamic', 'animal', 'sweet']"
CC1=CCC(CCC(C)CO)C1(C)C,"['vegetal', 'oleaginous', 'fruity', 'wood', 'dried fruit', 'fatty']"
COC(=O)C1OC1(C)C1CC2C=CC1C2,"['vegetal', 'bush flower', 'peponide', 'green vegetal', 'fresh']"
CCCCCCCCCCOCC=O,"['floral', 'bush flower']"
CCCCCCCCC=Nc1ccccc1C(=O)OC,"['bush flower', 'vegetal', 'tree flower', 'honeyed', 'fruity', 'green vegetal', 'fatty']"
CC1(C)CCCC2=C1CC(C#N)CC2,"['garden flower', 'fruity', 'floral', 'citrus']"
CCOC(=O)C1C(C)=C(C)CCC1(C)C,['bush flower']
CCCCC1COC2(CCCC2)O1,"['vegetal', 'bush flower', 'green vegetal', 'floral', 'fresh']"
CC(C)OCCOC(=O)c1ccccc1O,"['red berry', 'fruity', 'woody', 'cherry']"
CCCC(C)C1OCC(C)(CCC)CO1,"['vegetal', 'floral', 'bush flower', 'fatty', 'green vegetal']"
c1ccc(CCOC2CCCCC2)cc1,"['garden flower', 'mineral', 'red berry', 'vegetal', 'metal', 'sweet', 'green vegetal', 'woody', 'fresh']"
CC1(C)C2CC=C(CC=O)C1C2,"['vegetal', 'fresh', 'phenolic', 'wood', 'resinous']"
CC(C)CCCC(C)CC#N,"['mineral', 'vegetal', 'metal', 'fresh', 'fruity', 'green vegetal', 'citrus']"
C1CCCCCC2COCC2CCCC1,"['balsamic', 'sweet']"
CC(C)CC(C)CCCC(C)O,"['earthy', 'vegetal', 'musty', 'fermented', 'green vegetal', 'woody', 'fresh']"
CC1CC(C)(C)CC(=O)O1,"['fruity', 'citrus', 'dried fruit', 'fatty', 'oleaginous']"
CCC1OCC2(CO1)CC(C)=CCC2C,"['aromatic plant', 'green vegetal', 'vegetal']"
CCCCC(=O)C1=C(C)CCCC1(C)C,"['fruity', 'lactone', 'stone fruit']"
CCCCC1OC(=O)C2=C1CCC=C2,"['aromatic plant', 'green vegetal', 'vegetal']"
CC1=CC2C3CC(CC3O)C2C1C,"['chemical', 'vegetal', 'mint', 'phenolic', 'green vegetal', 'medicinal', 'fresh']"
COc1c(C=O)c(C)cc2c1C(C)(C)CCC2(C)C,"['animal', 'floral']"
CCC12CCC(C1)C(C1(O)CCCCC1)C2,['garden flower']
CCCC(=O)OC(C)(C)C1CCC(C)C2=C(C1)C(C)CC2,"['fruity', 'floral', 'bush flower', 'stone fruit', 'sweet']"
CC(=O)C1(C)CCC23CC1C(C)(C)C2CCC3C,"['vegetal', 'green vegetal']"
CC(C)OC(=O)CC1=CCCCC1,"['honeyed', 'floral', 'bush flower']"
CC1CCC2(CCC(=O)O2)CC1,"['balsamic', 'vegetal', 'sweet', 'oleaginous', 'dry vegetal', 'fruity', 'dried fruit', 'fatty', 'fresh', 'stone fruit', 'woody']"
CC(=S)OC(C)(C)C1CCC(C)CC1=O,"['berry', 'black fruit']"
CC1(C=O)CC(C)(C)C2CCCC=C21,"['berry', 'fruity', 'black fruit']"
CC1=CCC(C(C)CC2CCCC2=O)CC1,"['balsamic', 'vegetal', 'fresh', 'stone fruit', 'oleaginous', 'sweet', 'dry vegetal', 'woody', 'dried fruit', 'fatty', 'coumarin']"
Cc1cccc(CC(C)(C)CO)c1,"['vegetal', 'garden flower', 'fruity', 'green vegetal', 'fresh']"
C=C(C)C1=CC=C(C)CC1,"['vegetal', 'chemical', 'fresh', 'mint', 'phenolic', 'wood', 'fruity', 'green vegetal', 'resinous', 'fatty', 'medicinal']"
CCOC(=O)C1C(C=C(C)C)C1(C)C,"['chemical', 'fermented', 'alcoholic beverages', 'fermented drink']"
C=CC(=O)CC=CCC,"['garden flower', 'mineral', 'floral', 'vegetal', 'metal', 'fermented', 'green vegetal', 'fresh']"
C=CCC1(O)C(C)(C)CCCCC1(C)C,"['chemical', 'vegetal', 'mint', 'phenolic', 'green vegetal', 'medicinal', 'fresh']"
COc1ccc(C(=O)OCC(=O)O)cc1,['empyreumatic']
CC(=O)C1(C)CC2(O)OC(C)(C(C)=O)OC2(C)O1,"['dairy', 'fatty', 'empyreumatic']"
CC1(C)CCCC2(C)C3CCOC3CCC12,"['balsamic', 'vegetal', 'animal', 'sweet', 'phenolic', 'wood', 'green vegetal', 'resinous', 'fresh']"
CC1=NC(C)SC(C)S1,"['cooked', 'empyreumatic']"
C=CC(O)CC=CCC,"['garden flower', 'mineral', 'floral', 'vegetal', 'metal', 'musty', 'fermented', 'green vegetal', 'woody', 'fresh']"
COC1CC2CCC1(C)C2(C)C,"['vegetal', 'chemical', 'sweet', 'mint', 'phenolic', 'wood', 'green vegetal', 'resinous', 'fresh', 'medicinal']"
CCOC(=O)CCC1(C)OCC(C)O1,"['cooked', 'cooked sugar', 'fatty', 'sweet', 'empyreumatic']"
CCC1(C)OCC(C)(C)C(C(C)C)O1,"['phenolic', 'animal']"
CC1CCC(C(C)(C)O)CC2=C1CCC2C,"['dry vegetal', 'bush flower', 'vegetal', 'floral']"
CCOC(=O)C1CCC(C(=O)OCC)CC1,"['red berry', 'chemical', 'solvent', 'fruit with pip', 'fresh']"
CC(=O)C(C)(C)c1ccccc1,"['garden flower', 'floral']"
O=COCCOc1ccccc1,"['floral', 'chemical', 'woody', 'spicy', 'phenolic', 'medicinal']"
CCC(=O)Oc1ccccc1OC,"['balsamic', 'oleaginous', 'sweet', 'woody', 'dried fruit', 'fatty']"
CCOC(=O)CCCO,"['cooked', 'cooked sugar', 'sweet', 'empyreumatic']"
CSCSCSC,['empyreumatic']
CC(C)=CCCC(C)=CC=CC(C)=CC=CC(C)=CC=CC=C(C)C=CC=C(C)C=CC=C(C)CCC=C(C)C,"['woody', 'sweet']"
CC(COC(=O)c1ccccc1)OC(=O)c1ccccc1,"['chemical', 'mineral', 'fresh', 'metal', 'amine', 'solvent']"
CC(C=O)Cc1ccc(C(C)C)cc1,"['vegetal', 'fermented', 'green vegetal']"
CCOC(=O)C=CSC,"['vegetal', 'vegetable', 'sulphur', 'alliaceous']"
CCc1nc(C)c(CC)s1,"['vegetal', 'fatty', 'oleaginous', 'fruity', 'green vegetal', 'dried fruit', 'fresh']"
CC=C(O)C(C)=O,"['dairy', 'cooked', 'cooked sugar', 'sweet', 'empyreumatic']"
Cc1nccnc1C(C)C,"['empyreumatic', 'roasted']"
CCCC(O)CC(=O)OC,['fatty']
CC1=CC2C(C(C)C)CCC(C)C2(O)CC1,"['dry vegetal', 'vegetal', 'green vegetal']"
CCOC(=O)C(O)C(C)C,"['red berry', 'vegetal', 'sweet', 'dry vegetal', 'honeyed', 'tropical fruit']"
C=CC(=O)CCCC,"['metal', 'mineral']"
CCC(C)c1cnc(C)c(C)n1,['empyreumatic']
CCOc1nccnc1CC,"['vegetable', 'vegetal']"
CCC(C)C(O)C(=O)OC,"['cooked', 'cooked sugar', 'sweet', 'empyreumatic']"
CC(=O)OC(C)C(C)=O,"['dairy', 'fruit with pip', 'fatty', 'tropical fruit']"
CCC(=O)C(C)O,"['fruity', 'dried fruit', 'fatty', 'oleaginous']"
CCC(=O)SC,"['vegetal', 'sulphur']"
Cc1ccc(CS)o1,['empyreumatic']
C=CC1(C)CCCC(C)(C)O1,"['chemical', 'vegetal', 'mint', 'phenolic', 'fruity', 'green vegetal', 'medicinal', 'citrus']"
CC1=CCC(C(C)(C)OC(=O)C(C)C)CC1,"['vegetal', 'fruity', 'lemony', 'citrus', 'fresh', 'green vegetal']"
CCCCCCCCCOC(=O)CCCCCCCC,"['bush flower', 'vegetal', 'fatty', 'green vegetal', 'citrus']"
CC12C=CC(CC1)C(C)(C)O2,"['fruity', 'citrus', 'fresh']"
CC1CCSC(C)S1,"['vegetable', 'sulphur', 'vegetal']"
CC1=C(S)CCO1,"['cooked', 'empyreumatic']"
CC(=O)c1ccc2n1CCC2,"['fresh aldehydic', 'chemical', 'vegetal', 'aldehydic', 'fatty', 'empyreumatic', 'dry vegetal', 'phenolic', 'green vegetal', 'smoked', 'fresh']"
CSc1ccoc1C,"['vegetable', 'roasted', 'cooked', 'vegetal', 'sulphur', 'empyreumatic', 'dairy', 'fermented']"
CC1=NCSC1,"['vegetal', 'vegetable', 'sulphur', 'alliaceous']"
CC(=O)C1=CSCCN1,"['pyrazic', 'oleaginous', 'empyreumatic', 'fruity', 'dried fruit', 'fatty']"
Cc1occ2c1SCC2,"['phenolic', 'smoked', 'empyreumatic']"
CCCCCC1CCOC(CCCCC)O1,"['vegetal', 'green vegetal', 'fresh']"
CCCCC1OC1C=CC=O,"['metal', 'mineral']"
C=C(C)C1C=CC(C)=CC1,['empyreumatic']
CCC(S)C(C)C=O,"['vegetable', 'vegetal', 'sulphur', 'empyreumatic']"
CC(C)(S)CC=O,"['dairy', 'fermented']"
CCCCCC(S)CC=O,"['vegetal', 'fresh', 'green vegetal', 'citrus']"
CCCC(S)CC=O,"['vegetable', 'vegetal', 'sulphur', 'green vegetal', 'citrus', 'fresh', 'alliaceous']"
CC(=O)c1cncc(C)n1,"['malt', 'pyrazic', 'empyreumatic']"
Cc1ncc(CC(C)C)nc1C,"['vegetal', 'fatty', 'oleaginous', 'fruity', 'green vegetal', 'dried fruit', 'fresh']"
CC1=C(O)C(=O)C(C)(C)C1,"['cooked', 'cooked sugar', 'empyreumatic']"
CC1=C(O)C(=O)C(C)C1C,"['roasted', 'cooked', 'empyreumatic', 'cooked sugar']"
CCCCCC(=O)CCSC,"['empyreumatic', 'cooked']"
CC1NC(C(C)C)SC(C)S1,"['malt', 'vegetable', 'roasted', 'cooked', 'vegetal', 'sulphur', 'oleaginous', 'empyreumatic', 'fruity', 'dried fruit', 'fatty', 'alliaceous']"
CCC(=O)C1=NCCC1,"['empyreumatic', 'amine']"
CCCC(=O)OC(C)C(C)=O,"['dairy', 'fermented', 'fatty']"
CC(=O)c1cc(C(C)C)ccn1,"['garden flower', 'fresh aldehydic', 'floral', 'vegetal', 'aldehydic', 'fatty', 'green vegetal', 'fresh']"
C=C(C)c1ccnc(CC)c1,"['fruity', 'dried fruit', 'fatty', 'oleaginous']"
CCC1SSSC(CC)S1,['empyreumatic']
CCCSS(=O)(=O)CCC,"['vegetal', 'vegetable', 'sulphur', 'empyreumatic']"
CCCCCC(=O)C(C)C(C)=O,"['vegetal', 'dry vegetal', 'cooked', 'cooked sugar', 'sweet', 'empyreumatic']"
CCCC(C)OC(=O)CC(C)C,"['mineral', 'fruit with pip', 'metal', 'sweet']"
CC1(C)CCCC2(O)C(C)(C)C3CCC12C3,"['vegetal', 'green vegetal', 'fresh', 'sweet']"
C=CCCCC=CCOC,"['vegetal', 'garden flower', 'floral', 'green vegetal', 'fresh']"
CCCS(=O)OC,"['vegetal', 'vegetable', 'sulphur', 'alliaceous']"
COc1cc(C=O)ccc1OC(=O)C(C)C,"['malt', 'roasted', 'balsamic', 'cooked', 'cocoa', 'empyreumatic', 'dairy', 'woody', 'cooked sugar']"
C=CCCC(=O)OC,"['vegetal', 'green vegetal', 'fresh']"
CCCCCCCOCCCCCC,"['vegetal', 'garden flower', 'floral', 'green vegetal', 'fresh']"
C=CC(CCCCC)OC(=O)CC,"['earthy', 'fermented', 'woody', 'musty']"
CCC1NC(CC)SC(CC)S1,"['vegetable', 'vegetal', 'sulphur', 'empyreumatic']"
COC(=O)CC(C)SC,['empyreumatic']
CC1CCOC(C)(C)S1,"['vegetal', 'green vegetal', 'fresh']"
CCOC(=O)CC(C)CCC=C(C)C,"['floral', 'bush flower', 'citrus']"
CC1=C(O)C(=O)CC(C)(C)C1,"['floral', 'vegetal', 'oleaginous', 'dry vegetal', 'fruity', 'dried fruit', 'fatty']"
CCOC(=O)CC(=O)OCc1ccccc1,"['floral', 'chemical', 'alcoholic beverages', 'fermented drink', 'fermented', 'fruit with pip']"
CCCCc1cscn1,"['vegetal', 'green vegetal', 'fresh']"
CCOC(=O)C1(CC)OC1(C)c1ccccc1,['red berry']
CC(C)C(=O)OC(C)c1ccccc1,"['vegetal', 'bush flower', 'fresh', 'green vegetal']"
C=C1CCC(C(C)(C)OC(=O)c2ccccc2)CC1,['sweet']
Cc1nc(CC(C)C)oc1C,['empyreumatic']
Cc1cnc(CC(C)C)s1,"['vegetal', 'fatty', 'oleaginous', 'green vegetal', 'dried fruit', 'fresh']"
COc1nccs1,"['cooked', 'cooked sugar', 'sweet', 'empyreumatic']"
O=C(O)C=Cc1ccc(O)cc1,"['woody', 'sweet']"
O=C(C=Cc1ccccc1)c1ccccc1,"['woody', 'sweet']"
Cc1ccc2c(c1)OC(=O)C2C,"['balsamic', 'vegetal', 'lactone', 'fresh', 'fatty', 'oleaginous', 'sweet', 'dry vegetal', 'fruity', 'woody', 'dried fruit', 'tropical fruit', 'coumarin']"
Cc1ccc(C(C)CC=O)o1,"['fresh aldehydic', 'vegetal', 'aldehydic', 'fresh', 'green vegetal', 'cucurbitacea']"
C=CC(C)=CCC1C(C)(O)CCC2C(C)(C)CCCC21C,['sweet']
COc1ccccc1OC(=O)C(C)C,"['dried fruit', 'fatty', 'oleaginous']"
CC=Cc1ccc(O)c(OC)c1,"['chemical', 'medicinal']"
COc1ccc(C=CC(=O)NCCc2ccc(OC)c(OC)c2)cc1OC,"['cooked', 'empyreumatic']"
CC1=CCC(CC=O)C1(C)C,"['balsamic', 'vegetal', 'sweet', 'fresh', 'green vegetal']"
S=c1nccc[nH]1,"['vegetal', 'vegetable', 'sulphur', 'alliaceous']"
CC(C)C=CC(=O)CC(C)C,"['garden flower', 'floral']"
CC(C)=CCCC(C)=CC1OCCO1,"['fruity', 'citrus']"
C=C(C)c1ccc(O)c(OC)c1,"['chemical', 'phenolic', 'medicinal']"
CCCC(CCOC(C)=O)SC(C)=O,"['mineral', 'vegetal', 'lactone', 'metal', 'stone fruit', 'sulphur', 'empyreumatic', 'green vegetal', 'fresh', 'alliaceous']"
CC(=O)OC=C(C)c1ccccc1,"['garden flower', 'honeyed']"
CC(CCCC(C)(C)O)CC1OCC(C)O1,"['vegetal', 'garden flower', 'fresh', 'green vegetal']"
COC1(C)CCC(C(C)(C)OC)CC1,"['vegetal', 'fermented', 'green vegetal', 'fresh']"
CCCC(=O)C(S)CC,"['vegetal', 'fresh', 'berry', 'fruity', 'black fruit', 'green vegetal', 'citrus']"
CC(C)CC1CC(C)(O)CCO1,['garden flower']
C=CCC(O)C=CCCCCC,"['vegetal', 'musty', 'fermented', 'green vegetal', 'woody', 'fresh']"
CC1=NC(C(C)C)SC1,"['malt', 'roasted', 'empyreumatic']"
CCCCCCCCC(C)C#N,"['bush flower', 'stone fruit']"
C=C(C)CC(C)OC(=O)C(C)C,['garden flower']
CCCCCC1CCCC1O,"['vegetal', 'dry vegetal', 'bush flower']"
C=C(C)C1CCC(C)(C(=O)C2CCCC2=O)C1=C,"['wood', 'vegetal', 'resinous']"
C=CC(C)(CC=C(C)C)C(C)O,"['floral', 'bush flower']"
CC(CO)CC(C)c1ccccc1,"['vegetal', 'fruity', 'fresh', 'citrus', 'green vegetal']"
COC(=O)c1ccccc1N=CC1CC=C(CCC=C(C)C)CC1,"['garden flower', 'floral', 'vegetal', 'green vegetal', 'citrus']"
C=CCOc1ccc(C)cc1C,"['garden flower', 'floral']"
Cc1scnc1CCOC(=O)C(C)C,"['fruity', 'dried fruit', 'fatty', 'oleaginous', 'empyreumatic']"
CC(C)C(=O)OCCCC1CCCCC1,"['vegetal', 'mineral', 'green vegetal', 'metal', 'fresh']"
CCCC(=O)OCCCC1CCCCC1,"['vegetal', 'green vegetal', 'fresh']"
CC1CCOC(c2ccccc2)C1,"['vegetal', 'bush flower', 'green vegetal']"
CC(C)C(=O)[O-].CCOc1cc(C=O)ccc1O,"['malt', 'roasted', 'balsamic', 'barrel aged alcohol', 'cocoa', 'chemical', 'cooked', 'empyreumatic', 'dairy', 'alcoholic beverages', 'woody', 'cooked sugar']"
CC(C)=CCCC(C)CC#N,"['mineral', 'vegetal', 'metal', 'green vegetal', 'citrus']"
COC(=O)c1ccccc1N=CC(C)Cc1ccc(OC)cc1,"['vegetal', 'green vegetal', 'fresh']"
COC(=O)c1ccccc1NC=C1CCC(C)=CC1C,"['vegetal', 'tree flower', 'honeyed', 'fruity', 'green vegetal']"
CCC(=O)OC1C=CC2C3CCC(C3)C12,"['vegetal', 'floral', 'bush flower', 'fresh', 'fatty', 'green vegetal']"
CC1(C)CCC=C2CC(C=O)CCC21,"['garden flower', 'vegetal', 'peponide', 'fruity', 'green vegetal']"
CCC1OC=C(CO)C1=O,"['cooked', 'cooked sugar', 'sweet', 'empyreumatic']"
C=C1CCC2C13CCC(C)C(C3)C2(C)C,"['wood', 'vegetal', 'resinous']"
CC#CC#CCc1ccccc1,['fresh']
CC1=CC(O)CC(C)C12CCC(=C(C)C)C2,"['vegetal', 'wood']"
CC(=O)OCC1CCC=C(CCC=C(C)C)C1,"['garden flower', 'vegetal', 'green vegetal', 'fruity', 'citrus']"
CC1CC2CC(C)(C)COC2CC1C,"['fruity', 'citrus']"
CCOc1ccc(C(OCC)OCC)cc1OC,"['woody', 'balsamic', 'sweet']"
CC(=O)CC1CCC2C(C1)C(C)CC2(C)C,"['dry vegetal', 'vegetal', 'green vegetal']"
COCCOc1ccc(C)cc1,"['vegetal', 'fruity', 'peponide', 'green vegetal']"
O=C1CCCCCCCCCCC(=O)OCCC1,['animal']
SCCN1CCSC1,"['fruity', 'pyrazic', 'dried fruit', 'fatty', 'oleaginous', 'empyreumatic']"
CC1(C)C2CCC1(C)C(OC(=O)Cc1ccccc1)C2,"['woody', 'sweet']"
CCC(=O)OCCCC1CCCCC1,"['vegetal', 'green vegetal']"
CC1(C)CC(=O)C2OC2(C)C1=O,"['chemical', 'vegetal', 'mint', 'phenolic', 'green vegetal', 'medicinal', 'fresh']"
COC(=O)c1ccccc1N=CC(C)Cc1ccc2c(c1)OCO2,"['chemical', 'vegetal', 'sweet', 'tree flower', 'honeyed', 'fruity', 'green vegetal']"
CC(C)CC(=O)C(=O)[O-].[Na+],"['dairy', 'fatty']"
O=C1COc2ccccc2O1,"['balsamic', 'vegetal', 'lactone', 'sweet', 'dry vegetal', 'green vegetal', 'woody', 'fresh']"
CCCCCCOCC#N,['garden flower']
CC1=CCC2(CC1)COC(C)OC2,"['vegetal', 'green vegetal', 'fresh']"
CCCCCCOC(=O)C=CC(=O)OCCCCCC,"['vegetal', 'green vegetal']"
CCCCCCCCOC(=O)C=Cc1ccccc1,"['chemical', 'woody', 'spicy', 'sweet', 'phenolic', 'medicinal']"
CC=C(C)COC(=O)C(C)=CC,"['earthy', 'vegetal', 'musty', 'fermented', 'green vegetal', 'woody', 'fresh']"
CC(C)=CCCC(C)=CCc1cc2ccc(=O)oc2cc1O,"['garden flower', 'floral']"
CCCCCCCCC=CCCCCCCCC(=O)OCCOCC(OCCO)C1OCC(OCCO)C1OCCO,"['chemical', 'solvent', 'phenolic', 'medicinal', 'fresh']"
CCCC=C(C)C(=O)O,"['dairy', 'fermented']"
O=C(O)CCCCCC=CCCCCCCCCO,"['woody', 'balsamic', 'sweet']"
CCCCC=CCCCCO,['bush flower']
CC=CCCC=O,"['vegetal', 'green vegetal', 'fresh']"
CCCCCCC=CCCC=O,"['vegetal', 'fruity', 'citrus', 'green vegetal']"
CC1=CC2C(CCC(C)=CCC1)C2(C)C,"['vegetal', 'green vegetal', 'fresh']"
CC(=O)c1nc(C)cs1,['empyreumatic']
C=CC(C)(O)CCC=C(C)CCCC=CC(=C)C,['sweet']
CCC=CCC=CCC=O,"['vegetable', 'fresh aldehydic', 'vegetal', 'aldehydic', 'fresh', 'green vegetal', 'cucurbitacea']"
CCCC=CCCCOC(C)=O,"['fruit with pip', 'amine']"
CCC=CCCCCOC(=O)CC(C)C,"['peponide', 'tropical fruit']"
CCC=CCCCCOC(C)=O,"['vegetal', 'peponide', 'fresh', 'green vegetal', 'tropical fruit']"
CCCCCCc1ccc(C=CC(OC)OC)cc1,"['vegetal', 'green vegetal']"
C=CCc1ccc(OC(=O)C=Cc2ccccc2)c(OC)c1,"['chemical', 'woody', 'spicy', 'phenolic', 'medicinal']"
CCCCC=CCCCC(=O)O,"['dairy', 'vegetal', 'green vegetal', 'fresh']"
O=C1CCCC=CCCCCCCCCCC1,"['balsamic', 'floral', 'woody', 'animal', 'sweet']"
O=C1CCCCCCC=CCCCCCCC1,"['vegetal', 'dry vegetal', 'woody', 'sweet']"
CC=C(C)CSC,['empyreumatic']
CCCCCCCCC=CCOC(C)=O,"['floral', 'bush flower']"
CCC=CCCOC,"['vegetal', 'fruit with pip', 'green vegetal']"
CC=C(C)C(C)=O,['animal']
COCC=C(C)CCC=C(C)C,['bush flower']
CC(C)=CCCC(C)=CCCC=O,"['vegetal', 'chemical', 'fruity', 'fatty', 'citrus', 'green vegetal']"
CC=CC(=O)OC1CCCCC1,"['vegetal', 'green vegetal', 'fresh']"
CCOC(C)OCC=C(C)CCC=C(C)C,"['balsamic', 'cooked', 'empyreumatic', 'dairy', 'woody', 'cooked sugar']"
C=CC=CC=CCC,"['vegetal', 'green vegetal', 'fresh']"
CCC=CCCOC(=O)C#CCCCCCC,"['vegetal', 'green vegetal', 'fresh']"
CCC=CCCOC(=O)C=CCCC,"['fresh aldehydic', 'vegetal', 'aldehydic', 'fresh', 'green vegetal', 'fruit with pip', 'fatty']"
CCC=CCCOC(=O)C#CCCCCC,"['vegetal', 'garden flower', 'floral', 'green vegetal', 'fresh']"
CCCC=CCC1CCCC1=O,"['balsamic', 'bush flower', 'vegetal', 'lactone', 'fresh', 'fatty', 'oleaginous', 'sweet', 'dry vegetal', 'fruity', 'woody', 'dried fruit', 'tropical fruit', 'coumarin']"
CC(C=O)=CCC1=C(C)CCCC1(C)C,"['garden flower', 'vegetal', 'oleaginous', 'dry vegetal', 'fruity', 'green vegetal', 'dried fruit', 'fatty']"
CC1=CCCC(C)(C)C1C=CC(=O)C(C)C,['garden flower']
CC(=O)OC=Cc1ccccc1,"['balsamic', 'barrel aged alcohol', 'chemical', 'alcoholic beverages', 'woody']"
COC(=O)OC1CCC=CCCC1,"['garden flower', 'vegetal', 'fresh', 'green vegetal', 'tropical fruit']"
C=CC(C)(C#N)Cc1ccccc1,"['vegetal', 'fresh', 'fatty', 'green vegetal']"
CCOC(=O)CC(=CC(=O)[O-])C(=O)[O-],"['chemical', 'fermented', 'floral', 'alcoholic beverages', 'fermented drink']"
CC1(C)CCCCC1(C)O,"['dry vegetal', 'vegetal', 'green vegetal']"
CCC(=O)C=CC1C(C)C=CCC1(C)C,['animal']
COC(=O)C1OC1(C)C=CC1C(C)=CCCC1(C)C,['red berry']
CC(C)=CCCC(C)=CCOC(=O)C=Cc1ccccc1,"['floral', 'bush flower', 'sweet', 'woody']"
CC1CCOC(C=Cc2ccccc2)O1,"['chemical', 'phenolic', 'medicinal', 'woody']"
CC(=O)C=CC1C(C)C=C(C)CC1C,['garden flower']
O=C1CCC=CCCCCCCCCCC1,['floral']
CCC=C(C)COC(C)=O,"['fruit with pip', 'peponide', 'tropical fruit']"
CCOC(C)C=CC1C(C)=CCCC1(C)C,"['chemical', 'fresh', 'solvent']"
CC=C(C)C(=O)OCC=C(C)C,"['floral', 'bush flower']"
CCCCC=CCOC(=O)CC(C)C,"['vegetal', 'green vegetal', 'fresh']"
CCC=CCCOC(CC)OC,"['vegetal', 'green vegetal']"
CCCC=CCOC(=O)CC1CCCC1,"['floral', 'bush flower', 'fruit with pip']"
CC(=O)C=CCC(C)CCCC(C)C,['bush flower']
CC(=Cc1ccccc1)CO,['woody']
C=CCCCC(=O)OCC,['tropical fruit']
COc1ccc(CC2CC2)cc1,['fresh']
CCCCCC1OC1C=CC=O,"['mineral', 'vegetal', 'fresh', 'metal', 'fatty', 'fruity', 'green vegetal', 'citrus']"
CC1=CC2OC(=O)C(C)C2CC1,"['balsamic', 'vegetal', 'lactone', 'fresh', 'fatty', 'oleaginous', 'dry vegetal', 'fruity', 'dried fruit', 'tropical fruit', 'coumarin']"
CC1=CCC(C(C)(C)S)CC1,"['vegetable', 'vegetal', 'sulphur', 'fruity', 'citrus']"
CC1(O)CCC2CC1C2(C)C,"['vegetal', 'chemical', 'mint', 'phenolic', 'wood', 'green vegetal', 'resinous', 'fresh', 'medicinal']"
C=C1C2CCC(=O)C23CCC(C3)C1(C)C,"['vegetal', 'green vegetal']"
CCCCCC(O)C(C)=O,"['fruity', 'dried fruit', 'fatty', 'oleaginous']"
CC1=C(O)C(=O)CC1(C)C,['empyreumatic']
CC(=O)C=Cc1c(C)ccc(C)c1C,"['vegetal', 'green vegetal', 'fresh']"
Cc1ccoc1CC1OC1(C)C,"['vegetal', 'fruity', 'green vegetal', 'citrus', 'fresh']"
CC1=CCC2(O)CC1C2(C)C,['fermented']
CC(C)=CCC=C(C)CC=O,"['vegetal', 'green vegetal', 'fresh']"
CC(=O)C(O)Cc1ccccc1,['dairy']
CC(=O)C1=CCCN1,"['fruity', 'dried fruit', 'fatty', 'oleaginous', 'empyreumatic']"
C=C(CCC=C(C)C)C1CC=C(C=O)CC1,"['vegetal', 'green vegetal', 'fresh']"
C=Cc1ncc(C)nc1C,['fermented']
CC(C)=CCCC1(C)C2CC=C(C)C1C2,"['vegetal', 'dry vegetal']"
CC(O)CC(C)(C)S,"['fruity', 'fresh', 'citrus']"
CSCC(C)=O,"['peponide', 'fruity']"
CCC(S)C(C)CO,"['vegetal', 'vegetable', 'sulphur', 'alliaceous']"
C=CC1(C)OC(C)(C)CCC1O,"['vegetal', 'fruity', 'green vegetal', 'citrus', 'fresh']"
O=C1CCCCCC=CCCCCCCCC1,['animal']
C=CC(C)=CCC(C)(C)C(=NO)C(C)C,"['bush flower', 'vegetal', 'fresh', 'green vegetal', 'berry', 'fruity', 'black fruit', 'citrus']"
CCCCCC(C=O)=Cc1ccc(C)cc1,"['vegetal', 'fruity', 'green vegetal', 'fresh']"
CC(=O)C=CC1=CCCC(C)C1(C)C,['garden flower']
C=C1CCCC(C)(C)C1CCC(C)=CCCC1C(C)(O)CCC2C(C)(C)CCCC21C,"['balsamic', 'sweet']"
C=CC(C)(O)CCC=C(C)CC,"['bush flower', 'vegetal', 'fruity', 'green vegetal', 'lemony', 'citrus']"
C=CC=C(C)CC(C)(O)C=C,['fruity']
CC(C)=CCCC(C)=CC(=O)OCCC(C)C,"['bush flower', 'vegetal', 'fresh', 'sweet', 'dry vegetal', 'honeyed', 'fruity', 'citrus']"
CC=CC=CC=CC=CCCCCCCO,"['vegetal', 'wood']"
O=CC(=Cc1ccco1)c1ccccc1,['fruity']
O=C1CCCCCCCCCCC=CCCO1,['animal']
CC(C)=CCCC(C)=CCOC(=O)C(C)=C(C)C,"['balsamic', 'floral', 'barrel aged alcohol', 'bush flower', 'chemical', 'alcoholic beverages', 'woody']"
CC1=CCCC2(C)OC2CCC(C)=CCC1,"['balsamic', 'sweet']"
CC(=O)C(C)=CCC1CC=C(C)C1(C)C,"['vegetal', 'garden flower', 'wood']"
CCOC(C)C=CC1=C(C)CCCC1(C)C,"['red berry', 'vegetal', 'lactone', 'stone fruit', 'wood', 'resinous']"
CC=C(C)C(=O)OCCC(C)CC,"['garden flower', 'vegetal', 'aromatic plant', 'green vegetal']"
COC(=O)c1ccccc1N=CC=C(C)CCC=C(C)C,"['floral', 'tree flower', 'honeyed', 'citrus']"
CCCCCCCCC(=O)OCC=C(C)CCC=C(C)C,"['garden flower', 'vegetal', 'bush flower', 'green vegetal', 'fresh']"
CCCC(=O)OCC(C)=CCCC1(C)C2CC3C(C2)C31C,"['floral', 'bush flower', 'oleaginous', 'sweet', 'dried fruit', 'fatty']"
CCC(O)C(C)=CC1(C)CC2C=CC1C2,"['vegetal', 'wood']"
CC=CC(=O)OC(C)C1CCCCC1,"['vegetal', 'fruit with pip', 'fresh', 'sweet', 'green vegetal']"
CC=CC(=O)OC1CCCC1C1CCCC1,"['garden flower', 'bush flower', 'lactone', 'stone fruit']"
CCC=CCC(OC)OC,['fruit with pip']
CC(=CCC1CC=C(C)C1(C)C)C(C)O,"['floral', 'vegetal', 'wood', 'fatty']"
CC(C=O)=CCC1C(C)=CCCC1(C)C,"['garden flower', 'floral', 'vegetal', 'oleaginous', 'dry vegetal', 'fruity', 'dried fruit', 'fatty']"
CCC(=O)C(C)=CC1C(C)CC=CC1(C)C,"['garden flower', 'fruity', 'floral']"
CCC=CCCOCC=O,"['vegetal', 'chemical', 'fatty', 'green vegetal', 'fruity', 'citrus']"
CCC=CCCCCC(OC)OC,"['vegetable', 'fresh aldehydic', 'vegetal', 'aldehydic', 'fresh', 'peponide', 'green vegetal', 'cucurbitacea', 'fatty']"
C=CCCCCCCCCC(=O)OCC=C(C)CCC=C(C)C,"['bush flower', 'vegetal', 'green vegetal']"
CC(C)=CCCC(C)CCOC(=O)C=Cc1ccccc1,"['bush flower', 'chemical', 'woody', 'spicy', 'phenolic', 'medicinal']"
CC=C1CC2CC1C1CCC(=O)OC21,"['dry vegetal', 'vegetal', 'fresh', 'green vegetal']"
CCC=CCCC=CC#N,"['vegetal', 'green vegetal', 'fresh']"
CC1=CCCC(C)(C)C1C=CC(=O)CC(C)C,"['vegetal', 'green vegetal']"
CCC(C)(O)CCC=C(C)CCC=C(C)CCC=C(C)C,"['woody', 'sweet']"
CCCC=CCC1CCCC1O,"['bush flower', 'vegetal', 'green vegetal', 'fresh']"
CC(=O)C1CCC(C)=CCCC(C)=CCC=C1C,"['balsamic', 'vegetal', 'animal', 'sweet', 'dry vegetal', 'green vegetal']"
CCCCCCC=CC#N,"['vegetal', 'garden flower', 'floral', 'fresh', 'green vegetal']"
CC(=CCC1CC=C(C)C1(C)C)CO,"['vegetal', 'dairy', 'wood', 'animal']"
O=CCCC=C1CC2CC1C1CCCC21,"['vegetal', 'garden flower', 'fatty', 'green vegetal']"
C=C(C)CCCC(C)=CCC(C)C=O,"['vegetal', 'citrus', 'fatty', 'green vegetal']"
CC(=O)C=C1CCC2C13CCC(C)C(C3)C2(C)C,"['balsamic', 'animal', 'sweet']"
CC=CC(=O)OC(C)CC(C)C,"['fruit with pip', 'stone fruit']"
CC(C)=CCCC(C)=CCCc1ccncc1,"['dairy', 'mineral', 'metal', 'fatty']"
CCC=C(C)C(O)CCCCC,"['garden flower', 'floral', 'vegetal', 'fatty', 'green vegetal', 'fresh']"
CC(=CCC(C)C=O)C(C)C,"['vegetal', 'fruity', 'chemical', 'peponide', 'green vegetal']"
CCC(=O)C(C)=CC1C(C)=CCCC1(C)C,['garden flower']
CC1(C)CC=CCCC=CCCC2OC21C,"['balsamic', 'floral', 'vegetal', 'wood', 'resinous']"
CCC=CCCOC(=O)C(C)=CCC,"['vegetal', 'mineral', 'metal', 'green vegetal']"
CCCC=CCCCCC(=O)OC(CCCC)CCCCC(=O)O,"['floral', 'bush flower', 'vegetal', 'stone fruit', 'dairy', 'green vegetal', 'fresh']"
CC(C)=CCCC(C)=CCOCC=C(C)CCC=C(C)C,"['woody', 'sweet']"
COC(=O)c1ccccc1N=CC=Cc1ccccc1,"['chemical', 'phenolic', 'medicinal', 'woody']"
CC(=O)OCC(C)=CCCC1(C)C2CC3C(C2)C31C,"['vegetal', 'wood', 'floral']"
CCCCCCC(=O)OCC=C(C)CCC=C(C)C,"['balsamic', 'barrel aged alcohol', 'chemical', 'sweet', 'alcoholic beverages', 'fermented drink', 'fermented', 'woody']"
C=CCCCCCCCC=CCC#N,"['vegetal', 'fruity', 'fatty', 'citrus', 'green vegetal']"
CCC(C=CC1=C(C)CCCC1(C)C)OC(C)=O,"['red berry', 'fruity']"
Cc1ccccc1C(O)O.OCC(O)CO,['sweet']
CC(C)C1CCC2(CCC(=O)O2)CC1,"['vegetal', 'aromatic plant', 'green vegetal']"
COc1cc(C=O)ccc1OC1OC(CO)C(O)C(O)C1O,"['woody', 'balsamic', 'sweet']"
CCOc1cc(COC)ccc1O,"['chemical', 'empyreumatic', 'phenolic', 'medicinal']"
C=CCCC(=O)C1CCCC(C)(C)C1,"['vegetal', 'fresh', 'sweet', 'green vegetal', 'woody', 'tropical fruit']"
CC1=CCC(=C(C)CCC=O)CC1,['garden flower']
CC1CCc2nccnc21,"['vegetable', 'cooked', 'vegetal', 'oleaginous', 'empyreumatic', 'fruity', 'dried fruit', 'fatty']"
C[NH+]1CCN(c2ccc(CO)cc2)CC1,"['fruity', 'sweet', 'dried fruit', 'fatty', 'oleaginous']"
CC1OC(C)C(=O)C1=O,"['cooked', 'cooked sugar', 'sweet', 'empyreumatic']"
CSCCC(N)C(=O)NCC(=O)O,"['dairy', 'fermented', 'cooked', 'empyreumatic']"
CC1=[NH+]C(C)OC1C,"['malt', 'roasted', 'cooked', 'vegetal', 'sweet', 'empyreumatic', 'oleaginous', 'fermented', 'fruity', 'cooked sugar', 'dried fruit', 'fatty']"
CC(C)(C)C1CCCCC1=O,"['garden flower', 'floral', 'chemical', 'vegetal', 'mint', 'phenolic', 'green vegetal', 'medicinal', 'fresh']"
CCCCCCC(C)=NO,"['vegetal', 'green vegetal']"
CCCC(C)(S)CCO,"['vegetable', 'vegetal', 'sulphur', 'berry', 'fruity', 'black fruit', 'citrus', 'alliaceous']"
CC(C)=CCC(C)(C)C(=O)C(C)C,"['fruity', 'lemony', 'citrus', 'fresh']"
CCCC(=O)OC(C)C(=O)OCC,"['dairy', 'fatty']"
CC(CO)C1CCCCCCCCCCC1,"['balsamic', 'animal', 'sweet']"
CCOC(=O)CC(C)S,['empyreumatic']
CC1CC=CCCCCCCCCCC(=O)C1,"['vegetal', 'aldehydic', 'fatty', 'green vegetal']"
C=C1CCCC(C)(C)C1C(=O)C=CC,"['vegetal', 'bush flower', 'chemical', 'stone fruit', 'mint', 'dry vegetal', 'phenolic', 'green vegetal', 'medicinal', 'fruit with pip', 'fresh']"
O=C1CCCCCCCCCC=CCCCO1,"['mineral', 'fruity', 'floral', 'metal']"
CC(C)=CCCC1(C)CCC(=O)O1,['fruit with pip']
CC1C(=O)c2ccccc2C1(C)C,"['vegetal', 'dry vegetal', 'animal']"
CC(C)C(C)CCC(C)(C)O,"['bush flower', 'vegetal', 'green vegetal', 'citrus', 'fatty']"
C=CC=CC#CCCCCC,"['vegetal', 'garden flower', 'green vegetal', 'fresh']"
CC1(CO)CC1CC1CC2CC2(C)C1(C)C,"['vegetal', 'fruity', 'wood']"
CCCCCC1CCC(O)O1,"['vegetal', 'green vegetal', 'peponide', 'fresh']"
CCCCC1CC(C(C)=O)C(=O)O1,['bush flower']
CCOC(=O)CC1C=CCC1,"['fruit with pip', 'stone fruit', 'tropical fruit']"
CSCC=O,"['vegetal', 'sulphur', 'oleaginous', 'fruity', 'dried fruit', 'fatty', 'alliaceous']"
C=C(C)CCCC(C)C1(O)CC=C(C)CC1,['garden flower']
CC(C)CC(=O)C(C)O,"['malt', 'roasted', 'cocoa', 'empyreumatic']"
C=CCC(O)C=CCCC,"['vegetal', 'musty', 'fermented', 'green vegetal', 'woody', 'fresh']"
CC1OCCCCCCCCCCCOC1=O,"['balsamic', 'woody']"
CC1OCCCCCCCCCCCCOC1=O,['balsamic']
C=CCC=CCCC(=O)OC,"['vegetal', 'green vegetal', 'fruit with pip', 'fresh']"
CC=CC(=O)C(C)=C(C)C(C)(C)C,"['floral', 'bush flower', 'vegetal', 'aromatic plant', 'green vegetal', 'fruit with pip']"
CC(=O)OC1CCCC(C(C)(C)C)C1,"['garden flower', 'chemical', 'vegetal', 'mint', 'phenolic', 'green vegetal', 'medicinal']"
CC=CC(=O)C(C)=C(C)C(C)C,"['balsamic', 'barrel aged alcohol', 'bush flower', 'chemical', 'cooked', 'stone fruit', 'alcoholic beverages', 'sweet', 'empyreumatic', 'woody', 'fruit with pip', 'cooked sugar']"
CCCCCC(=O)OC(C)CO,"['vegetal', 'chemical', 'green vegetal', 'fresh', 'solvent']"
CCCCCC1OC(C)C(C)O1,"['vegetal', 'green vegetal', 'fresh']"
C=C1CCCC(C)(C)C1C(=O)OC,"['floral', 'bush flower']"
CCCCCC1CCOC(C)O1,"['vegetal', 'chemical', 'fermented', 'green vegetal', 'fresh', 'solvent']"
CC=CC(=O)C(C)=C(CC)C(C)C,"['red berry', 'bush flower', 'floral']"
C=CCc1ccc2c(c1)OCC(=O)CO2,"['vegetal', 'chemical', 'green vegetal']"
CCOC1CCCCCCCCCCC1,"['vegetal', 'fatty', 'green vegetal']"
CCC=CCCC=CC(=O)NCC,"['cooked', 'empyreumatic']"
C=CC(=C)CCC1C(=C)CCC2C(C)(C)CCCC12C,"['vegetal', 'balsamic', 'green vegetal', 'fresh', 'sweet']"
CCCCCCC=CCCCCC(C)=O,"['garden flower', 'floral', 'bush flower']"
Cc1ccc2c(c1)CC(C)(CO)C2,['garden flower']
CCCCCN1C(=O)OCC1C,"['bush flower', 'vegetal', 'floral', 'aromatic plant', 'green vegetal']"
CC1CC(=O)C(C)(O)C12CCCCCC2,"['chemical', 'vegetal', 'mint', 'phenolic', 'green vegetal', 'medicinal', 'fresh']"
CCC=CCCC=CC(=O)NC1CC1,"['cooked', 'empyreumatic']"
C=C(CCCCCCC)C(C)O,"['fruity', 'citrus']"
COc1cc(C2OCC(COC3CC(C)CCC3C(C)C)O2)ccc1O,"['woody', 'balsamic', 'sweet']"
CCCC1(C(C)(C)C)C=CC(C)O1,"['vegetal', 'green vegetal', 'berry', 'black fruit', 'fresh']"
CCCC1(C(C)(C)C)CCC(C)O1,"['vegetal', 'green vegetal', 'berry', 'phenolic', 'wood', 'black fruit', 'woody', 'resinous', 'fresh']"
CC(C)=CCCC(C)=CCNC(=O)C1CC1,['empyreumatic']
CCOC(=O)C1C(C)CCCC1(C)C,"['balsamic', 'bush flower', 'woody', 'sweet']"
CC1CC(C)(C)CC2(C1)C(C)CC(=O)C2(C)O,"['dry vegetal', 'balsamic', 'vegetal', 'sweet']"
CC1=CCC2(O1)C(C)=CC(=O)CC2(C)C,"['chemical', 'vegetal', 'mint', 'phenolic', 'green vegetal', 'medicinal', 'fresh']"
CC(C)(C=O)COCc1ccccc1,"['vegetal', 'chemical', 'fresh', 'fatty', 'green vegetal']"
CC(=O)C(O)CC(C)C,"['malt', 'roasted', 'cocoa', 'empyreumatic']"
CC1CC=CCCCCCCCCC(=O)C1,"['balsamic', 'floral', 'fresh', 'sweet']"
OC1CCC2CCCCC2C1,"['garden flower', 'bush flower']"
O=C1Oc2ccccc2C2CC12,"['balsamic', 'vegetal', 'lactone', 'fatty', 'sweet', 'oleaginous', 'dry vegetal', 'fruity', 'green vegetal', 'woody', 'dried fruit', 'fresh']"
CCCCCCCCCC(C)CC#N,"['vegetal', 'fresh', 'fatty', 'fruity', 'green vegetal', 'citrus']"
CC(OC(C)(C)COC(=O)C1CC1)C1CCCC(C)(C)C1,['animal']
COC(=O)C1C(C)C=CCC1(C)C,['bush flower']
C=CC1(C)CCC(=C(C)C)CC1C(=C)C,"['vegetal', 'green vegetal', 'fatty', 'fresh']"
CC12CC(CC1=O)C(C)(C)C2,"['chemical', 'vegetal', 'mint', 'phenolic', 'green vegetal', 'medicinal', 'fresh']"
COC(=O)n1ccc2ccccc21,"['garden flower', 'floral', 'sweet', 'tree flower', 'fruity', 'honeyed', 'fruit with pip', 'citrus']"
CC1CC(C)SS1,"['vegetal', 'vegetable', 'sulphur', 'alliaceous']"
O=C1C=CCCCCCCCCCCCCO1,['animal']
CCC(C)CC=O,"['vegetal', 'green vegetal']"
CC1=C(C)C(C)CCC1,"['fruity', 'fresh', 'citrus']"
OC1C(C2CCCC2)CCC1C1CCCC1,['animal']
CCCCCCCC1CC1C(=O)O,"['fruity', 'citrus']"
CCOC(=O)C(=O)C(C)CC,"['fruity', 'dried fruit', 'fatty', 'oleaginous']"
CC(=O)c1ccc(C)[nH]1,['empyreumatic']
CCOC(=O)CCC(O)C(=O)OCC,"['cooked', 'cooked sugar', 'sweet', 'empyreumatic']"
CC(C)CC(=O)CO,"['chemical', 'fresh', 'solvent']"
OCCCCC1=CCCC1,"['bush flower', 'vegetal', 'fatty', 'green vegetal', 'fresh']"
CCOC(=O)C(C)(C)S,"['empyreumatic', 'cooked']"
CCCC(=O)OCC(O)c1ccccc1,"['garden flower', 'floral']"
CCOC(=O)OC1=C(C)OC(C)C1=O,"['cooked', 'cooked sugar', 'sweet', 'empyreumatic']"
CC1CCC2C(C1)OC(=O)C2C,"['balsamic', 'vegetal', 'sweet', 'dry vegetal', 'woody', 'fresh']"
CC(C)(O)CCC1CCCCC1,['bush flower']
CCC=CC(=O)C(OC)OC,"['chemical', 'vegetal', 'mint', 'phenolic', 'green vegetal', 'medicinal', 'fresh']"
CCCCC1(O)C(C)=CC(=O)CC1(C)C,"['vegetal', 'green vegetal', 'fresh']"
CC12CCC(C3(CCCC3)C1=O)C2(C)C,"['vegetal', 'green vegetal']"
CC(=O)c1sc(C)cc1O,['empyreumatic']
CC1(C)CCCC2C(=O)C3CCC21C3,"['garden flower', 'chemical', 'fruity', 'floral']"
CCC=CCCOCCC#N,"['garden flower', 'vegetable', 'fresh aldehydic', 'vegetal', 'aldehydic', 'fresh', 'green vegetal', 'cucurbitacea']"
CC(O)C(C)C(C)C(C)C(C)(C)C,"['balsamic', 'vegetal', 'aldehydic', 'sweet', 'green vegetal']"
C=CCC(CC)C(=O)CC,['amine']
CCC=CCCCCOC(=O)CC,"['vegetable', 'fresh aldehydic', 'vegetal', 'aldehydic', 'fresh', 'peponide', 'fatty', 'fruity', 'green vegetal', 'cucurbitacea', 'fruit with pip']"
CC(C)C1=CC2=CCC3C(C)(C(=O)OC(=O)C4(C)CCCC5(C)C6CCC(C(C)C)=CC6=CCC45)CCCC3(C)C2CC1,['sweet']
C=CCCC(=O)C1=CC2(CCCC2)CCC1,"['vegetal', 'green vegetal', 'tropical fruit', 'fresh']"
CCSC(=O)CNC(C)=O,"['cooked', 'empyreumatic']"
CCCC(=O)C(CC)OC,['fruit with pip']
CCCCCC1C(=O)CCC1C(=O)OC,"['vegetal', 'garden flower', 'bush flower', 'fresh', 'green vegetal']"
CC(=O)C1CCC=N1,"['empyreumatic', 'pyrazic']"
CC(C)Oc1cc(C=O)ccc1O,"['woody', 'balsamic', 'sweet']"
C=CCCC(=O)C(=C)C1CCCCC1,"['mineral', 'vegetal', 'metal', 'fresh', 'green vegetal']"
CC1=CCC(C=CC(C)(C)C(C)O)C1(C)C,"['vegetal', 'fruity', 'wood']"
C=C(CC(C)CO)C1CC=C(C)C1(C)C,"['vegetal', 'wood']"
CCC(=O)OCC(C)(C)OC(C)C1CCCC(C)(C)C1,"['fruit with pip', 'animal']"
CCCOC(=O)C(C)OC(C)(C)CC,"['fruity', 'bush flower', 'lemony', 'citrus', 'fresh']"
CCC(C)C1(C)COC(C2CCC(C)=CC2C)OC1,"['balsamic', 'sweet']"
CC(C)=CCC1(C)CCC(C)=C(C)C1=O,"['vegetal', 'fatty', 'green vegetal']"
CC1=CCCC(C)(Cc2ccccc2)C1=O,"['bush flower', 'floral', 'fruit with pip']"
CC(C)=CCC1(C)CC(C)C=C(C)C1=O,"['vegetal', 'fruity', 'fatty', 'citrus', 'green vegetal']"
CC1=CC(C)C(C)C(C=O)C1.CC1=CC(C)C(C=O)C(C)C1,"['vegetal', 'fresh', 'fatty', 'green vegetal']"
CC(=O)c1oc(C)c2ccccc12,"['tree flower', 'honeyed', 'fruity', 'sweet']"
C=CC(C)CCOC(=O)C(C)=CC,"['vegetal', 'green vegetal', 'fresh']"
CC(=O)OC1CCC(C)CC1C(C)(C)C,['bush flower']
CC1=C2C(CC1)C(C)CCC1C2C1(C)C,['sweet']
C=C(C)C1C=C2C(C)CCC2C(C)CC1,['fermented']
C[S+](C)CCC(N)C(=O)O.[Cl-],"['vegetable', 'vegetal', 'fresh', 'green vegetal']"
CCCCCCC(CCOC(C)=O)OC(C)=O.CCCCCCC(O)CCO,"['bush flower', 'fatty']"
CCc1nc(C)cnc1C.CCc1ncc(C)nc1C,"['malt', 'cocoa', 'empyreumatic', 'oleaginous', 'fermented', 'fruity', 'dried fruit', 'fatty']"
CCc1cnc(C)cn1.CCc1cncc(C)n1,"['malt', 'oleaginous', 'empyreumatic', 'fruity', 'dried fruit', 'fatty']"
CC1C2CCC(C3(O)CCCCC3)(C2)C1(C)C,"['vegetal', 'wood']"
CC(=O)C1(C)CCC2=C(C1C)C(C)(C)CCC2,"['balsamic', 'sweet']"
Cc1cc(CC(C)C)ccc1CCC=O,"['garden flower', 'vegetal', 'fatty', 'green vegetal', 'fresh']"
CCCCc1cnco1,"['cooked', 'empyreumatic']"
CCC(S)SC(S)CC,"['vegetable', 'vegetal', 'sulphur']"
CC(CCC#N)C1CCCC1,"['vegetal', 'green vegetal', 'fresh']"
CCC1OCCC(C)(C)S1,"['vegetable', 'vegetal', 'sulphur', 'berry', 'fruity', 'black fruit', 'alliaceous']"
CCC1CCC2(CCC(=O)O2)CC1,"['chemical', 'woody', 'stone fruit', 'dairy', 'fruity', 'phenolic', 'medicinal']"
CCC(C)C(=O)OC(C)CO,"['chemical', 'fresh', 'solvent']"
CC(CO)COC1CC2CCC1(C)C2(C)C,"['balsamic', 'floral', 'sweet']"
CCOC1CCC(C(C)(C)CC)CC1,"['vegetal', 'chemical', 'green vegetal']"
CC(C)=CCCC(C)=CC(OCCCCCCCCCCC(C)C)OCCCCCCCCCCC(C)C,"['vegetal', 'green vegetal', 'citrus']"
CC(=O)c1ncco1,"['fruity', 'pyrazic', 'dried fruit', 'fatty', 'oleaginous', 'empyreumatic']"
CCC1CC2CC1CC2OC,"['vegetal', 'fruity', 'green vegetal', 'citrus', 'fresh']"
CC(=O)C(S)C(C)C,"['fruity', 'black fruit']"
C=C1C2CC3CC1C(OC(C)=O)C(C2)C3C,"['balsamic', 'vegetal', 'sweet', 'green vegetal']"
CCC(C)Cn1cccc1,"['vegetal', 'green vegetal', 'fresh']"
CC(C)CCC(C)C(C)O,"['vegetal', 'bush flower', 'green vegetal', 'fresh']"
CCCC(=O)OC1=C(C)OC(C)C1=O,"['vegetal', 'chemical', 'fresh', 'solvent', 'green vegetal']"
CSCc1ccsc1,['empyreumatic']
CC1=CC2(C=CC(C)O2)C(C(C)C)CC1,"['berry', 'black fruit']"
CC1=CCC(C)C(C)(C)C12C=CC(C)O2,"['berry', 'black fruit']"
CC1CC=CCC12COC(C)(C)OC2,"['chemical', 'vegetal', 'mint', 'phenolic', 'green vegetal', 'medicinal', 'fresh']"
CC1OCC2(CC=CCC2C)CO1,"['vegetal', 'floral', 'green vegetal', 'bush flower', 'fresh']"
Cc1occc1SSC1CCCCC1,"['empyreumatic', 'cooked']"
CCC#CC(=O)C(OC)OC,"['chemical', 'vegetal', 'mint', 'phenolic', 'green vegetal', 'medicinal', 'fresh']"
CCCCC(C)(CC)C(=O)OCC,"['garden flower', 'floral', 'fruit with pip']"
CC(=O)CC1C2CCC(C2)C1(C)C,"['vegetal', 'phenolic', 'wood', 'resinous', 'fresh']"
CC1=CC(S)CS1,"['cooked', 'empyreumatic']"
CCCCCC(O)C(S)CCCC,"['fruity', 'fatty', 'citrus']"
CCCCCC(=O)C(S)CCCC,"['fruity', 'vegetal', 'citrus', 'green vegetal']"
C=CC=CCCC(O)C(C)(C)C,"['bush flower', 'floral', 'musty', 'fermented', 'woody']"
CCCCCC1OCCC(CCC)S1,"['vegetable', 'vegetal', 'sulphur']"
CCCCC(O)C(S)CCC,"['vegetal', 'fruity', 'green vegetal', 'citrus', 'fresh']"
CCCCC(=O)C(S)CCC,"['vegetal', 'green vegetal', 'fresh', 'citrus']"
CC(C)CC(=O)C(S)C(C)C,"['vegetal', 'fresh', 'fruity', 'green vegetal', 'fruit with pip', 'citrus']"
CC(CC=O)C1CCC(C)(O)CC1,['garden flower']
CCC(=O)c1nc(C)cs1,"['vegetal', 'green vegetal', 'fresh']"
C=CCC(O)C1CC=C(C)CC1,"['vegetal', 'green vegetal', 'fresh']"
CC(C)C1OC2(C)CCC1C(C)C2,"['vegetal', 'green vegetal', 'fresh']"
C=CCC(O)C1CC=C(C)CC1C,"['vegetal', 'green vegetal', 'fresh']"
CCCC=C(C#N)c1ccccc1,"['vegetal', 'mineral', 'metal', 'fresh', 'green vegetal']"
CC(=O)C(C)=C(C)C(C)C(C)(C)C,"['garden flower', 'vegetal', 'sweet', 'phenolic', 'wood', 'resinous', 'fresh']"
CC=Cc1ccc(OC(C)OCC)c(OC)c1,['fruity']
CCCCCCC1OC1C=CC=O,"['metal', 'mineral']"
CCCC1OC1C=CC=O,"['metal', 'mineral']"
CCCCCSS,"['vegetal', 'vegetable', 'sulphur', 'alliaceous']"
C=CCC(C)(O)C1C2CCC(C2)C1(C)C,"['vegetal', 'sweet', 'fruity', 'wood', 'resinous']"
Cc1ncc2c(n1)COC2,"['empyreumatic', 'pyrazic']"
Cc1ncc2c(n1)C(C)OC2,"['empyreumatic', 'pyrazic']"
C=C(C(C)C(C)O)C(C)C(C)(C)C,"['balsamic', 'vegetal', 'sweet', 'green vegetal']"
CCC(=CCC1CC=C(C)C1(C)C)CO,"['vegetal', 'wood', 'fatty']"
CCCCC(CC)CCC=O,"['dairy', 'citrus']"
CCC(=O)OCC(=O)OC(C)C1CCCC(C)(C)C1,['animal']
C=C(C)CSC(C(=O)CC(C)C)C(C)C,"['bush flower', 'vegetal', 'aromatic plant', 'green vegetal', 'citrus']"
CCCC(=O)C(CC)SC,"['vegetal', 'green vegetal', 'fresh']"
CCCC(=O)C(CC)SC(C(=O)CC(C)C)C(C)C,"['fruity', 'citrus']"
C=CCSC(C(=O)CC(C)C)C(C)C,"['vegetal', 'fruity', 'fresh', 'citrus', 'green vegetal']"
CCC1=CCCC(C)(C)C12C=CC(C)O2,['black fruit']
COCCOC(C)OCc1ccccc1,"['vegetal', 'green vegetal', 'fresh']"
COCC(C)Cc1ccccc1,"['vegetal', 'bush flower', 'green vegetal', 'fresh']"
CC(C)CC1CCCC(C)(O)C1,"['garden flower', 'fruity', 'citrus']"
COc1scnc1CC(C)C,"['vegetal', 'sulphur', 'aromatic plant', 'green vegetal', 'fresh', 'alliaceous']"
C=C(CCO)CCCC(C)C,"['floral', 'bush flower']"
CC(C)C1CC(c2ccccc2)C=CO1,"['balsamic', 'vegetal', 'lactone', 'dry vegetal', 'woody', 'fresh']"
CCSC(C)CCO,"['fruity', 'dried fruit', 'fatty', 'oleaginous', 'empyreumatic']"
CC1C=CC2(O1)C(C)(C)CCCC2(C)O,['sweet']
CC1C=Cc2nccnc21,['empyreumatic']
CC1=CC(C)(C)C=C(C)C1=O,"['dry vegetal', 'vegetal', 'fresh', 'green vegetal']"
O=C([O-])C(=O)Cc1ccccc1.[Na+],"['honeyed', 'sweet']"
COc1cc(C=CC(=O)[O-])ccc1O.[Na+],"['chemical', 'medicinal']"
CCC(C)(CCCC(C)C=O)OC,"['vegetal', 'chemical', 'fresh', 'citrus', 'green vegetal']"
CCCCCCCCCCCCCCCCCC(=O)OCCOCC(OCCOC)C1OCC(OCCOC)C1OCCOC,"['chemical', 'solvent', 'phenolic', 'medicinal', 'fresh']"
C=C1C2CCC(C2)C1(C)CCC=C(C)COC(C)=O.CC(=O)OCC(C)=CCCC1(C)C2CC3C(C2)C31C,"['garden flower', 'vegetal', 'fresh', 'oleaginous', 'fruity', 'green vegetal', 'dried fruit', 'fatty']"
O=C(O)C(O)C(O)C(O)C(O)CO.O=C(O)C(O)C(O)C(O)C(O)CO.[Fe],"['cooked', 'cooked sugar', 'sweet', 'empyreumatic']"
CCC(=O)OCCc1scnc1C,"['fruity', 'dried fruit', 'fatty', 'oleaginous', 'empyreumatic']"
C=C1C2CC(C1OC(C)=O)C1CC=C(C)C21,"['vegetal', 'green vegetal']"
CCC=CCCOC(=O)C1CC1,"['vegetal', 'green vegetal']"
CC1=CC2C(C(C)C)CC1CC2C1OCCO1,"['dairy', 'vegetal', 'green vegetal', 'fresh']"
CCCC(=O)OC1C=CC2C3CCC(C3)C12,"['vegetal', 'lactone', 'stone fruit', 'sweet', 'green vegetal', 'fresh']"
CC(C)=CCCC(C)C1OCC(C)O1,"['vegetal', 'fruity', 'green vegetal', 'citrus', 'fresh']"
CC1CCC2C(C2(C)C)C12COC(C)(C)OC2,"['balsamic', 'vegetal', 'fatty', 'sweet', 'green vegetal', 'fresh']"
CCCCCCCCCC(=O)OCCc1scnc1C,"['fruity', 'dried fruit', 'fatty', 'oleaginous', 'empyreumatic']"
CC(C)=CCCC(C)=CCCC(C)CC=O,"['dairy', 'garden flower', 'vegetal', 'fresh', 'green vegetal']"
CC(=O)C1=CCC2C=CCC2C1,"['vegetal', 'green vegetal', 'peponide', 'fresh']"
CCC(C)CN1CCCC1,"['mineral', 'metal', 'fatty', 'empyreumatic']"
CCC1OCCC(C)S1,"['vegetal', 'lactone', 'stone fruit', 'green vegetal', 'fresh']"
CCCCC1OCCC(C)S1,"['vegetal', 'fatty', 'green vegetal', 'citrus', 'fresh']"
CSC(=O)CCC(C)C,"['vegetal', 'fruity']"
CCCCCCCC(=O)OCCc1scnc1C,"['fruity', 'dried fruit', 'fatty', 'oleaginous', 'empyreumatic']"
CCCC=CCCCCC(=O)O,['fatty']
CCCCCCCCCC(=O)OOCC,"['fruity', 'lactone', 'stone fruit']"
C=C(C)OC(=O)C=CC=CC,['tropical fruit']
CC1CC2C(CC1=CCC#N)C2(C)C,"['garden flower', 'bush flower', 'vegetal', 'wood']"
CC(=O)C1=C(C)OC(C)C1=O,"['red berry', 'cooked', 'cooked sugar', 'sweet', 'empyreumatic']"
C=C(C)CCOC(=O)C(C)(C)C,"['garden flower', 'bush flower']"
C=CCc1ccc(OCCC(C)C)c(OC)c1,"['balsamic', 'sweet', 'honeyed', 'woody']"
CCCCCCCCCOC(=O)CCCCCC,"['balsamic', 'bush flower', 'barrel aged alcohol', 'chemical', 'alcoholic beverages', 'sweet', 'fruity', 'woody', 'citrus']"
CCCCCC(C#N)=C1CCC(C)CC1,"['floral', 'bush flower']"
C=CCC(C=CCCC)OC(C)=O,"['vegetal', 'musty', 'fermented', 'green vegetal', 'woody', 'fresh']"
O=C1C=CCCCCCCCCCCCCC1,"['floral', 'woody', 'animal', 'sweet']"
CC=C1CC2CC(OC(C)C)C1C2,"['fruity', 'citrus']"
CCC=C(C)C(O)CCCC,"['vegetal', 'green vegetal', 'fresh']"
CCOC(=O)CCCSC(C)=O,"['cooked', 'empyreumatic']"
CCC=CCC=CCCC=O,"['vegetal', 'fruity', 'fatty', 'citrus', 'green vegetal']"
O=CCC1CC2CC1C1CCCC21,"['vegetal', 'garden flower', 'fresh', 'green vegetal']"
CSC(C)CC(=O)OCC(C)C,['red berry']
CC=CCSC(C(=O)CC(C)C)C(C)C,"['fruity', 'citrus']"
CCCC(C)=CCOC(C)=O,"['vegetal', 'green vegetal', 'fresh']"
CCCCCCCCCCCCCCCC(=O)OCC(O)C1OC(=O)C(O)=C1O,"['fruity', 'citrus']"
CCCc1nc(CC)sc1CC,"['vegetal', 'green vegetal', 'fresh']"
CC(=O)C1CC=CCCCC1,"['vegetal', 'fatty', 'green vegetal']"
COc1ccc(C(=O)OCC(=O)[O-])cc1.[Na+],['empyreumatic']
CC1=CCC2(C)CCC1C2,"['vegetal', 'green vegetal', 'fresh']"
CCC(C)C(=O)OCC(C)OC(=O)C(C)CC,"['dairy', 'fatty']"
c1coc(COCc2cccs2)c1,"['vegetal', 'green vegetal', 'fresh']"
CCCC(C)OC(=O)C(C)CCC,['fruit with pip']
CCCc1ccn(-c2ccccc2)n1,['empyreumatic']
CCCCC(CC=O)SC,"['vegetal', 'green vegetal', 'fresh', 'empyreumatic']"
COc1cc(C2OC(C)C(C)O2)ccc1O,"['roasted', 'cooked', 'cocoa', 'floral', 'sweet', 'empyreumatic', 'woody', 'cooked sugar']"
CC(=S)OC1CCOC1C,"['cooked', 'empyreumatic']"
CC(C)=CCCC(C)CCOC(=O)C(C)O,['garden flower']
CC(C)(C)c1cccc(CCC=O)c1,"['vegetal', 'fatty', 'green vegetal']"
CCCC1CC(C)(OC(C)=O)CCO1,"['vegetal', 'dry vegetal']"
CCC(CC)C(=O)N(C)c1cccc(C)c1,"['fruity', 'citrus']"
COc1cccc(CNC(=O)C(=O)NCCc2ccccn2)c1OC,['dairy']
COCC(CC(C)C)NC(=O)c1ccc(C)c(C)c1,['dairy']
CC(=O)c1cnc(C)o1,"['fruity', 'dried fruit', 'fatty', 'oleaginous']"
CCOC(=O)CC(=O)OC(C)C1CCCC(C)(C)C1,"['dairy', 'floral', 'fruit with pip', 'animal']"
CCc1ccc(CC=COC)cc1,"['vegetal', 'garden flower', 'floral', 'fresh', 'green vegetal']"
CC1CCOC(C2CCCCC2)S1,"['vegetable', 'vegetal', 'sulphur', 'fruity', 'citrus', 'alliaceous']"
C=C(C)COCCC=CCC,"['earthy', 'vegetable', 'vegetal', 'root', 'sulphur', 'fruity', 'cruciferous', 'green vegetal', 'fruit with pip']"
CC1CCC2C(C)(C)C3CC12CC1OC(C)(C)OC13C,"['balsamic', 'sweet']"
C=CCC1(C)C(=O)CC2(C)CCC1C2,"['fermented', 'balsamic', 'woody', 'sweet']"
CCCc1ccc(CC=COC)cc1,"['vegetal', 'garden flower', 'floral', 'fresh', 'green vegetal']"
COC=CCc1ccc(CC(C)C)cc1,"['vegetal', 'garden flower', 'floral', 'fresh', 'green vegetal']"
COC=CCc1ccc(C)cc1,"['vegetal', 'garden flower', 'floral', 'fresh', 'green vegetal']"
O=C1CCCCCC=CC=CCCCCCC1,"['animal', 'floral']"
CCC=CCC(C)OC(=O)c1ccccc1O,"['vegetal', 'garden flower', 'fresh', 'green vegetal']"
CC1(C)C2CCC3(C2)C1c1ncncc1CC3(C)C,"['balsamic', 'animal', 'sweet']"
CC1C(C)(C)C2=C(c3ncncc3CC2)C1(C)C,"['balsamic', 'woody', 'animal', 'sweet']"
CCCCCCCC(C)=NO,"['vegetable', 'fresh aldehydic', 'vegetal', 'aldehydic', 'green vegetal', 'cucurbitacea', 'fatty']"
C=CC(=C)CCCC(C)(C)OC,"['phenolic', 'wood', 'vegetal', 'woody', 'resinous', 'fresh']"
CCCC1CC=C(C=O)C(CCC)S1,"['vegetal', 'fruity', 'green vegetal', 'fresh']"
C=C(C)C1C=CC2=CC(=O)CC(C)C2(C)C1,['citrus']
C=C(C)C(CC(=O)O)CC(=O)O,['empyreumatic']
C=C(C)C1CCC2CC(=O)CC(C)C2(C)C1,"['fruity', 'citrus']"
Cc1scnc1CCOC=O,"['fruity', 'dried fruit', 'fatty', 'oleaginous']"
CCCC=CC1OCC(O)CO1,"['vegetal', 'green vegetal']"
Cc1occc1SC(C)CC=O,"['cooked', 'empyreumatic']"
CC(C)C1CCC2CC(=O)CC(C)C2(C)C1,"['vegetal', 'green vegetal']"
C=C1C2CCC(C2)C1(C)CCC=C(C)COC(=O)Cc1ccccc1,"['vegetal', 'honeyed', 'wood', 'sweet']"
CC1CCC=CCCCCCCCCCC(=O)C1,"['dairy', 'floral', 'animal']"
COC1C=C2C(C)(C)C3CCC2(C3)C(C)(C)C1,"['balsamic', 'floral', 'vegetal', 'sweet', 'dry vegetal', 'green vegetal']"
CCC(C)C(=O)CC(C)S,"['fruity', 'fruit with pip', 'sulphur', 'citrus']"
CCCC(CCOC)SC(=O)OCC,"['malt', 'earthy', 'roasted', 'cocoa', 'musty', 'sweet', 'empyreumatic', 'berry', 'fermented', 'fruity', 'black fruit', 'woody']"
CCOC1OC(CO)C(O)C(O)C1O.COc1cc(C=O)ccc1O,"['woody', 'balsamic', 'sweet']"
CCC(C)CCC=O,"['vegetal', 'green vegetal']"
CCCCCCCCCCC=CCOC(C)=O,['fruit with pip']
CC(C)C1CC=C(CCC=O)CC1,"['garden flower', 'vegetal', 'fatty', 'green vegetal', 'fresh']"
CC=CSSC(C)CC,"['vegetal', 'vegetable', 'sulphur', 'alliaceous']"
CC(=O)C=Cc1cc(C)cc(C)c1C,"['vegetal', 'green vegetal', 'fresh']"
CCCCCCC=CCCCCCCCC(=O)OCC=C(C)CCC=C(C)CCC=C(C)C,"['bush flower', 'vegetal', 'green vegetal', 'fruity', 'citrus', 'fresh']"
CCCCCC=CCCC(OCC)OCC,"['fruity', 'citrus']"
CC(=O)OCCC1(C)CCC(C(C)C)S1,"['red berry', 'fruity']"
CC(=O)SC1CC(C)OC1C,"['vegetable', 'cooked', 'vegetal', 'sulphur', 'empyreumatic', 'alliaceous']"
CCCCCC#CC(=O)OCc1ccccc1,"['garden flower', 'floral', 'vegetal', 'peponide', 'fruity', 'green vegetal', 'fresh']"
C=C(C=CO)CCC=C(C)CCC=C(C)C,['fatty']
CCC(C)C1=NC(C)C(CC)S1,"['oleaginous', 'empyreumatic', 'fruity', 'dried fruit', 'fatty']"
CCC1SC(CC(C)C)=NC1C,"['oleaginous', 'empyreumatic', 'fruity', 'dried fruit', 'fatty']"
CCC1SC(C)=NC(C)S1,"['vegetable', 'sulphur', 'vegetal']"
